coverage,risk,uncertainty_threshold
0.00026504108136761196,0.0,0.18079630867075563
0.0005300821627352239,0.0,0.18151153671758177
0.0007951232441028359,0.0,0.18163104840729496
0.0010601643254704478,0.0,0.1816337316454355
0.0013252054068380599,0.0,0.1816549251410115
0.0015902464882056719,0.0,0.1818671366714258
0.0018552875695732839,0.0,0.18197796791014959
0.0021203286509408957,0.0,0.18217857450057726
0.0023853697323085077,0.0,0.1821871483275614
0.0026504108136761197,0.0,0.18223962451593037
0.0029154518950437317,0.0,0.18232653618394662
0.0031804929764113437,0.0,0.1823814425088245
0.0034455340577789558,0.0,0.18241017187975667
0.0037105751391465678,0.0,0.18243364710402105
0.003975616220514179,0.0,0.18248725978748656
0.004240657301881791,0.0,0.18266934084640887
0.004505698383249403,0.0,0.18268015642328314
0.004770739464617015,0.0,0.18275305590064447
0.005035780545984627,0.0,0.18285863226967577
0.005300821627352239,0.0,0.18287326019354808
0.0055658627087198514,0.0,0.18292600459337063
0.0058309037900874635,0.0,0.18293023062548497
0.0060959448714550755,0.0,0.1830674312142279
0.0063609859528226875,0.0,0.18309460397562105
0.0066260270341902995,0.0,0.1830961693804528
0.0068910681155579115,0.0,0.18320833059409505
0.0071561091969255235,0.0,0.18326447199552792
0.0074211502782931356,0.0,0.18328002494038612
0.007686191359660748,0.0,0.18329886472935067
0.007951232441028359,0.0,0.18330081431021367
0.008216273522395972,0.0,0.18337534136206587
0.008481314603763583,0.0,0.18344725017544275
0.008746355685131196,0.0,0.18347300111397133
0.009011396766498807,0.0,0.18351118362360616
0.00927643784786642,0.0,0.1835420518190833
0.00954147892923403,0.0,0.18354246395790025
0.009806520010601644,0.0,0.18359541676880106
0.010071561091969255,0.0,0.18365613740476325
0.010336602173336868,0.0,0.18365668717187317
0.010601643254704479,0.0,0.18366744462972062
0.010866684336072092,0.0,0.1836915059213246
0.011131725417439703,0.0,0.18379125916604871
0.011396766498807316,0.0,0.18381766772786404
0.011661807580174927,0.0,0.183820509181102
0.01192684866154254,0.0,0.18385774154327506
0.012191889742910151,0.0,0.18385933756340395
0.012456930824277764,0.0,0.1838759160375801
0.012721971905645375,0.0,0.1838781280150301
0.012987012987012988,0.0,0.18388072173559877
0.013252054068380599,0.0,0.18388397496866898
0.01351709514974821,0.0,0.18389159947531905
0.013782136231115823,0.0,0.18390761655439106
0.014047177312483434,0.0,0.18394256339638282
0.014312218393851047,0.0,0.1839595916477208
0.014577259475218658,0.0,0.18404337074951493
0.014842300556586271,0.0,0.18407061743772407
0.015107341637953882,0.0,0.18408090428539572
0.015372382719321495,0.0,0.18408194107909964
0.015637423800689106,0.0,0.18411547116130672
0.015902464882056717,0.0,0.18412482997743337
0.016167505963424332,0.0,0.18416271172376245
0.016432547044791943,0.0,0.18416784424207922
0.016697588126159554,0.0,0.18417648932770783
0.016962629207527165,0.0,0.18418490076451574
0.01722767028889478,0.0,0.184204276806809
0.01749271137026239,0.0,0.184232513454902
0.017757752451630002,0.0,0.18434919474862096
0.018022793532997614,0.0,0.18435612918052002
0.018287834614365228,0.0,0.18436457909810786
0.01855287569573284,0.0,0.18438267019218044
0.01881791677710045,0.0,0.1843949161578838
0.01908295785846806,0.0,0.18441483023178468
0.019347998939835676,0.0,0.18446949527841508
0.019613040021203287,0.0,0.18447495164583982
0.0198780811025709,0.0,0.1844988093333863
0.02014312218393851,0.0,0.18450338528296764
0.02040816326530612,0.0,0.18453665010712217
0.020673204346673735,0.0,0.1845500462319731
0.020938245428041347,0.0,0.18455881112756642
0.021203286509408958,0.0,0.1845610091370453
0.02146832759077657,0.0,0.18459184902355957
0.021733368672144183,0.0,0.18469417577258432
0.021998409753511795,0.0,0.1847026924569065
0.022263450834879406,0.0,0.18474160547866228
0.022528491916247017,0.0,0.18476023809616823
0.02279353299761463,0.0,0.18481106089356036
0.023058574078982243,0.0,0.18483889314690752
0.023323615160349854,0.0,0.18494156135706652
0.023588656241717465,0.0,0.18495548723047917
0.02385369732308508,0.0,0.18497062709035283
0.02411873840445269,0.0,0.18500856165851173
0.024383779485820302,0.0,0.18503682297895696
0.024648820567187913,0.0,0.18509264839979117
0.024913861648555528,0.0,0.18511023004846902
0.02517890272992314,0.0,0.18515166412134454
0.02544394381129075,0.0,0.18519636647355164
0.02570898489265836,0.0,0.18520473564632187
0.025974025974025976,0.0,0.18521086817120153
0.026239067055393587,0.0,0.1852168885362156
0.026504108136761198,0.0,0.18524243410328967
0.02676914921812881,0.0,0.18531704652887274
0.02703419029949642,0.0,0.18537085383224527
0.027299231380864035,0.0,0.1853779996649475
0.027564272462231646,0.0,0.1853831816694614
0.027829313543599257,0.0,0.18540804127107224
0.02809435462496687,0.0,0.18543829705907253
0.028359395706334483,0.0,0.18547686872307725
0.028624436787702094,0.0,0.18548244879183395
0.028889477869069705,0.0,0.18549853981059025
0.029154518950437316,0.0,0.1855020950382183
0.02941956003180493,0.0,0.18552891247976108
0.029684601113172542,0.0,0.18558865108768047
0.029949642194540153,0.0,0.1855951345670769
0.030214683275907765,0.0,0.18560272572729786
0.03047972435727538,0.0,0.18564481991644416
0.03074476543864299,0.0,0.18565537618521963
0.0310098065200106,0.0,0.18570871874645345
0.03127484760137821,0.0,0.1857096567912686
0.03153988868274583,0.0,0.18575920030866316
0.031804929764113435,0.0,0.18577839073328287
0.03206997084548105,0.0,0.18578014523530315
0.032335011926848664,0.0,0.18578273518665797
0.03260005300821627,0.0,0.18589498213249056
0.032865094089583886,0.0,0.18590790531911686
0.033130135170951494,0.0,0.1859732263985088
0.03339517625231911,0.0,0.18597430256479133
0.03366021733368672,0.0,0.186074797677875
0.03392525841505433,0.0,0.1861141407221592
0.034190299496421946,0.0,0.18619048719683148
0.03445534057778956,0.0,0.18620657733659918
0.03472038165915717,0.0,0.1862198257834315
0.03498542274052478,0.0,0.18631051080920127
0.03525046382189239,0.0,0.18632457340752076
0.035515504903260005,0.0,0.18634030158804704
0.03578054598462762,0.0,0.18634426417192118
0.03604558706599523,0.0,0.18644168244416973
0.03631062814736284,0.0,0.18646055194950448
0.036575669228730456,0.0,0.18646264693488987
0.036840710310098064,0.0,0.186463205094612
0.03710575139146568,0.0,0.18647624903457585
0.037370792472833286,0.0,0.1865168747574717
0.0376358335542009,0.0,0.18653241797306674
0.037900874635568516,0.006993006993006993,0.18661956532096233
0.03816591571693612,0.006944444444444444,0.18668851593362648
0.03843095679830374,0.006896551724137931,0.18668879801318872
0.03869599787967135,0.00684931506849315,0.18672824540194827
0.03896103896103896,0.006802721088435374,0.18680766643591962
0.039226080042406575,0.006756756756756757,0.18697545097007312
0.03949112112377418,0.006711409395973154,0.18698829383929957
0.0397561622051418,0.006666666666666667,0.18704736206069414
0.04002120328650941,0.006622516556291391,0.18705491338069
0.04028624436787702,0.006578947368421052,0.1870841082849332
0.040551285449244634,0.006535947712418301,0.18713568547941767
0.04081632653061224,0.006493506493506494,0.187159824413946
0.041081367611979856,0.0064516129032258064,0.18741276939936335
0.04134640869334747,0.00641025641025641,0.18741433614609726
0.04161144977471508,0.006369426751592357,0.18747633265314084
0.04187649085608269,0.006329113924050633,0.1875558555971432
0.04214153193745031,0.006289308176100629,0.1876306950883931
0.042406573018817915,0.00625,0.18763227437298224
0.04267161410018553,0.006211180124223602,0.1876908237971347
0.04293665518155314,0.006172839506172839,0.1877004915538232
0.04320169626292075,0.006134969325153374,0.1877246257858413
0.04346673734428837,0.006097560975609756,0.18775793299363638
0.043731778425655975,0.012121212121212121,0.1878280083434507
0.04399681950702359,0.012048192771084338,0.1878781400356232
0.044261860588391204,0.011976047904191617,0.18790281438297415
0.04452690166975881,0.011904761904761904,0.18790650643590684
0.044791942751126426,0.011834319526627219,0.18799741846465948
0.045056983832494034,0.011764705882352941,0.18813793789497293
0.04532202491386165,0.011695906432748537,0.18819840150696068
0.04558706599522926,0.011627906976744186,0.18819884767699283
0.04585210707659687,0.011560693641618497,0.18820312936162178
0.046117148157964485,0.017241379310344827,0.18826623190957947
0.04638218923933209,0.017142857142857144,0.18830796034561562
0.04664723032069971,0.017045454545454544,0.18831184018237362
0.04691227140206732,0.01694915254237288,0.1883795288242262
0.04717731248343493,0.016853932584269662,0.18846829531808765
0.047442353564802545,0.01675977653631285,0.188593582131088
0.04770739464617016,0.016666666666666666,0.18861242825530877
0.04797243572753777,0.016574585635359115,0.1886538181349458
0.04823747680890538,0.016483516483516484,0.18865522720340713
0.04850251789027299,0.01639344262295082,0.1886852685787244
0.048767558971640604,0.016304347826086956,0.1887055911373747
0.04903260005300822,0.016216216216216217,0.18874503727597722
0.049297641134375826,0.016129032258064516,0.18877866727924653
0.04956268221574344,0.016042780748663103,0.18879200516604594
0.049827723297111055,0.02127659574468085,0.18879295981698258
0.05009276437847866,0.021164021164021163,0.18879868767285157
0.05035780545984628,0.021052631578947368,0.1889024594182463
0.050622846541213885,0.020942408376963352,0.189002535085552
0.0508878876225815,0.020833333333333332,0.18901260892601296
0.051152928703949115,0.02072538860103627,0.18901771281205518
0.05141796978531672,0.020618556701030927,0.18901898188901423
0.05168301086668434,0.020512820512820513,0.1890705430024496
0.05194805194805195,0.02040816326530612,0.18913037582046832
0.05221309302941956,0.02030456852791878,0.18917324440456132
0.052478134110787174,0.020202020202020204,0.1892673161838688
0.05274317519215478,0.020100502512562814,0.18940902248149719
0.053008216273522396,0.025,0.1894103363543966
0.05327325735489001,0.024875621890547265,0.18944624427731438
0.05353829843625762,0.024752475247524754,0.1894485069580212
0.05380333951762523,0.029556650246305417,0.18958008219212205
0.05406838059899284,0.029411764705882353,0.18960695616891918
0.054333421680360455,0.03414634146341464,0.1896396710958027
0.05459846276172807,0.03398058252427184,0.18967839374059806
0.05486350384309568,0.03864734299516908,0.1897478473706926
0.05512854492446329,0.038461538461538464,0.18978829148618248
0.05539358600583091,0.03827751196172249,0.18985584189987822
0.055658627087198514,0.0380952380952381,0.18986984908334864
0.05592366816856613,0.037914691943127965,0.1899514282130728
0.05618870924993374,0.03773584905660377,0.18997656012949354
0.05645375033130135,0.04225352112676056,0.1900565996738273
0.056718791412668966,0.04205607476635514,0.19007162615488798
0.056983832494036574,0.04186046511627907,0.1901305295178194
0.05724887357540419,0.041666666666666664,0.19032352863726035
0.0575139146567718,0.041474654377880185,0.19033670320514695
0.05777895573813941,0.04128440366972477,0.1903440748266523
0.058043996819507025,0.0410958904109589,0.19039845576974584
0.05830903790087463,0.04090909090909091,0.1904443554007757
0.05857407898224225,0.04524886877828054,0.19049015565465074
0.05883912006360986,0.04504504504504504,0.19056479226998665
0.05910416114497747,0.04932735426008968,0.19057073682388556
0.059369202226345084,0.049107142857142856,0.19082183130318764
0.05963424330771269,0.05333333333333334,0.19089404639690202
0.05989928438908031,0.05752212389380531,0.19094072637537104
0.06016432547044792,0.05726872246696035,0.19095419422787835
0.06042936655181553,0.05701754385964912,0.19098272521774923
0.060694407633183144,0.056768558951965066,0.1909979343095553
0.06095944871455076,0.05652173913043478,0.19102811287310736
0.061224489795918366,0.05627705627705628,0.19111529447817435
0.06148953087728598,0.0603448275862069,0.19114554784709775
0.06175457195865359,0.060085836909871244,0.19138473418254456
0.0620196130400212,0.0641025641025641,0.19140898751332042
0.06228465412138882,0.06382978723404255,0.19144237412926846
0.06254969520275643,0.06779661016949153,0.1914629416983503
0.06281473628412404,0.06751054852320675,0.19146469367584767
0.06307977736549165,0.06722689075630252,0.19150810810186458
0.06334481844685927,0.06694560669456066,0.19155161819039487
0.06360985952822687,0.06666666666666667,0.19162657545631792
0.06387490060959448,0.06639004149377593,0.19166137563424257
0.0641399416909621,0.06611570247933884,0.19181691287087535
0.06440498277232971,0.06995884773662552,0.19186520393081086
0.06467002385369733,0.06967213114754098,0.19188187305089696
0.06493506493506493,0.06938775510204082,0.19189172811191219
0.06520010601643254,0.06910569105691057,0.1918986417808586
0.06546514709780016,0.06882591093117409,0.1920472676591447
0.06573018817916777,0.06854838709677419,0.19217816098063456
0.06599522926053539,0.06827309236947791,0.19237825544470705
0.06626027034190299,0.072,0.1925179580379444
0.0665253114232706,0.07171314741035857,0.19255993398851493
0.06679035250463822,0.07142857142857142,0.19264284418718725
0.06705539358600583,0.07509881422924901,0.1927923090566997
0.06732043466737345,0.07874015748031496,0.19283373352886596
0.06758547574874106,0.0784313725490196,0.1928819631680332
0.06785051683010866,0.078125,0.19289687090003943
0.06811555791147628,0.07782101167315175,0.1929411085623254
0.06838059899284389,0.07751937984496124,0.19301740705992718
0.0686456400742115,0.07722007722007722,0.19305456890443
0.06891068115557912,0.08076923076923077,0.19310887865839885
0.06917572223694672,0.0842911877394636,0.19314969865616768
0.06944076331831434,0.08396946564885496,0.19327102582006211
0.06970580439968195,0.08365019011406843,0.19335378832479458
0.06997084548104957,0.08712121212121213,0.19341455313547307
0.07023588656241718,0.08679245283018867,0.1934614593989337
0.07050092764378478,0.08646616541353383,0.19347054744458853
0.0707659687251524,0.08614232209737828,0.1935042716705207
0.07103100980652001,0.08582089552238806,0.1935408439198767
0.07129605088788762,0.08550185873605948,0.1938569960491781
0.07156109196925524,0.08888888888888889,0.1939348159590274
0.07182613305062285,0.09225092250922509,0.19397695612076146
0.07209117413199045,0.09191176470588236,0.1940565958867312
0.07235621521335807,0.09157509157509157,0.19406997634465845
0.07262125629472568,0.09124087591240876,0.19407306624019655
0.0728862973760933,0.09090909090909091,0.19415774985384288
0.07315133845746091,0.09057971014492754,0.19418202544383564
0.07341637953882851,0.09025270758122744,0.19420187044185064
0.07368142062019613,0.09352517985611511,0.19433156426695591
0.07394646170156374,0.0967741935483871,0.1943727101229033
0.07421150278293136,0.09642857142857143,0.19442249001714793
0.07447654386429897,0.099644128113879,0.19443504638838952
0.07474158494566657,0.09929078014184398,0.19450667037314345
0.07500662602703419,0.10247349823321555,0.19453673044258768
0.0752716671084018,0.10211267605633803,0.1945592098392421
0.07553670818976942,0.10526315789473684,0.19458487324088805
0.07580174927113703,0.10839160839160839,0.19462101975009732
0.07606679035250463,0.11149825783972125,0.19465909010910823
0.07633183143387225,0.1111111111111111,0.1947025645242488
0.07659687251523986,0.11418685121107267,0.1947072654491854
0.07686191359660748,0.11724137931034483,0.19480617325665853
0.07712695467797509,0.12027491408934708,0.19481822896473885
0.0773919957593427,0.1232876712328767,0.19493022906685664
0.0776570368407103,0.12286689419795221,0.1949674886207539
0.07792207792207792,0.12244897959183673,0.19501481035240098
0.07818711900344553,0.12542372881355932,0.19503570325897998
0.07845216008481315,0.12837837837837837,0.19506557702049548
0.07871720116618076,0.13131313131313133,0.19510098923350974
0.07898224224754836,0.13087248322147652,0.19510203864792358
0.07924728332891598,0.13043478260869565,0.1951535600765434
0.0795123244102836,0.13333333333333333,0.19517435656382529
0.07977736549165121,0.132890365448505,0.19522412851610624
0.08004240657301882,0.13245033112582782,0.19528517826441522
0.08030744765438642,0.132013201320132,0.1953258137692597
0.08057248873575404,0.13157894736842105,0.19551611802557642
0.08083752981712165,0.13114754098360656,0.19565288709971315
0.08110257089848927,0.13398692810457516,0.19566297250637224
0.08136761197985688,0.13680781758957655,0.1956846477377109
0.08163265306122448,0.13636363636363635,0.1956864731626437
0.0818976941425921,0.13592233009708737,0.1957513289411273
0.08216273522395971,0.13548387096774195,0.19595570971505272
0.08242777630532733,0.13504823151125403,0.19596100349847162
0.08269281738669494,0.1346153846153846,0.19601784547647597
0.08295785846806256,0.13738019169329074,0.19605182715183558
0.08322289954943016,0.13694267515923567,0.19605249457980378
0.08348794063079777,0.13968253968253969,0.19609201376811075
0.08375298171216539,0.14240506329113925,0.19613982613319483
0.084018022793533,0.14511041009463724,0.19622080884878618
0.08428306387490062,0.14779874213836477,0.19624708914955674
0.08454810495626822,0.14733542319749215,0.19627198006888058
0.08481314603763583,0.15,0.19636130869778695
0.08507818711900345,0.14953271028037382,0.1963645799603965
0.08534322820037106,0.14906832298136646,0.19647709336775476
0.08560826928173867,0.14860681114551083,0.1965638070747982
0.08587331036310628,0.14814814814814814,0.19665804240251755
0.08613835144447389,0.1476923076923077,0.19669927615689403
0.0864033925258415,0.147239263803681,0.19673064494379044
0.08666843360720912,0.14984709480122324,0.19674641241275512
0.08693347468857673,0.1524390243902439,0.19683394315324132
0.08719851576994433,0.15501519756838905,0.19685549216932535
0.08746355685131195,0.15757575757575756,0.1968682491890422
0.08772859793267956,0.15709969788519637,0.19689854314447247
0.08799363901404718,0.1566265060240964,0.19693650282514838
0.0882586800954148,0.15915915915915915,0.1969951452408921
0.08852372117678241,0.15868263473053892,0.19711117715063825
0.08878876225815001,0.1582089552238806,0.19712754919404563
0.08905380333951762,0.16071428571428573,0.1973047959904978
0.08931884442088524,0.16023738872403562,0.19731457030952917
0.08958388550225285,0.16272189349112426,0.1973568767011707
0.08984892658362047,0.16519174041297935,0.1973891611051252
0.09011396766498807,0.16470588235294117,0.19751781150350126
0.09037900874635568,0.16715542521994134,0.19753041819106687
0.0906440498277233,0.16666666666666666,0.19756561679392445
0.09090909090909091,0.16909620991253643,0.19763816865860714
0.09117413199045853,0.1686046511627907,0.19771410958526248
0.09143917307182613,0.17101449275362318,0.19775067723590117
0.09170421415319374,0.17052023121387283,0.19778476241390297
0.09196925523456136,0.17002881844380405,0.19779562614661012
0.09223429631592897,0.16954022988505746,0.19784926283751253
0.09249933739729659,0.17191977077363896,0.19786972748628587
0.09276437847866419,0.1742857142857143,0.19786993866533703
0.0930294195600318,0.17663817663817663,0.1978998992448943
0.09329446064139942,0.17613636363636365,0.19795334038521323
0.09355950172276703,0.17847025495750707,0.19797001290770827
0.09382454280413464,0.1807909604519774,0.19799602606463335
0.09408958388550226,0.18028169014084508,0.19801854039490227
0.09435462496686986,0.18258426966292135,0.1981679802353928
0.09461966604823747,0.18207282913165265,0.1982196005673494
0.09488470712960509,0.18156424581005587,0.19823704828695768
0.0951497482109727,0.181058495821727,0.19825795585797296
0.09541478929234032,0.18055555555555555,0.1982770194393946
0.09567983037370792,0.18282548476454294,0.19827958984735794
0.09594487145507553,0.1850828729281768,0.19843351523458255
0.09620991253644315,0.18457300275482094,0.1985107626157975
0.09647495361781076,0.18406593406593408,0.19853533607167262
0.09673999469917838,0.18356164383561643,0.19854832345333692
0.09700503578054598,0.1830601092896175,0.19856511006997707
0.09727007686191359,0.18528610354223432,0.1986834946414478
0.09753511794328121,0.18478260869565216,0.1986872571492312
0.09780015902464882,0.18699186991869918,0.19876585040830796
0.09806520010601644,0.1864864864864865,0.1988825049966584
0.09833024118738404,0.18867924528301888,0.1989447447622279
0.09859528226875165,0.19086021505376344,0.19903080430174983
0.09886032335011927,0.19302949061662197,0.19903613646985455
0.09912536443148688,0.1925133689839572,0.19905640322191614
0.0993904055128545,0.192,0.1991331236605188
0.09965544659422211,0.19414893617021275,0.19913788987511455
0.09992048767558971,0.19363395225464192,0.19915601850192713
0.10018552875695733,0.19576719576719576,0.19918604169521822
0.10045056983832494,0.19788918205804748,0.19919574514307287
0.10071561091969256,0.2,0.1992271200772498
0.10098065200106017,0.1994750656167979,0.19927735751443745
0.10124569308242777,0.20157068062827224,0.19934447412903916
0.10151073416379539,0.2010443864229765,0.19934600638663375
0.101775775245163,0.203125,0.1994111072841845
0.10204081632653061,0.2051948051948052,0.19943120459790625
0.10230585740789823,0.20466321243523317,0.1994661630881159
0.10257089848926583,0.20671834625322996,0.1994725595209205
0.10283593957063344,0.20618556701030927,0.19947629279361823
0.10310098065200106,0.20565552699228792,0.1994775372765442
0.10336602173336867,0.20512820512820512,0.19958350296167982
0.10363106281473629,0.2071611253196931,0.1995884757249232
0.1038961038961039,0.2066326530612245,0.19959956654816874
0.1041611449774715,0.20865139949109415,0.19970273630779942
0.10442618605883912,0.21065989847715735,0.1997202631859916
0.10469122714020673,0.21265822784810126,0.19981739567920684
0.10495626822157435,0.21212121212121213,0.1999132814000896
0.10522130930294196,0.21158690176322417,0.19996942186344516
0.10548635038430956,0.2135678391959799,0.1999833565308092
0.10575139146567718,0.21303258145363407,0.20003679977811567
0.10601643254704479,0.215,0.20006029200372386
0.1062814736284124,0.2144638403990025,0.20009621477757042
0.10654651470978002,0.21393034825870647,0.20013741819052883
0.10681155579114762,0.21339950372208435,0.20013754789608063
0.10707659687251524,0.21287128712871287,0.20015725618202204
0.10734163795388285,0.2123456790123457,0.20017388333509537
0.10760667903525047,0.21182266009852216,0.2002929175859607
0.10787172011661808,0.2113022113022113,0.20032215575904816
0.10813676119798568,0.21323529411764705,0.20037296474270394
0.1084018022793533,0.21515892420537897,0.20039246564322127
0.10866684336072091,0.2146341463414634,0.20040613289329506
0.10893188444208853,0.2141119221411192,0.20044397970104907
0.10919692552345614,0.21359223300970873,0.20046061618962568
0.10946196660482375,0.21307506053268765,0.2004660897724839
0.10972700768619136,0.21497584541062803,0.20056726807690442
0.10999204876755897,0.21686746987951808,0.20059047427286286
0.11025708984892658,0.21875,0.20066653400160414
0.1105221309302942,0.22062350119904076,0.20067084916955014
0.11078717201166181,0.22248803827751196,0.20069506959042016
0.11105221309302941,0.22195704057279236,0.20076730849171487
0.11131725417439703,0.22142857142857142,0.20080701866801046
0.11158229525576464,0.2209026128266033,0.20086117433115827
0.11184733633713226,0.22274881516587677,0.20099146305210863
0.11211237741849987,0.2222222222222222,0.2010422493354029
0.11237741849986747,0.22169811320754718,0.2011293586965836
0.11264245958123509,0.2211764705882353,0.20114667675601178
0.1129075006626027,0.22065727699530516,0.2011716522331011
0.11317254174397032,0.2224824355971897,0.20121166737173074
0.11343758282533793,0.2219626168224299,0.2012210886645614
0.11370262390670553,0.22144522144522144,0.20122398696997704
0.11396766498807315,0.22325581395348837,0.20125104583526307
0.11423270606944076,0.22505800464037123,0.2013114986922664
0.11449774715080838,0.22453703703703703,0.20135392005672953
0.11476278823217599,0.22401847575057737,0.20145638531235202
0.1150278293135436,0.22350230414746544,0.20149929568380967
0.1152928703949112,0.22528735632183908,0.2015324618684288
0.11555791147627882,0.22706422018348624,0.2015456545656471
0.11582295255764644,0.2288329519450801,0.20160369769969924
0.11608799363901405,0.228310502283105,0.20166001410880546
0.11635303472038167,0.23006833712984054,0.20170123041773824
0.11661807580174927,0.2318181818181818,0.20174254893252863
0.11688311688311688,0.23129251700680273,0.20174833371454817
0.1171481579644845,0.2330316742081448,0.20184549586169184
0.11741319904585211,0.2325056433408578,0.20187851970448073
0.11767824012721972,0.23423423423423423,0.2019096453793206
0.11794328120858733,0.23370786516853934,0.2020132639816793
0.11820832228995494,0.23318385650224216,0.20202478772940125
0.11847336337132255,0.232662192393736,0.20207840195512825
0.11873840445269017,0.23214285714285715,0.2021833574833419
0.11900344553405778,0.23385300668151449,0.20221034408875244
0.11926848661542538,0.23333333333333334,0.202258026069291
0.119533527696793,0.2328159645232816,0.20229022258156534
0.11979856877816061,0.2323008849557522,0.2022923053816282
0.12006360985952823,0.23178807947019867,0.20232829954140255
0.12032865094089584,0.23127753303964757,0.2023554036685655
0.12059369202226346,0.23296703296703297,0.202386914601794
0.12085873310363106,0.2324561403508772,0.20245198161734712
0.12112377418499867,0.23194748358862144,0.20245336288760238
0.12138881526636629,0.2314410480349345,0.20246026167997358
0.1216538563477339,0.23311546840958605,0.20259062009976625
0.12191889742910152,0.2326086956521739,0.20264675317296726
0.12218393851046912,0.23427331887201736,0.2026740325631578
0.12244897959183673,0.23376623376623376,0.20270369819332335
0.12271402067320435,0.23542116630669546,0.20270993084251018
0.12297906175457196,0.23706896551724138,0.20271811215819907
0.12324410283593958,0.23655913978494625,0.20272496563710618
0.12350914391730718,0.23605150214592274,0.2027557007010913
0.12377418499867479,0.23554603854389722,0.20285330337639318
0.1240392260800424,0.23504273504273504,0.2030544730900787
0.12430426716141002,0.2345415778251599,0.20305843729402615
0.12456930824277763,0.23404255319148937,0.2030917559495628
0.12483434932414524,0.2356687898089172,0.20309231925378085
0.12509939040551285,0.23516949152542374,0.2031041776289732
0.12536443148688048,0.2346723044397463,0.2031500213498087
0.12562947256824808,0.23417721518987342,0.2031605888922728
0.12589451364961568,0.2336842105263158,0.20318966295673668
0.1261595547309833,0.23319327731092437,0.20323594433313247
0.1264245958123509,0.2348008385744235,0.20327617191080846
0.12668963689371854,0.23430962343096234,0.20327674452912745
0.12695467797508614,0.2359081419624217,0.20330209388244366
0.12721971905645374,0.23541666666666666,0.20336665409236954
0.12748476013782137,0.23492723492723494,0.20337608517081204
0.12774980121918897,0.23651452282157676,0.20338252892608433
0.1280148423005566,0.2360248447204969,0.2033984831508093
0.1282798833819242,0.23760330578512398,0.20340244804850366
0.1285449244632918,0.23711340206185566,0.203464607818535
0.12880996554465943,0.2366255144032922,0.20347575310831592
0.12907500662602703,0.23613963039014374,0.20347895622781137
0.12934004770739466,0.23565573770491804,0.20350507446592583
0.12960508878876226,0.23721881390593047,0.2035413973268078
0.12987012987012986,0.23673469387755103,0.20359224991592292
0.1301351709514975,0.23625254582484725,0.2035978186429078
0.1304002120328651,0.23577235772357724,0.20360678646151048
0.13066525311423272,0.23529411764705882,0.20368496253483867
0.13093029419560032,0.23481781376518218,0.2036902043767682
0.13119533527696792,0.23434343434343435,0.20369964534288945
0.13146037635833555,0.23588709677419356,0.20378922691161244
0.13172541743970315,0.23541247484909456,0.20381605227179364
0.13199045852107077,0.23493975903614459,0.20386902762348164
0.13225549960243838,0.23446893787575152,0.20389898579379354
0.13252054068380598,0.236,0.2039400300173724
0.1327855817651736,0.23552894211576847,0.20394235904112396
0.1330506228465412,0.23705179282868527,0.20394806751441813
0.13331566392790883,0.23658051689860835,0.2039609213185763
0.13358070500927643,0.23809523809523808,0.20400936483814677
0.13384574609064406,0.2396039603960396,0.20403330270066783
0.13411078717201166,0.2391304347826087,0.2040367250181244
0.13437582825337926,0.2406311637080868,0.20404786737440586
0.1346408693347469,0.24015748031496062,0.2040600773873637
0.1349059104161145,0.24165029469548133,0.20410132270115855
0.13517095149748212,0.2411764705882353,0.2041126133658033
0.13543599257884972,0.24070450097847357,0.2041126452955294
0.13570103366021732,0.240234375,0.20416345962387022
0.13596607474158495,0.23976608187134502,0.20416821200689006
0.13623111582295255,0.23929961089494164,0.2042114540316497
0.13649615690432018,0.2407766990291262,0.20421162036194582
0.13676119798568778,0.24031007751937986,0.20425416410139516
0.13702623906705538,0.24177949709864605,0.20428967414223395
0.137291280148423,0.2413127413127413,0.20429214922190403
0.1375563212297906,0.24084778420038536,0.20430374855905115
0.13782136231115824,0.2403846153846154,0.20430632810864371
0.13808640339252584,0.2418426103646833,0.20435138414787565
0.13835144447389344,0.2413793103448276,0.20435853568920537
0.13861648555526107,0.24091778202676864,0.20435945870687436
0.13888152663662867,0.24045801526717558,0.20441687617977558
0.1391465677179963,0.24,0.20444329877177764
0.1394116087993639,0.23954372623574144,0.2044514603676452
0.1396766498807315,0.23908918406072105,0.20450283572570685
0.13994169096209913,0.23863636363636365,0.20450876015266756
0.14020673204346673,0.2381852551984877,0.204531572837666
0.14047177312483436,0.23773584905660378,0.20461212082341018
0.14073681420620196,0.2391713747645951,0.20464960472301835
0.14100185528756956,0.24060150375939848,0.2047003098996266
0.1412668963689372,0.2401500938086304,0.20471956240807346
0.1415319374503048,0.2397003745318352,0.204725117154439
0.14179697853167242,0.23925233644859814,0.20473733843297712
0.14206201961304002,0.23880597014925373,0.2047783186847129
0.14232706069440762,0.2383612662942272,0.20477884280992645
0.14259210177577525,0.2379182156133829,0.20478078983497344
0.14285714285714285,0.23933209647495363,0.2048214571608839
0.14312218393851048,0.2388888888888889,0.2048342437647797
0.14338722501987808,0.23844731977818853,0.20484956665946902
0.1436522661012457,0.23800738007380073,0.20485965315301496
0.1439173071826133,0.23941068139963168,0.2048678311345919
0.1441823482639809,0.24080882352941177,0.20486986058648582
0.14444738934534854,0.24036697247706423,0.20492652691296534
0.14471243042671614,0.23992673992673993,0.20492768185283466
0.14497747150808377,0.2413162705667276,0.20494935226058433
0.14524251258945137,0.24087591240875914,0.2049601149456462
0.14550755367081897,0.24225865209471767,0.2049690693544612
0.1457725947521866,0.24181818181818182,0.204975713845644
0.1460376358335542,0.24319419237749546,0.20499698383665055
0.14630267691492183,0.24456521739130435,0.20508472448723025
0.14656771799628943,0.244122965641953,0.20511115500091257
0.14683275907765703,0.24368231046931407,0.20514323871322682
0.14709780015902466,0.24324324324324326,0.20515895183011748
0.14736284124039226,0.24280575539568344,0.2051766956705642
0.14762788232175988,0.24416517055655296,0.20520244413717875
0.14789292340312749,0.24372759856630824,0.20520946056565872
0.14815796448449509,0.24329159212880144,0.2052281594698593
0.14842300556586271,0.24285714285714285,0.2052284308512582
0.14868804664723032,0.24242424242424243,0.2052655887457411
0.14895308772859794,0.24377224199288255,0.20526603634934398
0.14921812880996554,0.2433392539964476,0.2052693892874549
0.14948316989133315,0.2429078014184397,0.2052740145018263
0.14974821097270077,0.24424778761061947,0.20528723718380454
0.15001325205406837,0.24558303886925795,0.20528754269422045
0.150278293135436,0.24691358024691357,0.2053119573050287
0.1505433342168036,0.2482394366197183,0.2053411318263208
0.1508083752981712,0.2478031634446397,0.20537397635745747
0.15107341637953883,0.24736842105263157,0.20543479686731184
0.15133845746090643,0.2469352014010508,0.2054774720103279
0.15160349854227406,0.2465034965034965,0.20548891161706084
0.15186853962364166,0.24781849912739964,0.20550087032918563
0.15213358070500926,0.24738675958188153,0.20554623497367347
0.1523986217863769,0.24695652173913044,0.205556646404686
0.1526636628677445,0.2465277777777778,0.20559224060226552
0.15292870394911212,0.24610051993067592,0.20563410392863535
0.15319374503047972,0.24740484429065743,0.20565231801936754
0.15345878611184732,0.2469775474956822,0.2056591917266504
0.15372382719321495,0.2482758620689655,0.2056770675621866
0.15398886827458255,0.24784853700516352,0.2056894849961369
0.15425390935595018,0.24742268041237114,0.20570933285220513
0.15451895043731778,0.2469982847341338,0.20571550536321534
0.1547839915186854,0.2465753424657534,0.2057492290517196
0.155049032600053,0.24615384615384617,0.2057972168987361
0.1553140736814206,0.24573378839590443,0.20583109191883664
0.15557911476278824,0.24701873935264054,0.20585910816063882
0.15584415584415584,0.2465986394557823,0.20586998555622657
0.15610919692552347,0.24787775891341257,0.20587408588408754
0.15637423800689107,0.24745762711864408,0.2058749469998264
0.15663927908825867,0.24873096446700507,0.2059350014877416
0.1569043201696263,0.25,0.20593798292137197
0.1571693612509939,0.24957841483979765,0.20595244551624162
0.15743440233236153,0.24915824915824916,0.20596442506270785
0.15769944341372913,0.24873949579831933,0.2059945481376777
0.15796448449509673,0.25,0.206024473813122
0.15822952557646436,0.25125628140703515,0.20608707433007892
0.15849456665783196,0.2525083612040134,0.20609439979314234
0.1587596077391996,0.25208681135225375,0.20610452600307103
0.1590246488205672,0.25333333333333335,0.20610954856174402
0.1592896899019348,0.2529118136439268,0.20611162556885168
0.15955473098330242,0.2541528239202658,0.2061268451951131
0.15981977206467002,0.2537313432835821,0.206142550475415
0.16008481314603765,0.25496688741721857,0.20620419038285992
0.16034985422740525,0.256198347107438,0.2062211806972674
0.16061489530877285,0.25577557755775576,0.20625163091497065
0.16087993639014048,0.257001647446458,0.20626704557190637
0.16114497747150808,0.2582236842105263,0.20627133435549674
0.1614100185528757,0.2594417077175698,0.20629932283123667
0.1616750596342433,0.25901639344262295,0.20631409842606316
0.1619401007156109,0.25859247135842883,0.20632383654598227
0.16220514179697854,0.2581699346405229,0.2063522361367243
0.16247018287834614,0.25938009787928223,0.20637209504104873
0.16273522395971377,0.26058631921824105,0.20638453438553966
0.16300026504108137,0.2601626016260163,0.20641347552384604
0.16326530612244897,0.2597402597402597,0.20643349702114963
0.1635303472038166,0.2593192868719611,0.2064486542603738
0.1637953882851842,0.2588996763754045,0.20646519695129015
0.16406042936655182,0.26009693053311794,0.20647483637549904
0.16432547044791943,0.26129032258064516,0.2065361283717376
0.16459051152928703,0.26247987117552335,0.20653993687816893
0.16485555261065465,0.2620578778135048,0.20654750287894402
0.16512059369202226,0.26163723916532905,0.20659237594967284
0.16538563477338988,0.26121794871794873,0.20659530044390265
0.16565067585475748,0.2624,0.20661237642842556
0.1659157169361251,0.26198083067092653,0.20662331624133637
0.1661807580174927,0.26156299840510366,0.20662642671125742
0.16644579909886031,0.2627388535031847,0.20666409804702973
0.16671084018022794,0.26232114467408585,0.20667439832458773
0.16697588126159554,0.2619047619047619,0.206680581798436
0.16724092234296317,0.2630744849445325,0.20671877974823646
0.16750596342433077,0.2626582278481013,0.2067792484471288
0.16777100450569837,0.2638230647709321,0.20680985902956703
0.168036045587066,0.2634069400630915,0.20683445486949792
0.1683010866684336,0.26456692913385826,0.20684284801194366
0.16856612774980123,0.26572327044025157,0.20684864828685184
0.16883116883116883,0.2653061224489796,0.20686961784701585
0.16909620991253643,0.2664576802507837,0.20692523386955405
0.16936125099390406,0.26604068857589985,0.20693813637066263
0.16962629207527166,0.265625,0.20696624747637907
0.1698913331566393,0.26521060842433697,0.20697217057701792
0.1701563742380069,0.26479750778816197,0.20702611211342342
0.1704214153193745,0.26594090202177295,0.2070328926127723
0.17068645640074212,0.265527950310559,0.20703819656224784
0.17095149748210972,0.2651162790697674,0.20709696509771938
0.17121653856347735,0.2647058823529412,0.20712231852360924
0.17148157964484495,0.26584234930448225,0.20713625028192537
0.17174662072621255,0.26697530864197533,0.2071689937753488
0.17201166180758018,0.2665639445300462,0.2072041613118542
0.17227670288894778,0.26615384615384613,0.20724783167527222
0.1725417439703154,0.2672811059907834,0.20726726716697652
0.172806785051683,0.2668711656441718,0.207366842142889
0.1730718261330506,0.2664624808575804,0.20736747838919709
0.17333686721441824,0.26605504587155965,0.20738034505821193
0.17360190829578584,0.26564885496183205,0.20743968201232824
0.17386694937715347,0.2652439024390244,0.2074463148024634
0.17413199045852107,0.2648401826484018,0.20750135414926882
0.17439703153988867,0.26443768996960487,0.20753613026027026
0.1746620726212563,0.26403641881638845,0.20754676548381795
0.1749271137026239,0.2636363636363636,0.2075821922338317
0.17519215478399153,0.264750378214826,0.20758722750376257
0.17545719586535913,0.26435045317220546,0.20759453858223853
0.17572223694672676,0.2654600301659125,0.2076001047371312
0.17598727802809436,0.26656626506024095,0.2076224509278202
0.17625231910946196,0.2661654135338346,0.20764242260972218
0.1765173601908296,0.2672672672672673,0.20764537521291843
0.1767824012721972,0.26686656671664166,0.20768892019906438
0.17704744235356482,0.26646706586826346,0.20774535853183
0.17731248343493242,0.26756352765321373,0.20776399949950627
0.17757752451630002,0.26865671641791045,0.20784315074833964
0.17784256559766765,0.26825633383010433,0.20787433423373836
0.17810760667903525,0.26785714285714285,0.2079019051892365
0.17837264776040287,0.2674591381872214,0.20795966187283485
0.17863768884177048,0.2685459940652819,0.20799505191774623
0.17890272992313808,0.26814814814814814,0.20799581251481689
0.1791677710045057,0.2692307692307692,0.20804339194108853
0.1794328120858733,0.2688330871491876,0.20805001124128958
0.17969785316724093,0.26991150442477874,0.20807564749288404
0.17996289424860853,0.2709867452135493,0.20813535087899174
0.18022793532997614,0.27058823529411763,0.20814144325187928
0.18049297641134376,0.2701908957415565,0.20815027965228008
0.18075801749271136,0.27126099706744866,0.20816692203327838
0.181023058574079,0.27232796486090777,0.20818290158861477
0.1812880996554466,0.2733918128654971,0.20820342915491594
0.1815531407368142,0.27445255474452557,0.2082065667653296
0.18181818181818182,0.27405247813411077,0.20821618529863833
0.18208322289954942,0.27510917030567683,0.2082426546858296
0.18234826398091705,0.2761627906976744,0.2082524711392684
0.18261330506228465,0.2772133526850508,0.208263527130531
0.18287834614365225,0.2768115942028985,0.2082897419017492
0.18314338722501988,0.276410998552822,0.2083311214697443
0.18340842830638748,0.2774566473988439,0.20839670818744438
0.1836734693877551,0.2784992784992785,0.20839754491222434
0.1839385104691227,0.27953890489913547,0.20839871171551633
0.1842035515504903,0.2805755395683453,0.20840135507100813
0.18446859263185794,0.28160919540229884,0.20841189692004403
0.18473363371322554,0.2812051649928264,0.20842611001706357
0.18499867479459317,0.2808022922636103,0.20843266603164923
0.18526371587596077,0.28183118741058655,0.208457426280044
0.18552875695732837,0.2814285714285714,0.20845853648678536
0.185793798038696,0.28245363766048504,0.20848077723993663
0.1860588391200636,0.28205128205128205,0.20850486434636523
0.18632388020143123,0.28165007112375534,0.20852835567794165
0.18658892128279883,0.28267045454545453,0.20858119030689642
0.18685396236416646,0.28368794326241137,0.2086209935404692
0.18711900344553406,0.2847025495750708,0.20862522767262168
0.18738404452690166,0.2842998585572843,0.20862541808436952
0.1876490856082693,0.2853107344632768,0.2086326489113194
0.1879141266896369,0.2849083215796897,0.20865855384275858
0.18817916777100452,0.28450704225352114,0.2087039040404307
0.18844420885237212,0.2841068917018284,0.20871534568018074
0.18870924993373972,0.2851123595505618,0.20872383665784475
0.18897429101510735,0.2847124824684432,0.20874584587243
0.18923933209647495,0.2857142857142857,0.20877706411656158
0.18950437317784258,0.2867132867132867,0.20877882857041943
0.18976941425921018,0.28631284916201116,0.20879026060681424
0.19003445534057778,0.2859135285913529,0.20883345966536432
0.1902994964219454,0.28690807799442897,0.20884552490223443
0.190564537503313,0.2865090403337969,0.2088873680610261
0.19082957858468064,0.2861111111111111,0.20893831446479266
0.19109461966604824,0.2871012482662968,0.20895762310342733
0.19135966074741584,0.2880886426592798,0.20900726525823785
0.19162470182878347,0.28907330567081607,0.20907279755669755
0.19188974291015107,0.2886740331491713,0.20911817688995896
0.1921547839915187,0.2896551724137931,0.20914158337229088
0.1924198250728863,0.290633608815427,0.20915929196339728
0.1926848661542539,0.29160935350756534,0.20916831480980785
0.19294990723562153,0.2925824175824176,0.20919486577758076
0.19321494831698913,0.2935528120713306,0.20920940734409638
0.19347998939835676,0.2945205479452055,0.20922562610799322
0.19374503047972436,0.29411764705882354,0.20935028711475268
0.19401007156109196,0.2937158469945355,0.20950697200003562
0.19427511264245959,0.2946793997271487,0.20956753264097416
0.19454015372382719,0.29427792915531337,0.2095693485299891
0.19480519480519481,0.2938775510204082,0.20957067047455918
0.19507023588656242,0.29483695652173914,0.20957307025909278
0.19533527696793002,0.29579375848032563,0.209599036552356
0.19560031804929764,0.2967479674796748,0.20961736488095076
0.19586535913066525,0.2963464140730717,0.20963305449315617
0.19613040021203287,0.2959459459459459,0.2096516314998937
0.19639544129340047,0.29554655870445345,0.2097706874855902
0.19666048237476808,0.29649595687331537,0.2097843952857093
0.1969255234561357,0.2960969044414536,0.20982056895987633
0.1971905645375033,0.2970430107526882,0.2098217219975303
0.19745560561887093,0.2979865771812081,0.20984806980014392
0.19772064670023853,0.2975871313672922,0.20986326126619315
0.19798568778160616,0.2971887550200803,0.20989831759398905
0.19825072886297376,0.2967914438502674,0.20993285565923372
0.19851576994434136,0.2977303070761015,0.20996870989890765
0.198780811025709,0.2986666666666667,0.20997619326847825
0.1990458521070766,0.2982689747003995,0.21002471509380055
0.19931089318844422,0.2992021276595745,0.21002694914747155
0.19957593426981182,0.29880478087649404,0.21003180244845074
0.19984097535117942,0.2984084880636605,0.21008464720833964
0.20010601643254705,0.2993377483443709,0.2101024145938285
0.20037105751391465,0.29894179894179895,0.21012786980621728
0.20063609859528228,0.2998678996036988,0.21015584215535005
0.20090113967664988,0.2994722955145119,0.2101572115200747
0.20116618075801748,0.30039525691699603,0.2101999596241371
0.2014312218393851,0.3,0.2102071675899226
0.2016962629207527,0.2996057818659658,0.21024597552296873
0.20196130400212034,0.2992125984251969,0.2102522676623315
0.20222634508348794,0.30013106159895153,0.21026197582717937
0.20249138616485554,0.299738219895288,0.2102965961118264
0.20275642724622317,0.3006535947712418,0.2103164152112255
0.20302146832759077,0.30156657963446476,0.210322469870509
0.2032865094089584,0.3011734028683181,0.21036197053582437
0.203551550490326,0.30078125,0.21040910898892662
0.2038165915716936,0.30039011703511054,0.2104357175367015
0.20408163265306123,0.3,0.21044433449027417
0.20434667373442883,0.29961089494163423,0.21046398443327358
0.20461171481579646,0.29922279792746115,0.21056413865758997
0.20487675589716406,0.2988357050452781,0.21057007369327457
0.20514179697853166,0.2997416020671835,0.21057993740434686
0.2054068380598993,0.29935483870967744,0.21058560254958925
0.2056718791412669,0.29896907216494845,0.21060970113819316
0.20593692022263452,0.29987129987129985,0.21070426475746346
0.20620196130400212,0.30077120822622105,0.21072195716172118
0.20646700238536972,0.30166880616174585,0.21074561370550143
0.20673204346673735,0.30128205128205127,0.21074833225359166
0.20699708454810495,0.30217669654289375,0.21082528987064555
0.20726212562947258,0.3030690537084399,0.21083340848732404
0.20752716671084018,0.30395913154533843,0.2108418178329513
0.2077922077922078,0.30357142857142855,0.21085036308810864
0.2080572488735754,0.30445859872611464,0.21086900500085165
0.208322289954943,0.30407124681933845,0.21088437371990068
0.20858733103631064,0.3036848792884371,0.2109792604007149
0.20885237211767824,0.30456852791878175,0.21097970860701787
0.20911741319904587,0.30544993662864384,0.21097981776235133
0.20938245428041347,0.3050632911392405,0.21098542109612406
0.20964749536178107,0.3059418457648546,0.2109894797126582
0.2099125364431487,0.3055555555555556,0.2109938656625376
0.2101775775245163,0.3064312736443884,0.21104674832162737
0.21044261860588392,0.3060453400503778,0.21105957324518965
0.21070765968725153,0.3069182389937107,0.21108027542219965
0.21097270076861913,0.3065326633165829,0.2111146424726176
0.21123774184998675,0.30614805520702637,0.2111272073837103
0.21150278293135436,0.3057644110275689,0.21114458176921874
0.21176782401272198,0.3053817271589487,0.21114625074316948
0.21203286509408958,0.30625,0.21116167485058224
0.21229790617545719,0.30711610486891383,0.2111702267223574
0.2125629472568248,0.30673316708229426,0.21118170251740662
0.21282798833819241,0.30759651307596514,0.21118378727278067
0.21309302941956004,0.3072139303482587,0.211228850448892
0.21335807050092764,0.306832298136646,0.2112918091925118
0.21362311158229524,0.3064516129032258,0.21129308573071495
0.21388815266366287,0.3073110285006196,0.2112972310416496
0.21415319374503047,0.30816831683168316,0.21131160517566305
0.2144182348263981,0.30902348578491967,0.21131441360322645
0.2146832759077657,0.30864197530864196,0.21134156884592634
0.2149483169891333,0.3082614056720099,0.2113443750813294
0.21521335807050093,0.3078817733990148,0.21135346163059182
0.21547839915186853,0.3075030750307503,0.21137322657847385
0.21574344023323616,0.3083538083538084,0.21142214333542314
0.21600848131460376,0.3079754601226994,0.2115106881035965
0.21627352239597136,0.3075980392156863,0.21154331877641805
0.216538563477339,0.3084455324357405,0.21154339710168651
0.2168036045587066,0.3092909535452323,0.2115545893710175
0.21706864564007422,0.31013431013431014,0.21160532642735988
0.21733368672144182,0.31097560975609756,0.21165287923638665
0.21759872780280942,0.3118148599269184,0.21172588378885945
0.21786376888417705,0.3126520681265207,0.21174138990320823
0.21812880996554465,0.31227217496962334,0.21180321182978132
0.21839385104691228,0.3118932038834951,0.21181488840828988
0.21865889212827988,0.31272727272727274,0.21183825596081698
0.2189239332096475,0.31234866828087166,0.21184654563843458
0.2191889742910151,0.31197097944377267,0.21185012161420358
0.2194540153723827,0.3115942028985507,0.21187616316030952
0.21971905645375034,0.31242460796139926,0.2119156556720429
0.21998409753511794,0.3132530120481928,0.21191941206890316
0.22024913861648557,0.3140794223826715,0.2119218634669774
0.22051417969785317,0.3137019230769231,0.2119794616152124
0.22077922077922077,0.3133253301320528,0.21201793718712086
0.2210442618605884,0.3129496402877698,0.21203088136366322
0.221309302941956,0.3125748502994012,0.21203558603812778
0.22157434402332363,0.31220095693779903,0.21210576835751216
0.22183938510469123,0.3118279569892473,0.2121288368533739
0.22210442618605883,0.3126491646778043,0.21213303898095948
0.22236946726742646,0.31227651966626935,0.2121481477363202
0.22263450834879406,0.3119047619047619,0.21215832325293582
0.2228995494301617,0.31153388822829964,0.21216598418594207
0.2231645905115293,0.31235154394299286,0.21220758713614782
0.2234296315928969,0.31198102016607354,0.2122484563570493
0.22369467267426452,0.31161137440758296,0.21227501351533268
0.22395971375563212,0.31124260355029587,0.21228078038916098
0.22422475483699975,0.3108747044917258,0.21228269502237138
0.22448979591836735,0.3116883116883117,0.2122860170136235
0.22475483699973495,0.3113207547169811,0.21228725882362237
0.22501987808110258,0.31095406360424027,0.2123365263622513
0.22528491916247018,0.31176470588235294,0.21233872097987275
0.2255499602438378,0.31139835487661577,0.2123397765268919
0.2258150013252054,0.31220657276995306,0.21236850447652494
0.226080042406573,0.3118405627198124,0.2123764570634243
0.22634508348794063,0.3126463700234192,0.21238640454787697
0.22661012456930824,0.3134502923976608,0.2123994803784647
0.22687516565067586,0.3130841121495327,0.21240110076963042
0.22714020673204346,0.31388564760793464,0.21240722451747723
0.22740524781341107,0.3135198135198135,0.212516881849732
0.2276702888947787,0.31431897555296856,0.21255779848831086
0.2279353299761463,0.313953488372093,0.21256500163207487
0.22820037105751392,0.3147502903600465,0.21256713285968115
0.22846541213888152,0.314385150812065,0.21257855532116654
0.22873045322024915,0.31517960602549244,0.21259753119629482
0.22899549430161675,0.3148148148148148,0.21261599772606854
0.22926053538298435,0.315606936416185,0.21263290351718142
0.22952557646435198,0.31524249422632794,0.2126823536577426
0.22979061754571958,0.3160322952710496,0.21268821622183126
0.2300556586270872,0.315668202764977,0.21269861999910752
0.2303206997084548,0.31530494821634064,0.2127358069310875
0.2305857407898224,0.3160919540229885,0.21275868076245116
0.23085078187119004,0.3157290470723307,0.21279797236469036
0.23111582295255764,0.3165137614678899,0.2127997307338361
0.23138086403392527,0.3161512027491409,0.21280333462549042
0.23164590511529287,0.3157894736842105,0.21281356418780223
0.23191094619666047,0.31542857142857145,0.21284077291753203
0.2321759872780281,0.3150684931506849,0.21284428688129134
0.2324410283593957,0.314709236031927,0.21284921932790893
0.23270606944076333,0.3143507972665148,0.2128675856296105
0.23297111052213093,0.31513083048919227,0.21287354418141766
0.23323615160349853,0.31477272727272726,0.2128956103642809
0.23350119268486616,0.3155505107832009,0.21289876575304906
0.23376623376623376,0.31519274376417233,0.21290470599742295
0.2340312748476014,0.3159682899207248,0.2129130758157777
0.234296315928969,0.3156108597285068,0.21292915046945396
0.2345613570103366,0.3163841807909605,0.21293677998684604
0.23482639809170422,0.3160270880361174,0.21294647633609345
0.23509143917307182,0.3156708004509583,0.2129467836032336
0.23535648025443945,0.3153153153153153,0.21296326928606774
0.23562152133580705,0.31496062992125984,0.21296575262609793
0.23588656241717465,0.31573033707865167,0.2129697387369983
0.23615160349854228,0.3153759820426487,0.21303812935405592
0.23641664457990988,0.3150224215246637,0.2130471278788533
0.2366816856612775,0.3146696528555431,0.2130500929966808
0.2369467267426451,0.3143176733780761,0.21306948918154714
0.2372117678240127,0.31508379888268156,0.2130760461325139
0.23747680890538034,0.31473214285714285,0.2131140709153766
0.23774184998674794,0.31438127090301005,0.2131143213033523
0.23800689106811557,0.3151447661469933,0.21313072852436135
0.23827193214948317,0.31590656284760843,0.2131715344228154
0.23853697323085077,0.31555555555555553,0.21317481823880538
0.2388020143122184,0.31520532741398444,0.21318550460206484
0.239067055393586,0.31596452328159647,0.21318876288501853
0.23933209647495363,0.3167220376522702,0.21321999281776866
0.23959713755632123,0.3174778761061947,0.2132306813271082
0.23986217863768886,0.31712707182320443,0.21324486040311816
0.24012721971905646,0.31677704194260486,0.21325358938365221
0.24039226080042406,0.3164277839029768,0.21326487686939688
0.24065730188179169,0.31718061674008813,0.2132749986218121
0.24092234296315929,0.3179317931793179,0.21329379746582108
0.24118738404452691,0.31758241758241756,0.2133470030493852
0.24145242512589452,0.3172338090010977,0.21334964532630202
0.24171746620726212,0.31798245614035087,0.21335650283454535
0.24198250728862974,0.3187294633077766,0.21337388561718187
0.24224754836999735,0.31947483588621445,0.2133985881926105
0.24251258945136497,0.32021857923497266,0.21344765531514878
0.24277763053273257,0.31986899563318777,0.2134791015472057
0.24304267161410018,0.32061068702290074,0.21354715817327496
0.2433077126954678,0.3213507625272331,0.2135596120402626
0.2435727537768354,0.3220892274211099,0.21358863282426885
0.24383779485820303,0.3217391304347826,0.2135985602995233
0.24410283593957063,0.32138979370249726,0.21361570847994815
0.24436787702093823,0.32212581344902386,0.21363011580554114
0.24463291810230586,0.3217768147345612,0.2136308610055541
0.24489795918367346,0.32142857142857145,0.21365123420972565
0.2451630002650411,0.3210810810810811,0.21365162738592872
0.2454280413464087,0.32181425485961124,0.21365778756916182
0.2456930824277763,0.3225458468176915,0.21371017660027064
0.24595812350914392,0.32219827586206895,0.21372864661566982
0.24622316459051152,0.32292787944025836,0.21373508151808782
0.24648820567187915,0.3225806451612903,0.21374369798033702
0.24675324675324675,0.322234156820623,0.21374816403057986
0.24701828783461435,0.3229613733905579,0.213749758540966
0.24728332891598198,0.32261521972132906,0.21376179517446287
0.24754836999734958,0.3233404710920771,0.21378895253710903
0.2478134110787172,0.3229946524064171,0.21383796337267516
0.2480784521600848,0.32371794871794873,0.21387370579181206
0.2483434932414524,0.3244397011739594,0.213919812078422
0.24860853432282004,0.32409381663113007,0.2139215197190835
0.24887357540418764,0.32374866879659214,0.21393575544532956
0.24913861648555527,0.324468085106383,0.21394537101553635
0.24940365756692287,0.32518597236981933,0.21398805597811407
0.24966869864829047,0.3248407643312102,0.21401954687859906
0.2499337397296581,0.3244962884411453,0.2140285699680841
0.2501987808110257,0.3241525423728814,0.2140555075761258
0.2504638218923933,0.3238095238095238,0.21412065558038418
0.25072886297376096,0.32346723044397463,0.2141259129235797
0.25099390405512856,0.32312565997888065,0.2142031404422198
0.25125894513649616,0.32383966244725737,0.2142594834704044
0.25152398621786376,0.32349841938883034,0.21430833242646946
0.25178902729923136,0.3231578947368421,0.21431518118273654
0.252054068380599,0.323869610935857,0.21431887733287022
0.2523191094619666,0.3245798319327731,0.2143533454816214
0.2525841505433342,0.3242392444910808,0.21436984585550806
0.2528491916247018,0.3249475890985325,0.21438429370809683
0.2531142327060694,0.3256544502617801,0.2143879644917312
0.2533792737874371,0.3253138075313807,0.21439260211331596
0.2536443148688047,0.32601880877742945,0.21439280193807653
0.2539093559501723,0.325678496868476,0.2144370489811051
0.2541743970315399,0.32638164754953075,0.21444789254932006
0.2544394381129075,0.32708333333333334,0.214470413652975
0.25470447919427514,0.3267429760665973,0.21449120732532712
0.25496952027564274,0.3264033264033264,0.2144938518685186
0.25523456135701034,0.3260643821391485,0.2145224922964416
0.25549960243837794,0.3257261410788382,0.21458578653861984
0.25576464351974554,0.32538860103626943,0.2145899658781271
0.2560296846011132,0.32608695652173914,0.214593827003995
0.2562947256824808,0.32574974146845914,0.2146430452514475
0.2565597667638484,0.32541322314049587,0.2146717069127272
0.256824807845216,0.32507739938080493,0.21469973840649595
0.2570898489265836,0.3247422680412371,0.21472811782675433
0.25735489000795125,0.32440782698249226,0.21473077310038802
0.25761993108931885,0.32510288065843623,0.21474378386507612
0.25788497217068646,0.32579650565262075,0.21477202833617456
0.25815001325205406,0.3264887063655031,0.21477742379649117
0.25841505433342166,0.3271794871794872,0.21481037256992513
0.2586800954147893,0.32684426229508196,0.21482561874344827
0.2589451364961569,0.32753326509723646,0.21482875551077554
0.2592101775775245,0.3282208588957055,0.21482891339082863
0.2594752186588921,0.3289070480081716,0.21483410481637882
0.2597402597402597,0.3295918367346939,0.21484661071437836
0.26000530082162737,0.3302752293577982,0.21487250009603798
0.260270341902995,0.33095723014256617,0.21492191729041496
0.2605353829843626,0.3306205493387589,0.21495932554480507
0.2608004240657302,0.33028455284552843,0.2149863967951612
0.2610654651470978,0.33096446700507615,0.21502372453844892
0.26133050622846543,0.3316430020283976,0.21502478782917822
0.26159554730983303,0.3323201621073962,0.21503067084492575
0.26186058839120063,0.33299595141700405,0.21503109586960484
0.26212562947256823,0.33367037411526795,0.21504114114248918
0.26239067055393583,0.33434343434343433,0.21506680569724093
0.2626557116353035,0.3340060544904137,0.21506729967926197
0.2629207527166711,0.3346774193548387,0.21506777602532048
0.2631857937980387,0.33534743202416917,0.2151150845821035
0.2634508348794063,0.33601609657947684,0.2151261141156103
0.2637158759607739,0.335678391959799,0.21512614128440427
0.26398091704214155,0.33634538152610444,0.21516371532049527
0.26424595812350915,0.3370110330992979,0.2151757016504907
0.26451099920487675,0.3376753507014028,0.2152001521010374
0.26477604028624435,0.33733733733733734,0.21522441688070124
0.26504108136761195,0.338,0.21523208175910583
0.2653061224489796,0.33766233766233766,0.2152681264699667
0.2655711635303472,0.3383233532934132,0.21529120108901634
0.2658362046117148,0.33798604187437686,0.21529964575320207
0.2661012456930824,0.3376494023904382,0.2153151450066782
0.26636628677445007,0.3383084577114428,0.21532531647280015
0.26663132785581767,0.3379721669980119,0.2153797233129701
0.26689636893718527,0.3386295928500497,0.21538335603291925
0.26716141001855287,0.3382936507936508,0.21540853461846926
0.26742645109992047,0.3379583746283449,0.21542584976445228
0.2676914921812881,0.33861386138613864,0.2154366209997787
0.2679565332626557,0.33926805143422356,0.21545659438143724
0.26822157434402333,0.33992094861660077,0.21548003758804662
0.26848661542539093,0.3395853899308983,0.21553818805966857
0.26875165650675853,0.34023668639053256,0.21554292461978272
0.2690166975881262,0.3399014778325123,0.21559188185921815
0.2692817386694938,0.3395669291338583,0.21563535296433117
0.2695467797508614,0.3392330383480826,0.21565636213828676
0.269811820832229,0.3388998035363458,0.21568563940678923
0.2700768619135966,0.338567222767419,0.2157013064969295
0.27034190299496424,0.3382352941176471,0.21571089971615484
0.27060694407633185,0.3388834476003918,0.2157252133171687
0.27087198515769945,0.3395303326810176,0.21573281883778084
0.27113702623906705,0.3391984359726295,0.21577661253465594
0.27140206732043465,0.33984375,0.21581078758454514
0.2716671084018023,0.33951219512195124,0.21582582358169836
0.2719321494831699,0.3391812865497076,0.21583260062227946
0.2721971905645375,0.3388510223953262,0.21585798235980966
0.2724622316459051,0.33852140077821014,0.21586025135773182
0.2727272727272727,0.33819241982507287,0.21593658515268008
0.27299231380864036,0.3388349514563107,0.21595659933670752
0.27325735489000796,0.3394762366634336,0.2159593534406648
0.27352239597137556,0.34011627906976744,0.21597547250678592
0.27378743705274317,0.34075508228460794,0.21597837387771565
0.27405247813411077,0.3404255319148936,0.21599069089423534
0.2743175192154784,0.34009661835748795,0.21604668408816258
0.274582560296846,0.33976833976833976,0.2160684230780234
0.2748476013782136,0.3404050144648023,0.2161053202200053
0.2751126424595812,0.34104046242774566,0.2161073494577601
0.2753776835409488,0.34167468719923005,0.21616402445166089
0.2756427246223165,0.34134615384615385,0.2162198753752831
0.2759077657036841,0.3410182516810759,0.2162342383321538
0.2761728067850517,0.34069097888675626,0.2162362250543404
0.2764378478664193,0.34036433365292423,0.21626171538798433
0.2767028889477869,0.3400383141762452,0.21627291302723933
0.27696793002915454,0.3406698564593301,0.21629122689151065
0.27723297111052214,0.3403441682600382,0.21630993115299643
0.27749801219188974,0.34001910219675263,0.21632089572845759
0.27776305327325734,0.34064885496183206,0.21641200054241844
0.27802809435462494,0.340324118207817,0.21642449379300266
0.2782931354359926,0.34,0.21643797478102828
0.2785581765173602,0.340627973358706,0.21644743050486034
0.2788232175987278,0.34125475285171103,0.216448480175044
0.2790882586800954,0.3418803418803419,0.21645563027798245
0.279353299761463,0.3415559772296015,0.2164586578025273
0.27961834084283066,0.3412322274881517,0.21646667239035777
0.27988338192419826,0.3409090909090909,0.2164849631079287
0.28014842300556586,0.34058656575212864,0.21653402578181172
0.28041346408693346,0.34026465028355385,0.21653806631264497
0.28067850516830106,0.3408876298394712,0.21657319387228405
0.2809435462496687,0.34150943396226413,0.2165968496484866
0.2812085873310363,0.3411875589066918,0.21659814079709883
0.2814736284124039,0.3408662900188324,0.2166018388209023
0.2817386694937715,0.34148635936030103,0.21663435385968371
0.2820037105751391,0.34116541353383456,0.21663450180455812
0.2822687516565068,0.3408450704225352,0.21663898570823847
0.2825337927378744,0.3405253283302064,0.216646017314544
0.282798833819242,0.3402061855670103,0.21666829051143158
0.2830638749006096,0.3398876404494382,0.2166827915984006
0.2833289159819772,0.34050514499532275,0.21670491021244428
0.28359395706334484,0.3411214953271028,0.21672353918459464
0.28385899814471244,0.34173669467787116,0.216747837859402
0.28412403922608004,0.3414179104477612,0.21674860660739254
0.28438908030744764,0.34109972041006525,0.21677553234431157
0.28465412138881524,0.3407821229050279,0.21678072257849434
0.2849191624701829,0.3404651162790698,0.2167875457347928
0.2851842035515505,0.34014869888475835,0.21679293297854635
0.2854492446329181,0.3398328690807799,0.21679415811936273
0.2857142857142857,0.3404452690166976,0.21682262624143522
0.2859793267956533,0.340129749768304,0.21684704062557936
0.28624436787702096,0.34074074074074073,0.2168569923427085
0.28650940895838856,0.34135060129509714,0.21686813683941203
0.28677445003975616,0.3410351201478743,0.2168717369002232
0.28703949112112376,0.34164358264081257,0.21687356566808402
0.2873045322024914,0.3413284132841328,0.21687540508538888
0.287569573283859,0.34101382488479265,0.21688649737874985
0.2878346143652266,0.3416206261510129,0.21690606936513776
0.2880996554465942,0.3422263109475621,0.21692816606239104
0.2883646965279618,0.34191176470588236,0.21696278352995982
0.2886297376093295,0.3415977961432507,0.216968430544221
0.2888947786906971,0.3412844036697248,0.2169859492164765
0.2891598197720647,0.34097158570119157,0.2169904070733464
0.2894248608534323,0.34065934065934067,0.21702309891930285
0.2896899019347999,0.3403476669716377,0.2170372180003891
0.28995494301616753,0.340036563071298,0.21705815363727096
0.29021998409753513,0.3406392694063927,0.21709137771934078
0.29048502517890273,0.3403284671532847,0.2170947581111638
0.29075006626027033,0.34001823154056515,0.2171326680545416
0.29101510734163794,0.3406193078324226,0.21713355565591566
0.2912801484230056,0.34121929026387626,0.21713751968610484
0.2915451895043732,0.3418181818181818,0.2171560786507433
0.2918102305857408,0.3424159854677566,0.21719592553518272
0.2920752716671084,0.3430127041742287,0.217216398948499
0.292340312748476,0.34270172257479603,0.21723506099996784
0.29260535382984365,0.3423913043478261,0.21723948144430866
0.29287039491121125,0.3429864253393665,0.2172404462521137
0.29313543599257885,0.3426763110307414,0.2172440925234152
0.29340047707394645,0.34327009936766034,0.21725663573723208
0.29366551815531405,0.34296028880866425,0.21727187133623035
0.2939305592366817,0.3435527502254283,0.21728264344582127
0.2941956003180493,0.34324324324324323,0.21729261485711862
0.2944606413994169,0.34293429342934295,0.21733011893259496
0.2947256824807845,0.3435251798561151,0.21733170233016214
0.2949907235621521,0.34321653189577717,0.21734624473150146
0.29525576464351977,0.34290843806104127,0.21736006496006643
0.29552080572488737,0.34260089686098655,0.21736327140089673
0.29578584680625497,0.34229390681003585,0.21742505863575368
0.29605088788762257,0.341987466427932,0.21742926926449088
0.29631592896899017,0.3416815742397138,0.21743873410067563
0.29658097005035783,0.34226988382484363,0.21744250178657387
0.29684601113172543,0.34285714285714286,0.21745381826772003
0.29711105221309303,0.3434433541480821,0.2174753988662169
0.29737609329446063,0.3431372549019608,0.21750269284228382
0.29764113437582823,0.3428317008014248,0.21750432565625763
0.2979061754571959,0.34252669039145905,0.21752681321579032
0.2981712165385635,0.3422222222222222,0.21755320967306574
0.2984362576199311,0.3428063943161634,0.21757934898991535
0.2987012987012987,0.34250221827861577,0.2175885621811044
0.2989663397826663,0.3421985815602837,0.2176002805094345
0.29923138086403395,0.34189548272807796,0.21768321558526524
0.29949642194540155,0.3424778761061947,0.2176898836554123
0.29976146302676915,0.3421750663129973,0.21771573169955252
0.30002650410813675,0.34275618374558303,0.21776902774603063
0.30029154518950435,0.3433362753751103,0.2178304356200524
0.300556586270872,0.3439153439153439,0.2178310519105903
0.3008216273522396,0.3436123348017621,0.21784706911917737
0.3010866684336072,0.34330985915492956,0.21786010566299938
0.3013517095149748,0.3438874230430959,0.21786554433905914
0.3016167505963424,0.343585237258348,0.21788196103544774
0.30188179167771007,0.34416154521510095,0.21791372013061194
0.30214683275907767,0.3447368421052632,0.2179333180895854
0.30241187384044527,0.3453111305872042,0.21794613330080834
0.30267691492181287,0.3450087565674256,0.2179597003812979
0.30294195600318047,0.3447069116360455,0.21800891703196462
0.3032069970845481,0.34440559440559443,0.21801289829440473
0.3034720381659157,0.34497816593886466,0.21802869861778806
0.3037370792472833,0.34554973821989526,0.21803608567210336
0.3040021203286509,0.34524847428073235,0.2181127134920793
0.3042671614100185,0.34581881533101044,0.21811371813261984
0.3045322024913862,0.34551784160139254,0.21813134823921076
0.3047972435727538,0.34608695652173915,0.21813413139957127
0.3050622846541214,0.34578627280625546,0.21814517224844873
0.305327325735489,0.3454861111111111,0.21815970165036078
0.3055923668168566,0.3460537727666956,0.2181598972463664
0.30585740789822424,0.34575389948006935,0.2181674875291041
0.30612244897959184,0.3463203463203463,0.21817017389611476
0.30638749006095944,0.3460207612456747,0.2181752045778243
0.30665253114232705,0.3465859982713915,0.21817599457142833
0.30691757222369465,0.34628670120898103,0.2181910303389648
0.3071826133050623,0.3459879206212252,0.21824968278034743
0.3074476543864299,0.3456896551724138,0.2182543396646721
0.3077126954677975,0.3453919035314384,0.21825473743715912
0.3079777365491651,0.34509466437177283,0.2182582546905768
0.3082427776305327,0.3456577815993121,0.21826072588946013
0.30850781871190036,0.34621993127147765,0.2182709426643753
0.30877285979326796,0.34678111587982835,0.2182795627689835
0.30903790087463556,0.34734133790737565,0.2182844699951077
0.30930294195600316,0.34790059982862037,0.2183290752437492
0.3095679830373708,0.348458904109589,0.21834771143067258
0.3098330241187384,0.3481608212147134,0.2183503871111829
0.310098065200106,0.34786324786324785,0.21837161810562028
0.3103631062814736,0.3475661827497865,0.21839346246119032
0.3106281473628412,0.34812286689419797,0.2184196528749384
0.3108931884442089,0.34782608695652173,0.21842510445734747
0.3111582295255765,0.3475298126064736,0.21846053023865541
0.3114232706069441,0.34808510638297874,0.21848199838126375
0.3116883116883117,0.34778911564625853,0.21850310846380258
0.3119533527696793,0.34834324553950724,0.21851348540253102
0.31221839385104694,0.34889643463497455,0.2185187932511936
0.31248343493241454,0.3486005089058524,0.2185281850405727
0.31274847601378214,0.3483050847457627,0.2185435697207223
0.31301351709514974,0.3488569009314141,0.21855272976161627
0.31327855817651734,0.3494077834179357,0.21856990633166098
0.313543599257885,0.34911242603550297,0.21859617334854295
0.3138086403392526,0.34966216216216217,0.21860831652828486
0.3140736814206202,0.3493670886075949,0.2186117608355636
0.3143387225019878,0.34991568296795955,0.21863356842955062
0.3146037635833554,0.34962089300758215,0.21866304461223623
0.31486880466472306,0.3493265993265993,0.2186746923820341
0.31513384574609066,0.3490328006728343,0.21868021395200693
0.31539888682745826,0.3495798319327731,0.21877363665208355
0.31566392790882586,0.3492863140218304,0.21880055193157277
0.31592896899019346,0.348993288590604,0.21881201054527044
0.3161940100715611,0.3495389773679799,0.21887585074157398
0.3164590511529287,0.3500837520938023,0.21887791451461402
0.3167240922342963,0.3497907949790795,0.2188804910110174
0.3169891333156639,0.3494983277591973,0.2188923857533463
0.3172541743970315,0.3492063492063492,0.21889465662492807
0.3175192154783992,0.34974958263772954,0.2189104714881104
0.3177842565597668,0.3494578815679733,0.21891669241585812
0.3180492976411344,0.35,0.21892179196663397
0.318314338722502,0.34970857618651124,0.2189448459349189
0.3185793798038696,0.3502495840266223,0.21898869825320896
0.31884442088523723,0.3507896924355777,0.21902393736684608
0.31910946196660483,0.3504983388704319,0.2190694000736388
0.31937450304797244,0.3510373443983402,0.21907229750611598
0.31963954412934004,0.351575456053068,0.2191321608001094
0.31990458521070764,0.3512841756420878,0.2191602591839813
0.3201696262920753,0.3509933774834437,0.21917270593250263
0.3204346673734429,0.35153019023986765,0.21918483519784057
0.3206997084548105,0.3512396694214876,0.21919609338126317
0.3209647495361781,0.3509496284062758,0.21922075533520927
0.3212297906175457,0.35148514851485146,0.21922434050856307
0.32149483169891335,0.3520197856553998,0.21929990359342869
0.32175987278028095,0.3525535420098847,0.21930097339988347
0.32202491386164855,0.3522633744855967,0.21935595018574905
0.32228995494301615,0.3527960526315789,0.2193736282594771
0.32255499602438376,0.3533278553820871,0.21939022734396751
0.3228200371057514,0.3530377668308703,0.2194593214400703
0.323085078187119,0.3535684987694832,0.21946055531189212
0.3233501192684866,0.35327868852459016,0.21946639432940854
0.3236151603498542,0.35298935298935297,0.21946955903098675
0.3238802014312218,0.353518821603928,0.21952077527614047
0.32414524251258947,0.35322976287816843,0.2195355247414283
0.32441028359395707,0.35294117647058826,0.21953571361201074
0.3246753246753247,0.35346938775510206,0.21955848801145156
0.3249403657566923,0.3539967373572594,0.21956858334453186
0.3252054068380599,0.3545232273838631,0.21956894175425531
0.32547044791942753,0.3550488599348534,0.21959181710735154
0.32573548900079513,0.35557363710333606,0.2196665098828393
0.32600053008216273,0.35609756097560974,0.21969307821014097
0.32626557116353033,0.3566206336311942,0.2197451681383451
0.32653061224489793,0.35714285714285715,0.21977468465462394
0.3267956533262656,0.35685320356853206,0.21978275346034634
0.3270606944076332,0.3565640194489465,0.21978888422367268
0.3273257354890008,0.3562753036437247,0.2198029824653109
0.3275907765703684,0.3559870550161812,0.21980978601511894
0.327855817651736,0.3556992724333064,0.219857316152334
0.32812085873310365,0.3562197092084006,0.21987457765762164
0.32838589981447125,0.35673930589184827,0.2199076881826798
0.32865094089583885,0.357258064516129,0.2199131206088041
0.32891598197720645,0.3569701853344077,0.21996435891393168
0.32918102305857405,0.35668276972624796,0.21997919083843537
0.3294460641399417,0.3572003218020917,0.21998128957022078
0.3297111052213093,0.35691318327974275,0.2200073714398387
0.3299761463026769,0.3566265060240964,0.22001272069351313
0.3302411873840445,0.35714285714285715,0.2200437457163722
0.33050622846541217,0.35765838011226947,0.22004557884573972
0.33077126954677977,0.3573717948717949,0.22004680497798543
0.33103631062814737,0.3578863090472378,0.22005519687603362
0.33130135170951497,0.3576,0.2200745885655898
0.33156639279088257,0.35731414868105515,0.22009409297593746
0.3318314338722502,0.35782747603833864,0.2200976565527873
0.3320964749536178,0.3583399840383081,0.22015550893871622
0.3323615160349854,0.3580542264752791,0.2201558342433905
0.332626557116353,0.35856573705179284,0.22015819324253202
0.33289159819772063,0.35828025477707004,0.2201729275086936
0.3331566392790883,0.35879077167859985,0.22017344495941052
0.3334216803604559,0.35930047694753575,0.22018408375174073
0.3336867214418235,0.35901509134233517,0.2201865850214909
0.3339517625231911,0.3595238095238095,0.2202110866094552
0.3342168036045587,0.3600317208564631,0.22022988389329315
0.33448184468592634,0.35974643423137875,0.22025291221492618
0.33474688576729394,0.3602533650039588,0.22026427894593845
0.33501192684866155,0.36075949367088606,0.22029510470889313
0.33527696793002915,0.36047430830039523,0.22030394611328152
0.33554200901139675,0.3609794628751975,0.22031634156200788
0.3358070500927644,0.36148382004735596,0.22035690401768346
0.336072091174132,0.36198738170347006,0.22036388003991622
0.3363371322554996,0.3617021276595745,0.22037871008441165
0.3366021733368672,0.36220472440944884,0.22040023921475993
0.3368672144182348,0.3627065302911094,0.22041482381439292
0.33713225549960246,0.36242138364779874,0.22041752949258586
0.33739729658097006,0.3629222309505106,0.2204341025412419
0.33766233766233766,0.3626373626373626,0.22043461401182096
0.33792737874370526,0.3631372549019608,0.22044702066867675
0.33819241982507287,0.36363636363636365,0.22045081454139717
0.3384574609064405,0.3633516053249804,0.2204540557608381
0.3387225019878081,0.36384976525821594,0.22045858395218193
0.3389875430691757,0.3635652853792025,0.22048752793299717
0.3392525841505433,0.36328125,0.22051695477347585
0.3395176252319109,0.36377829820452773,0.2205262205342835
0.3397826663132786,0.36349453978159124,0.2205586415230903
0.3400477073946462,0.36321122369446607,0.22057343343174168
0.3403127484760138,0.3629283489096573,0.22062253962058462
0.3405777895573814,0.36342412451361866,0.22065596384435587
0.340842830638749,0.36391912908242613,0.2206571101658804
0.34110787172011664,0.3644133644133644,0.2206602189786114
0.34137291280148424,0.36490683229813664,0.22069276750961608
0.34163795388285184,0.365399534522886,0.22071987717753003
0.34190299496421944,0.36511627906976746,0.22072141083975788
0.34216803604558704,0.3648334624322231,0.22072750986889172
0.3424330771269547,0.3653250773993808,0.22079687909633203
0.3426981182083223,0.365815931941222,0.22080183118688046
0.3429631592896899,0.366306027820711,0.22080832349991436
0.3432282003710575,0.36602316602316604,0.22080938841405737
0.3434932414524251,0.36651234567901236,0.22084308774800632
0.34375828253379276,0.3662297609868928,0.22084623157630134
0.34402332361516036,0.3659476117103236,0.2208551745359128
0.34428836469652796,0.36643571978444955,0.22087438372437695
0.34455340577789556,0.3669230769230769,0.22087645748170112
0.34481844685926316,0.36664104534973097,0.2209369822008593
0.3450834879406308,0.3671274961597542,0.22094440115835423
0.3453485290219984,0.36761320030698386,0.22094507336276434
0.345613570103366,0.36733128834355827,0.22094661578658523
0.3458786111847336,0.367816091954023,0.22097263784636456
0.3461436522661012,0.3675344563552833,0.22098349866292796
0.3464086933474689,0.36725325172149964,0.22099993299490087
0.3466737344288365,0.3669724770642202,0.22101019410114614
0.3469387755102041,0.36669213139801377,0.22106506813329907
0.3472038165915717,0.366412213740458,0.22106957207443534
0.3474688576729393,0.36689549961861173,0.22111735297009757
0.34773389875430694,0.3673780487804878,0.22114836236256113
0.34799893983567454,0.3670982482863671,0.2211533990988661
0.34826398091704214,0.3668188736681887,0.22120660282759877
0.34852902199840974,0.3673003802281369,0.22124054051614916
0.34879406307977734,0.3670212765957447,0.2212476335920744
0.349059104161145,0.3675018982536067,0.22127678437677942
0.3493241452425126,0.36798179059180575,0.22129532975814412
0.3495891863238802,0.36770280515542075,0.22130636421743624
0.3498542274052478,0.36742424242424243,0.22133743634214773
0.3501192684866154,0.36714610143830434,0.2213454248713384
0.35038430956798305,0.367624810892587,0.22140770133977786
0.35064935064935066,0.36810279667422524,0.22141600583757914
0.35091439173071826,0.3685800604229607,0.22141914958732264
0.35117943281208586,0.3690566037735849,0.22142726558175582
0.3514444738934535,0.36877828054298645,0.22144994846642652
0.3517095149748211,0.36925395629238883,0.22146687150931255
0.3519745560561887,0.3697289156626506,0.22147434488345522
0.3522395971375563,0.3694507148231753,0.2214810542922787
0.3525046382189239,0.36917293233082704,0.22150514771730437
0.35276967930029157,0.3688955672426747,0.22151065859281596
0.3530347203816592,0.3686186186186186,0.2215719032082079
0.3532997614630268,0.3690922730682671,0.2215784354151376
0.3535648025443944,0.3695652173913043,0.2215796389354147
0.353829843625762,0.3692883895131086,0.22158125664549125
0.35409488470712963,0.3690119760479042,0.22158204522154845
0.35435992578849723,0.368735976065819,0.22158239072369784
0.35462496686986483,0.3692077727952167,0.2215883873059081
0.35489000795123243,0.3696788648244959,0.22165523533162684
0.35515504903260003,0.3694029850746269,0.22167522530267655
0.3554200901139677,0.3691275167785235,0.2216901147799173
0.3556851311953353,0.36885245901639346,0.22172133800672675
0.3559501722767029,0.3685778108711839,0.22172745301010605
0.3562152133580705,0.36904761904761907,0.22183508958791792
0.3564802544394381,0.36951672862453533,0.2218468749216263
0.35674529552080575,0.3699851411589896,0.22186279288495053
0.35701033660217335,0.36971046770601335,0.22187350025558106
0.35727537768354095,0.3694362017804154,0.2218819144920971
0.35754041876490855,0.36916234247590807,0.2218848604383749
0.35780545984627615,0.3688888888888889,0.22190302408749416
0.3580705009276438,0.36935603256846783,0.22194655974671898
0.3583355420090114,0.3698224852071006,0.22198000719918828
0.358600583090379,0.37028824833702884,0.22198018189183227
0.3588656241717466,0.3707533234859675,0.222004048509991
0.3591306652531142,0.37047970479704795,0.22200644660162927
0.35939570633448187,0.3702064896755162,0.2220196661788363
0.35966074741584947,0.37067059690493737,0.22202895182659715
0.35992578849721707,0.3703976435935199,0.22210782844378502
0.36019082957858467,0.37012509197939664,0.22211425594285059
0.36045587065995227,0.37058823529411766,0.22213722798449806
0.3607209117413199,0.37031594415870683,0.22216024163386658
0.36098595282268753,0.3700440528634361,0.22218975844446082
0.36125099390405513,0.3705062362435803,0.22226789037033523
0.36151603498542273,0.37023460410557185,0.22227371556269956
0.36178107606679033,0.36996336996337,0.22228171836379132
0.362046117148158,0.37042459736456806,0.2222915545326207
0.3623111582295256,0.3701536210680322,0.2223039908718712
0.3625761993108932,0.3706140350877193,0.2223108635700889
0.3628412403922608,0.37034331628926226,0.2223182959990586
0.3631062814736284,0.3708029197080292,0.22232229715868534
0.36337132255499605,0.37053245805981033,0.22233006160462074
0.36363636363636365,0.37026239067055394,0.22233508689770276
0.36390140471773125,0.370721048798252,0.22235713429645448
0.36416644579909885,0.37045123726346435,0.2223777057594922
0.36443148688046645,0.3709090909090909,0.22237907810928773
0.3646965279618341,0.3706395348837209,0.22246858212980847
0.3649615690432017,0.37037037037037035,0.22247342880341842
0.3652266101245693,0.37010159651669083,0.22247379151492216
0.3654916512059369,0.37055837563451777,0.22247439715693232
0.3657566922873045,0.3710144927536232,0.22249518715907857
0.36602173336867216,0.3714699493120927,0.22250037404355077
0.36628677445003976,0.3712011577424023,0.22251299897406604
0.36655181553140737,0.37165582067968184,0.22252264299417193
0.36681685661277497,0.3713872832369942,0.22256095774833248
0.36708189769414257,0.3711191335740072,0.22258509504143872
0.3673469387755102,0.37157287157287155,0.22266723184560078
0.3676119798568778,0.3720259552992069,0.22270639003451012
0.3678770209382454,0.37247838616714696,0.22272165554996573
0.368142062019613,0.37293016558675307,0.22272345919399458
0.3684071031009806,0.3726618705035971,0.22273578292854374
0.3686721441823483,0.3723939611790079,0.22273749004402357
0.3689371852637159,0.3728448275862069,0.2227648653481807
0.3692022263450835,0.37329504666188085,0.2228139604990246
0.3694672674264511,0.37302725968436157,0.22282504354405927
0.3697323085078187,0.3734767025089606,0.22284752417177306
0.36999734958918634,0.37392550143266473,0.22285358050911355
0.37026239067055394,0.3743736578382248,0.22287198855848814
0.37052743175192154,0.3748211731044349,0.22288131958173307
0.37079247283328914,0.3745532523230879,0.22288756465702506
0.37105751391465674,0.375,0.22291592271167937
0.3713225549960244,0.37544610992148464,0.22293262022057833
0.371587596077392,0.37589158345221113,0.2229792358971898
0.3718526371587596,0.37633642195295797,0.22299171147230087
0.3721176782401272,0.3767806267806268,0.22302973751696212
0.37238271932149486,0.37651245551601425,0.22303472676386643
0.37264776040286246,0.3762446657183499,0.22303793521025234
0.37291280148423006,0.3759772565742715,0.22305002985699152
0.37317784256559766,0.3757102272727273,0.22305151310011115
0.37344288364696526,0.37544357700496805,0.2230790412392832
0.3737079247283329,0.375886524822695,0.2231220196179447
0.3739729658097005,0.37632884479092843,0.22313142361884167
0.3742380068910681,0.37606232294617564,0.2231762870214206
0.3745030479724357,0.37579617834394907,0.22320165225742591
0.3747680890538033,0.37623762376237624,0.22321801612874984
0.375033130135171,0.37667844522968197,0.22322140520931147
0.3752981712165386,0.3771186440677966,0.22323078415735406
0.3755632122979062,0.37755822159491886,0.22323398513034187
0.3758282533792738,0.37799717912552894,0.22324736996682587
0.3760932944606414,0.3777307963354475,0.22325465596432434
0.37635833554200904,0.37746478873239436,0.22325564594859112
0.37662337662337664,0.3771991555242787,0.22325996249414717
0.37688841770474424,0.3769338959212377,0.2232697351883046
0.37715345878611184,0.3773717498243148,0.22332372835679726
0.37741849986747944,0.37780898876404495,0.22333887416885845
0.3776835409488471,0.3782456140350877,0.22334103152407817
0.3779485820302147,0.37868162692847124,0.22334513049050275
0.3782136231115823,0.37841625788367206,0.22334655333582187
0.3784786641929499,0.37815126050420167,0.22337149190617306
0.3787437052743175,0.37858642407277815,0.22337431490499624
0.37900874635568516,0.37832167832167835,0.22344088337875695
0.37927378743705276,0.3780573025856045,0.22345344104319786
0.37953882851842036,0.3784916201117318,0.2235237117723795
0.37980386959978796,0.37892533147243546,0.22355200208832862
0.38006891068115556,0.3786610878661088,0.22355275596123025
0.3803339517625232,0.378397212543554,0.22356076723342388
0.3805989928438908,0.3788300835654596,0.22359553623558087
0.3808640339252584,0.3792623521224774,0.22364144446195597
0.381129075006626,0.3796940194714882,0.2236518097869148
0.3813941160879936,0.3801250868658791,0.2236543353243071
0.3816591571693613,0.38055555555555554,0.22369143916896553
0.3819241982507289,0.3802914642609299,0.2236921702265329
0.3821892393320965,0.38072122052704577,0.22369458975832854
0.3824542804134641,0.3804573804573805,0.2237015262824487
0.3827193214948317,0.3801939058171745,0.22372063093241576
0.38298436257619933,0.3806228373702422,0.22372546440569588
0.38324940365756693,0.38105117565698476,0.2237261716169885
0.38351444473893453,0.38147892190739463,0.2237594129893171
0.38377948582030214,0.3819060773480663,0.22376349227361056
0.38404452690166974,0.38233264320220844,0.2237687968316108
0.3843095679830374,0.38275862068965516,0.2238165970336497
0.384574609064405,0.3824948311509304,0.22384477497379995
0.3848396501457726,0.3822314049586777,0.22391280658669097
0.3851046912271402,0.3826565726083964,0.22393841246022164
0.3853697323085078,0.38239339752407153,0.2239455087278795
0.38563477338987545,0.38213058419243984,0.2239539430114956
0.38589981447124305,0.38255494505494503,0.22397923206879483
0.38616485555261065,0.3822923816060398,0.22400024279270261
0.38642989663397825,0.38271604938271603,0.2240045271814484
0.38669493771534585,0.3824537354352296,0.2240239977598452
0.3869599787967135,0.3821917808219178,0.2240295339681707
0.3872250198780811,0.38261464750171115,0.22404656268745463
0.3874900609594487,0.38303693570451436,0.224052209876478
0.3877551020408163,0.3827751196172249,0.22410281852958122
0.3880201431221839,0.3825136612021858,0.22414525387502715
0.38828518420355157,0.3822525597269625,0.2241564747074729
0.38855022528491917,0.38267394270122784,0.22416244919486872
0.38881526636628677,0.3824130879345603,0.22416882726402776
0.38908030744765437,0.38283378746594005,0.22418742015531937
0.389345348529022,0.382573179033356,0.22419148682285472
0.38961038961038963,0.38299319727891157,0.2242033681342048
0.38987543069175723,0.38273283480625425,0.22422850708716244
0.39014047177312483,0.38315217391304346,0.2242559496299266
0.39040551285449243,0.38289205702647655,0.22425708596197563
0.39067055393586003,0.38263229308005425,0.22426459847118344
0.3909355950172277,0.3823728813559322,0.22426711662777726
0.3912006360985953,0.3821138211382114,0.22427153453064877
0.3914656771799629,0.3825321597833446,0.22427525831205397
0.3917307182613305,0.38294993234100133,0.22427548551001403
0.3919957593426981,0.38269100743745776,0.2242761281340861
0.39226080042406575,0.3824324324324324,0.22429908155604275
0.39252584150543335,0.3828494260634706,0.22432868525583086
0.39279088258680095,0.3832658569500675,0.22438454382757364
0.39305592366816855,0.3830074173971679,0.2244394389680336
0.39332096474953615,0.3834231805929919,0.22444710749011867
0.3935860058309038,0.3838383838383838,0.22445998151511096
0.3938510469122714,0.3835800807537012,0.22448652053773202
0.394116087993639,0.3833221250840619,0.22448915319828874
0.3943811290750066,0.38373655913978494,0.2244981677673245
0.39464617015637427,0.38415043653458697,0.22449916042290932
0.39491121123774187,0.38456375838926177,0.22451070125788056
0.39517625231910947,0.38497652582159625,0.22452654935253324
0.39544129340047707,0.3853887399463807,0.22453898743411116
0.39570633448184467,0.38580040187541864,0.22454806187090187
0.3959713755632123,0.3862115127175368,0.22459214311997325
0.3962364166445799,0.3866220735785953,0.22461925344155326
0.3965014577259475,0.3870320855614973,0.22469358186498495
0.3967664988073151,0.38744154976619904,0.22472123855214796
0.3970315398886827,0.3878504672897196,0.22474422385743384
0.3972965809700504,0.3882588392261508,0.22475434901268437
0.397561622051418,0.38866666666666666,0.22476445519682234
0.3978266631327856,0.38907395069953365,0.22482617375351577
0.3980917042141532,0.38948069241011984,0.22482920211439064
0.3983567452955208,0.38922155688622756,0.22483687255823895
0.39862178637688844,0.3896276595744681,0.22483980116785302
0.39888682745825604,0.39003322259136214,0.22485732728368094
0.39915186853962364,0.3904382470119522,0.2248924400763645
0.39941690962099125,0.39084273390842733,0.22489250375084643
0.39968195070235885,0.3905835543766578,0.22492988324314575
0.3999469917837265,0.3903247183565275,0.224960126083434
0.4002120328650941,0.39072847682119205,0.22497746801682592
0.4004770739464617,0.39046988749172734,0.22498534545290225
0.4007421150278293,0.39087301587301587,0.22499553911830028
0.4010071561091969,0.39127561136814276,0.22500117685729223
0.40127219719056456,0.3916776750330251,0.22501379403039407
0.40153723827193216,0.3914191419141914,0.2250248613693063
0.40180227935329976,0.391820580474934,0.22505217424317606
0.40206732043466736,0.3922214897824654,0.2250823686798973
0.40233236151603496,0.3919631093544137,0.2250981518131362
0.4025974025974026,0.3923633969716919,0.2251052951502706
0.4028624436787702,0.39276315789473687,0.22511262999621198
0.4031274847601378,0.39250493096646943,0.22513019104563842
0.4033925258415054,0.39224704336399474,0.22513709819821512
0.403657566922873,0.39198949441891007,0.22514842605279822
0.4039226080042407,0.39173228346456695,0.22522199334437767
0.4041876490856083,0.39147540983606555,0.2252593949667885
0.4044526901669759,0.39121887287024903,0.22528210738772916
0.4047177312483435,0.39161755075311067,0.22529791694067303
0.4049827723297111,0.3913612565445026,0.2253245338869323
0.40524781341107874,0.39110529758011775,0.22540397042913576
0.40551285449244634,0.3908496732026144,0.22541227216171406
0.40577789557381394,0.3905943827563684,0.22544114125229206
0.40604293665518154,0.39099216710182766,0.22545253770994245
0.40630797773654914,0.3913894324853229,0.22545363396981716
0.4065730188179168,0.3917861799217731,0.22545519857096505
0.4068380598992844,0.39218241042345275,0.22545969369613084
0.407103100980652,0.392578125,0.22547501331226932
0.4073681420620196,0.3929733246584255,0.2254804360439312
0.4076331831433872,0.3933680104031209,0.22550599153057413
0.40789822422475486,0.3931124106562703,0.2255096091759609
0.40816326530612246,0.39285714285714285,0.2255632279924149
0.40842830638749006,0.3926022063595068,0.22558289712081261
0.40869334746885766,0.39234760051880674,0.2255838454451753
0.40895838855022526,0.39209332469215813,0.22558896650218244
0.4092234296315929,0.39248704663212436,0.22559559249718317
0.4094884707129605,0.39288025889967637,0.22560335471462425
0.4097535117943281,0.39327296248382926,0.22561255431583457
0.4100185528756957,0.3930187459599224,0.22563814720717987
0.4102835939570633,0.39341085271317827,0.22565206149673783
0.410548635038431,0.3931568754034861,0.22565389600822264
0.4108136761197986,0.3935483870967742,0.22565559291816928
0.4110787172011662,0.39329464861379754,0.22565695802894928
0.4113437582825338,0.39304123711340205,0.2256914416806197
0.4116087993639014,0.39278815196394073,0.22573503163167907
0.41187384044526903,0.39253539253539255,0.22575049938945507
0.41213888152663664,0.39228295819935693,0.22577209040618088
0.41240392260800424,0.39267352185089976,0.22579359711659486
0.41266896368937184,0.3924213230571612,0.22580648601785172
0.41293400477073944,0.392811296534018,0.22582012385830807
0.4131990458521071,0.39255933290570877,0.2258435394463216
0.4134640869334747,0.39294871794871794,0.22585442590819307
0.4137291280148423,0.39333760409993596,0.22586188786324896
0.4139941690962099,0.39372599231754163,0.2258691179598101
0.4142592101775775,0.3941138835572617,0.22591077196573583
0.41452425125894515,0.3938618925831202,0.2259365009900433
0.41478929234031275,0.3936102236421725,0.22598520479401712
0.41505433342168035,0.3933588761174968,0.22598827789609705
0.41531937450304796,0.3937460114869177,0.22599708387872863
0.4155844155844156,0.3934948979591837,0.2260067141826439
0.4158494566657832,0.3938814531548757,0.22601607261053921
0.4161144977471508,0.3942675159235669,0.22603592056050945
0.4163795388285184,0.39401654996817315,0.22608312746904585
0.416644579909886,0.3944020356234097,0.226109073052622
0.41690962099125367,0.3947870311506675,0.2261187229585313
0.41717466207262127,0.39453621346886913,0.22612692711507823
0.4174397031539889,0.3949206349206349,0.22614162622575204
0.4177047442353565,0.3946700507614213,0.2261495782006318
0.4179697853167241,0.39505389980976535,0.22615250908494558
0.41823482639809173,0.39480354879594426,0.22616459643762177
0.41849986747945933,0.39518682710576314,0.22618327662869214
0.41876490856082693,0.39556962025316456,0.22618827219025
0.41902994964219453,0.39595192915876026,0.22620443022149603
0.41929499072356213,0.3963337547408344,0.2262225489743319
0.4195600318049298,0.3967150979153506,0.2262230843535895
0.4198250728862974,0.39646464646464646,0.22624496313697748
0.420090113967665,0.3968454258675079,0.22625968382553138
0.4203551550490326,0.39722572509457754,0.22630426237524093
0.4206201961304002,0.39760554505356016,0.22632111099789237
0.42088523721176785,0.3979848866498741,0.22632132070767558
0.42115027829313545,0.39773442416614224,0.22632292278577598
0.42141531937450305,0.39748427672955977,0.2263230287960713
0.42168036045587065,0.3978629792583281,0.22633776508229042
0.42194540153723825,0.39761306532663315,0.22635910413465943
0.4222104426186059,0.3979912115505336,0.226390755685425
0.4224754836999735,0.3983688833124216,0.2264177374605376
0.4227405247813411,0.3981191222570533,0.22641967186368916
0.4230055658627087,0.39786967418546365,0.22642562871258937
0.4232706069440763,0.39824671258609895,0.2264357948343257
0.42353564802544397,0.3986232790988736,0.226455810002736
0.42380068910681157,0.3989993746091307,0.22647540323115806
0.42406573018817917,0.39875,0.22648699322099788
0.42433077126954677,0.39912554653341664,0.2265026254885499
0.42459581235091437,0.398876404494382,0.22651034528974248
0.424860853432282,0.39925140361821587,0.22654008270349868
0.4251258945136496,0.39962593516209477,0.2265417991230296
0.4253909355950172,0.4,0.22654364361762017
0.42565597667638483,0.39975093399750933,0.2265572859471522
0.42592101775775243,0.4001244555071562,0.2265575760720601
0.4261860588391201,0.39987562189054726,0.22657888352162003
0.4264510999204877,0.39962709757613424,0.2265812390487615
0.4267161410018553,0.39937888198757765,0.22659105121200995
0.4269811820832229,0.39975170701427687,0.2265990564933541
0.4272462231645905,0.40012406947890816,0.22662036596329233
0.42751126424595814,0.4004959702417855,0.22664220646709538
0.42777630532732575,0.40024783147459725,0.22668246776025586
0.42804134640869335,0.4006191950464396,0.22671502600562157
0.42830638749006095,0.400990099009901,0.22673444523865205
0.42857142857142855,0.4013605442176871,0.22673570588915792
0.4288364696527962,0.4011124845488257,0.2267750944206127
0.4291015107341638,0.40148239654107476,0.22678728128352546
0.4293665518155314,0.4012345679012346,0.2267907547139791
0.429631592896899,0.40160394818013573,0.22680493025351198
0.4298966339782666,0.40135635018495686,0.22684671127473083
0.43016167505963426,0.4017252002464572,0.2268527243410289
0.43042671614100186,0.4014778325123153,0.2268542154071966
0.43069175722236946,0.40184615384615385,0.22686385666219624
0.43095679830373707,0.4022140221402214,0.22686755687392854
0.43122183938510467,0.40196681007990165,0.2268818425003987
0.4314868804664723,0.4023341523341523,0.2269015807175883
0.4317519215478399,0.4027010435850215,0.2269171349768015
0.4320169626292075,0.4030674846625767,0.22692781195942296
0.4322820037105751,0.4028203556100552,0.22693494836145925
0.4325470447919427,0.40318627450980393,0.22698865742380614
0.4328120858733104,0.4035517452541335,0.2270614369084093
0.433077126954678,0.4039167686658507,0.22706378978565386
0.4333421680360456,0.40428134556574924,0.22707364164698493
0.4336072091174132,0.40403422982885084,0.22708437449767047
0.4338722501987808,0.4043982895540623,0.2271071248991722
0.43413729128014844,0.40415140415140416,0.22713972505852636
0.43440233236151604,0.40390482001220257,0.22715383348326312
0.43466737344288364,0.4036585365853659,0.2271648876624993
0.43493241452425124,0.4040219378427788,0.22716791087829946
0.43519745560561884,0.4043848964677223,0.22717317897285172
0.4354624966869865,0.404138770541692,0.22717899912714948
0.4357275377683541,0.40450121654501214,0.22721158290070512
0.4359925788497217,0.40486322188449847,0.22725239520595408
0.4362576199310893,0.4046172539489672,0.2272719357610361
0.43652266101245696,0.40437158469945356,0.22727972085760612
0.43678770209382456,0.4047330097087379,0.22727994664615608
0.43705274317519216,0.40448756822316556,0.22730842126520853
0.43731778425655976,0.40484848484848485,0.22731833932957504
0.43758282533792736,0.40520896426408237,0.22733493511422329
0.437847866419295,0.4049636803874092,0.22734435632737737
0.4381129075006626,0.4047186932849365,0.22739274948624666
0.4383779485820302,0.40447400241837966,0.22747959503951964
0.4386429896633978,0.40483383685800606,0.22748505797743718
0.4389080307447654,0.40458937198067635,0.2274915549265729
0.4391730718261331,0.4049487024743512,0.22750321741300078
0.4394381129075007,0.40530759951749096,0.22750861733397967
0.4397031539888683,0.4050632911392405,0.22754107974504487
0.4399681950702359,0.40481927710843374,0.22758259945147963
0.4402332361516035,0.40517760385310053,0.22759301282372976
0.44049827723297114,0.4049338146811071,0.2275992320150541
0.44076331831433874,0.4046903187011425,0.22764678451024878
0.44102835939570634,0.40444711538461536,0.22766158991744692
0.44129340047707394,0.4048048048048048,0.2276669255729379
0.44155844155844154,0.40516206482593037,0.22770606067810725
0.4418234826398092,0.40491901619676063,0.22771993372015023
0.4420885237211768,0.40467625899280574,0.227725251259895
0.4423535648025444,0.4050329538645896,0.2277300208604995
0.442618605883912,0.4053892215568862,0.2277408359329707
0.4428836469652796,0.40574506283662476,0.22776022310864316
0.44314868804664725,0.4061004784688995,0.22776054519696115
0.44341372912801486,0.40585774058577406,0.22778248036921045
0.44367877020938246,0.4056152927120669,0.22781959871378205
0.44394381129075006,0.4059701492537313,0.22782527240780148
0.44420885237211766,0.4063245823389022,0.22783411166771164
0.4444738934534853,0.40667859272510437,0.22786484506251659
0.4447389345348529,0.4064362336114422,0.22787845234098658
0.4450039756162205,0.4061941631923764,0.22788020064187336
0.4452690166975881,0.40595238095238095,0.22789757934047136
0.4455340577789557,0.40630577037477694,0.2279321105008997
0.4457990988603234,0.40665873959571935,0.2279834475294943
0.446064139941691,0.40701128936423053,0.22799957950033353
0.4463291810230586,0.40736342042755347,0.2280093353940587
0.4465942221044262,0.4077151335311573,0.22801134848050517
0.4468592631857938,0.40747330960854095,0.22802078338685738
0.44712430426716143,0.4072317723770006,0.22807290085549606
0.44738934534852903,0.4075829383886256,0.22808521469436208
0.44765438642989663,0.4079336885731202,0.22809494885103213
0.44791942751126423,0.40828402366863903,0.22810902252013374
0.44818446859263184,0.4086339444115908,0.22816326701764159
0.4484495096739995,0.408983451536643,0.22818373809205764
0.4487145507553671,0.40933254577672773,0.22819668959002637
0.4489795918367347,0.4090909090909091,0.22821255808456853
0.4492446329181023,0.40943952802359884,0.22824598079344188
0.4495096739994699,0.4091981132075472,0.22825239413015944
0.44977471508083755,0.40895698291101945,0.2282941759468551
0.45003975616220515,0.4093050647820966,0.228295660985396
0.45030479724357275,0.4090641553855209,0.22830247205049692
0.45056983832494035,0.4088235294117647,0.22830768135325094
0.45083487940630795,0.40858318636096413,0.22833193073998134
0.4510999204876756,0.408930669800235,0.22833845664504876
0.4513649615690432,0.4092777451556078,0.22836590072991123
0.4516300026504108,0.4096244131455399,0.2283716873616299
0.4518950437317784,0.4099706744868035,0.22843158512190437
0.452160084813146,0.4097303634232122,0.22843300757815677
0.45242512589451367,0.4100761570005858,0.22844032365649763
0.45269016697588127,0.4098360655737705,0.2284796378358292
0.45295520805724887,0.4101813926272674,0.22850390528262343
0.45322024913861647,0.4105263157894737,0.2285057449562875
0.45348529021998407,0.4108708357685564,0.22854036065458608
0.45375033130135173,0.411214953271028,0.22856048735441425
0.45401537238271933,0.4115586690017513,0.2285823166440901
0.45428041346408693,0.411901983663944,0.2285871154743379
0.45454545454545453,0.4122448979591837,0.22862020658793547
0.45481049562682213,0.412004662004662,0.22863070050592763
0.4550755367081898,0.4117647058823529,0.228635036859628
0.4553405777895574,0.41152502910360883,0.22865660221690276
0.455605618870925,0.41128563118091915,0.22867369131084558
0.4558706599522926,0.41104651162790695,0.22867535616876508
0.4561357010336602,0.410807669959326,0.2286773294881048
0.45640074211502785,0.4105691056910569,0.2287496282918276
0.45666578319639545,0.4103308183401045,0.2287516916059063
0.45693082427776305,0.41067285382830626,0.22876608132923903
0.45719586535913065,0.41043478260869565,0.2287793106495166
0.4574609064404983,0.4107763615295481,0.22879101691185577
0.4577259475218659,0.41053850607990733,0.2288170694452439
0.4579909886032335,0.41030092592592593,0.22882794278053165
0.4582560296846011,0.410641989589358,0.22883211485911906
0.4585210707659687,0.41098265895953756,0.22883512090766683
0.45878611184733636,0.41074523396880414,0.22885011166180205
0.45905115292870396,0.4110854503464203,0.22886031257578784
0.45931619401007157,0.41142527409117136,0.22887118540362011
0.45958123509143917,0.41118800461361016,0.22887628308120245
0.45984627617280677,0.41095100864553313,0.2288840930520017
0.4601113172541744,0.4107142857142857,0.22889152801856802
0.460376358335542,0.4110535405872193,0.2288980595006743
0.4606413994169096,0.4108170310701956,0.2289189877981475
0.4609064404982772,0.4111558366877516,0.22892527325123432
0.4611714815796448,0.4114942528735632,0.2289311460921565
0.4614365226610125,0.4112578977599081,0.22894933206691218
0.4617015637423801,0.4115958668197474,0.22895482972951725
0.4619666048237477,0.4119334480780264,0.2289678833664375
0.4622316459051153,0.41227064220183485,0.22898682767373976
0.4624966869864829,0.4120343839541547,0.22900279511583443
0.46276172806785054,0.41237113402061853,0.22901206809400293
0.46302676914921814,0.41213508872352606,0.2290131293700763
0.46329181023058574,0.41189931350114417,0.22902965541860873
0.46355685131195334,0.41223556317895943,0.22903004993920736
0.46382189239332094,0.412,0.229038286384665
0.4640869334746886,0.41233580810965165,0.2290611405080274
0.4643519745560562,0.4121004566210046,0.22906238945486904
0.4646170156374238,0.41243582430119796,0.22907553792152158
0.4648820567187914,0.4122006841505131,0.22908111736216807
0.465147097800159,0.41253561253561255,0.229081167641861
0.46541213888152666,0.41287015945330297,0.22908596227561193
0.46567717996289426,0.41320432555492315,0.22911280010965518
0.46594222104426186,0.4129692832764505,0.22911748552467373
0.46620726212562946,0.4127345082433201,0.22912817271663927
0.46647230320699706,0.41306818181818183,0.2291592323896424
0.4667373442883647,0.4128336172629188,0.22918175119522521
0.4670023853697323,0.41316685584562995,0.229191539024327
0.4672674264510999,0.41349971639251276,0.22920994781044898
0.4675324675324675,0.41383219954648526,0.22921802010478573
0.4677975086138351,0.4141643059490085,0.22922879106697616
0.4680625496952028,0.4144960362400906,0.22926431468119512
0.4683275907765704,0.4142614601018676,0.22927250645148764
0.468592631857938,0.4145927601809955,0.2293018722757454
0.4688576729393056,0.41492368569813454,0.22930528278406936
0.4691227140206732,0.4152542372881356,0.2293153026372744
0.46938775510204084,0.4155844155844156,0.22932822488235455
0.46965279618340844,0.4159142212189616,0.22934432302540014
0.46991783726477604,0.41567963902989286,0.2293538180896973
0.47018287834614364,0.415445321307779,0.22935777511985625
0.47044791942751124,0.41577464788732393,0.22936793807624445
0.4707129605088789,0.4155405405405405,0.22941111196446454
0.4709780015902465,0.4153066966797974,0.22941259263557065
0.4712430426716141,0.4156355455568054,0.2294219801754114
0.4715080837529817,0.41540191118605957,0.2294448900859817
0.4717731248343493,0.4151685393258427,0.2294843769090307
0.47203816591571696,0.41493542953396967,0.2294897984987011
0.47230320699708456,0.41470258136924804,0.2294982575953001
0.47256824807845216,0.414469994391475,0.22951172986664994
0.47283328915981976,0.4147982062780269,0.2295697883594561
0.47309833024118736,0.41456582633053224,0.22957333719121797
0.473363371322555,0.4143337066069429,0.2295970170664593
0.4736284124039226,0.4141018466703973,0.22961192920231585
0.4738934534852902,0.41442953020134227,0.22963043368814012
0.4741584945666578,0.41475684740078256,0.22963299030210962
0.4744235356480254,0.41508379888268154,0.22964355146265883
0.4746885767293931,0.4148520379676159,0.22964847765492924
0.4749536178107607,0.41517857142857145,0.22966104575255814
0.4752186588921283,0.4155047406581149,0.22967283409085346
0.4754836999734959,0.4158305462653289,0.22967602376799823
0.4757487410548635,0.4155988857938719,0.2296833766030155
0.47601378213623113,0.4153674832962138,0.22968749970087723
0.47627882321759873,0.41513633834168057,0.22969687190085006
0.47654386429896634,0.41490545050055616,0.22969885100800136
0.47680890538033394,0.415230683713174,0.22970709745259485
0.47707394646170154,0.415,0.22971798184653747
0.4773389875430692,0.4153248195446974,0.22972319287314547
0.4776040286244368,0.41509433962264153,0.22974184728872002
0.4778690697058044,0.4154187465335552,0.2297440191569872
0.478134110787172,0.4157427937915743,0.22975192904797337
0.4783991518685396,0.4155124653739612,0.22975627681366484
0.47866419294990725,0.4152823920265781,0.22977324788045037
0.47892923403127485,0.4156059767570559,0.2297853596370842
0.47919427511264245,0.415929203539823,0.22978787328362388
0.47945931619401005,0.41625207296849087,0.22979376678700797
0.4797243572753777,0.4165745856353591,0.22981373130051208
0.4799893983567453,0.41634456101601325,0.22985830770701976
0.4802544394381129,0.4166666666666667,0.22985882492616902
0.4805194805194805,0.416988416988417,0.2298882450896063
0.4807845216008481,0.4173098125689085,0.2299051956442841
0.48104956268221577,0.41707988980716254,0.2299100567692693
0.48131460376358337,0.41740088105726875,0.22991497218069168
0.48157964484495097,0.4177215189873418,0.22991870354469052
0.48184468592631857,0.4174917491749175,0.2299191009052958
0.4821097270076862,0.417262231995602,0.22993463975852937
0.48237476808905383,0.41703296703296705,0.22994011720596727
0.48263980917042143,0.4173531026908292,0.22994269473009957
0.48290485025178903,0.4176728869374314,0.2299813103515919
0.48316989133315663,0.4174437739989029,0.22998264586944048
0.48343493241452423,0.41776315789473684,0.22999753348873073
0.4836999734958919,0.41753424657534244,0.23002068206718498
0.4839650145772595,0.4173055859802848,0.230023969435045
0.4842300556586271,0.41707717569786534,0.2300431401346767
0.4844950967399947,0.41684901531728663,0.23005852928506945
0.4847601378213623,0.4171678512848551,0.23009728035115778
0.48502517890272995,0.4169398907103825,0.2301263806639796
0.48529021998409755,0.4172583287820863,0.23016245102655924
0.48555526106546515,0.4170305676855895,0.2301651401188172
0.48582030214683275,0.41734860883797054,0.23016903954730591
0.48608534322820035,0.41712104689203927,0.23017386867979908
0.486350384309568,0.41689373297002724,0.23018482163589196
0.4866154253909356,0.41721132897603486,0.2301884525167645
0.4868804664723032,0.4175285792052259,0.2302499948250748
0.4871455075536708,0.4178454842219804,0.23026185970035665
0.4874105486350384,0.4176182707993475,0.23027519389994905
0.48767558971640607,0.41739130434782606,0.2302774360452941
0.48794063079777367,0.4171645844649647,0.23029542324101757
0.48820567187914127,0.4169381107491857,0.23030186337289918
0.48847071296050887,0.41671188279978294,0.23030657550449563
0.48873575404187647,0.4164859002169197,0.23032101811767275
0.4890007951232441,0.41680216802168024,0.2303485212628475
0.4892658362046117,0.41657638136511377,0.23036441683184947
0.4895308772859793,0.4163508391987006,0.2303669075362811
0.4897959183673469,0.4166666666666667,0.23037192577904456
0.49006095944871453,0.4169821525148729,0.23038744636889774
0.4903260005300822,0.4167567567567568,0.2303901960237685
0.4905910416114498,0.4165316045380875,0.23040167155064017
0.4908560826928174,0.4168466522678186,0.2304090590911631
0.491121123774185,0.41662169454937936,0.23042647711092426
0.4913861648555526,0.41639697950377563,0.23043049095141177
0.49165120593692024,0.4161725067385445,0.2304330897366825
0.49191624701828784,0.41594827586206895,0.2304500779283598
0.49218128809965545,0.4157242864835757,0.23045595934490634
0.49244632918102305,0.4160387513455328,0.23047291370843875
0.49271137026239065,0.41635287789133946,0.23050984272528488
0.4929764113437583,0.4166666666666667,0.23051995402265713
0.4932414524251259,0.4169801182160129,0.23052869979176788
0.4935064935064935,0.4167561761546724,0.230529070677877
0.4937715345878611,0.4170692431561997,0.23053533540186252
0.4940365756692287,0.41738197424892703,0.23054120572714873
0.49430161675059636,0.41769436997319037,0.2305419272665589
0.49456665783196396,0.417470525187567,0.2305460741873568
0.49483169891333156,0.4177825388323514,0.23055174480107818
0.49509673999469916,0.41809421841541755,0.23055935870166336
0.49536178107606677,0.4178705189941145,0.23056386961642505
0.4956268221574344,0.41818181818181815,0.23056830932411118
0.495891863238802,0.41849278460716194,0.23058211497933337
0.4961569043201696,0.4188034188034188,0.2305878255798674
0.4964219454015372,0.41857981847303793,0.2305910928982104
0.4966869864829048,0.41889007470651013,0.23061030316377149
0.4969520275642725,0.4192,0.23061633777664214
0.4972170686456401,0.4189765458422175,0.23061889310858644
0.4974821097270077,0.419286094832179,0.23063211525837948
0.4977471508083753,0.41959531416400425,0.2306378636010346
0.4980121918897429,0.41937200638637573,0.23064092922652518
0.49827723297111054,0.41914893617021276,0.2306420807029856
0.49854227405247814,0.4194577352472089,0.2306935300439449
0.49880731513384574,0.4197662061636557,0.2307160855515787
0.49907235621521334,0.4200743494423792,0.2307357568949023
0.49933739729658094,0.41985138004246286,0.2307442756792716
0.4996024383779486,0.4196286472148541,0.23074621060654935
0.4998674794593162,0.41993637327677624,0.23076803241789837
0.5001325205406838,0.42024377318494965,0.2307941065702288
0.5003975616220514,0.4205508474576271,0.2308055343573488
0.500662602703419,0.420857596611964,0.23081042745718286
0.5009276437847866,0.42063492063492064,0.23086963046177655
0.5011926848661542,0.4204124801692226,0.23087211676019911
0.5014577259475219,0.4201902748414376,0.23088155627232596
0.5017227670288895,0.41996830427892234,0.2309019136935276
0.5019878081102571,0.4197465681098205,0.2309351238929513
0.5022528491916247,0.41952506596306066,0.2309503024840216
0.5025178902729923,0.41930379746835444,0.23095923243370098
0.5027829313543599,0.419082762256194,0.23096055977047508
0.5030479724357275,0.41938883034773444,0.2309944096934748
0.5033130135170951,0.4191679831490258,0.23101811628676042
0.5035780545984627,0.4189473684210526,0.23103747693899443
0.5038430956798303,0.41872698579694895,0.2310956058963874
0.504108136761198,0.41903259726603576,0.23110212195852653
0.5043731778425656,0.418812401471361,0.231117809774039
0.5046382189239332,0.4185924369747899,0.2311388847679684
0.5049032600053008,0.4183727034120735,0.23114205301695914
0.5051683010866684,0.41867785939139557,0.23114898538624998
0.505433342168036,0.41898269533298377,0.23116251275772295
0.5056983832494036,0.4187631027253669,0.23116834191049446
0.5059634243307712,0.41906757464641176,0.23118071017950897
0.5062284654121388,0.418848167539267,0.23118593947893284
0.5064935064935064,0.41915227629513346,0.2312268119097001
0.5067585475748742,0.4194560669456067,0.23123631574417433
0.5070235886562418,0.41975953998954524,0.23124528653038454
0.5072886297376094,0.41954022988505746,0.23124653874578008
0.507553670818977,0.41984334203655355,0.2312749654339981
0.5078187119003446,0.4196242171189979,0.23132441389428646
0.5080837529817122,0.41992696922274386,0.2313629118195907
0.5083487940630798,0.42022940563086547,0.23140920737178575
0.5086138351444474,0.4205315268368942,0.23142462786061493
0.508878876225815,0.4203125,0.23142511585309034
0.5091439173071826,0.42009370119729306,0.23143350294053203
0.5094089583885503,0.4198751300728408,0.2314429398904015
0.5096739994699179,0.4201768070722829,0.23147705807670785
0.5099390405512855,0.41995841995842,0.23147790190738513
0.5102040816326531,0.4202597402597403,0.23148312001848448
0.5104691227140207,0.4205607476635514,0.2314917723378652
0.5107341637953883,0.4203425012973534,0.23149998858829263
0.5109992048767559,0.42012448132780084,0.23150111871754783
0.5112642459581235,0.4199066874027994,0.2315473357874685
0.5115292870394911,0.4202072538860104,0.2315493114268219
0.5117943281208588,0.4205075090626618,0.23164887111412602
0.5120593692022264,0.42028985507246375,0.23165040366078749
0.512324410283594,0.42007242628039315,0.2316506261088796
0.5125894513649616,0.4203722854188211,0.2316556770418955
0.5128544924463292,0.4201550387596899,0.23169623719431612
0.5131195335276968,0.4199380165289256,0.23171234208341746
0.5133845746090644,0.4202374806401652,0.23172049289005592
0.513649615690432,0.4200206398348813,0.23175721671411553
0.5139146567717996,0.4198040226921093,0.23178621384099649
0.5141796978531672,0.4195876288659794,0.2317909513305366
0.5144447389345349,0.41937145801133435,0.23181258757347967
0.5147097800159025,0.4191555097837281,0.23181979067740452
0.5149748210972701,0.4189397838394236,0.2318234831104787
0.5152398621786377,0.41872427983539096,0.23182725588222297
0.5155049032600053,0.4185089974293059,0.2318295336127733
0.5157699443413729,0.4188078108941418,0.23188004708002927
0.5160349854227405,0.41910631741140214,0.23190962075717975
0.5163000265041081,0.4188911704312115,0.23192201378568136
0.5165650675854757,0.4191893278604413,0.23193238402642197
0.5168301086668433,0.418974358974359,0.2319441964734565
0.517095149748211,0.4187596104561763,0.23195669464760665
0.5173601908295786,0.41854508196721313,0.23198031647018347
0.5176252319109462,0.41833077316948286,0.23199659794291472
0.5178902729923138,0.4181166837256909,0.2320036904357259
0.5181553140736814,0.4184143222506394,0.2320139641821757
0.518420355155049,0.4187116564417178,0.23202995200971424
0.5186853962364166,0.41849770056208485,0.23203873578202827
0.5189504373177842,0.41828396322778344,0.23203978885128476
0.5192154783991518,0.41858090862685043,0.23204323950301203
0.5194805194805194,0.4188775510204082,0.2320556407156367
0.5197455605618871,0.41866394696583376,0.23209565305941396
0.5200106016432547,0.41896024464831805,0.2320972048817716
0.5202756427246223,0.41874681609780945,0.23210250365553647
0.52054068380599,0.4185336048879837,0.23212099497750585
0.5208057248873575,0.4188295165394402,0.23214129683820167
0.5210707659687251,0.41861648016276704,0.2321857409666381
0.5213358070500927,0.418403660396543,0.23220390222775403
0.5216008481314603,0.4181910569105691,0.23230993287832968
0.521865889212828,0.4179786693753174,0.2323367700513624
0.5221309302941955,0.4182741116751269,0.2323422219898802
0.5223959713755633,0.4185692541856925,0.23235217766302352
0.5226610124569309,0.41886409736308317,0.2323902654978331
0.5229260535382985,0.4186517992904207,0.23241013014038353
0.5231910946196661,0.41843971631205673,0.23244755217353869
0.5234561357010337,0.41822784810126584,0.2324580185724453
0.5237211767824013,0.4180161943319838,0.23246725661282322
0.5239862178637689,0.4178047546788063,0.23249571466992555
0.5242512589451365,0.41809908998988876,0.23252312341968093
0.5245163000265041,0.4183931278423446,0.23255491394641248
0.5247813411078717,0.41868686868686866,0.23259475659728313
0.5250463821892394,0.41847551741544675,0.23259494989915716
0.525311423270607,0.4182643794147326,0.23262618633460902
0.5255764643519746,0.41805345436207764,0.23263074128692254
0.5258415054333422,0.4178427419354839,0.23264201145737531
0.5261065465147098,0.4181360201511335,0.23266142811171248
0.5263715875960774,0.4179254783484391,0.23269714745702916
0.526636628677445,0.41821841972823354,0.23272398848991147
0.5269016697588126,0.41851106639839036,0.2327360435493128
0.5271667108401802,0.4188034188034188,0.23275271813271908
0.5274317519215478,0.4185929648241206,0.2327656288071865
0.5276967930029155,0.418884982420894,0.23278040941602351
0.5279618340842831,0.41917670682730923,0.23278784354296653
0.5282268751656507,0.4189663823381836,0.23279586496958443
0.5284919162470183,0.41875626880641925,0.23281755793033238
0.5287569573283859,0.41854636591478694,0.2328499650240499
0.5290219984097535,0.4188376753507014,0.2328681883899653
0.5292870394911211,0.41912869303955935,0.23287348196544586
0.5295520805724887,0.4189189189189189,0.23287651083411848
0.5298171216538563,0.41870935467733866,0.23289984865632216
0.5300821627352239,0.4185,0.23292113952071034
0.5303472038165916,0.41829085457271364,0.2329226884753808
0.5306122448979592,0.4180819180819181,0.23295716703273292
0.5308772859793268,0.417873190214678,0.2329597225770199
0.5311423270606944,0.4176646706586826,0.23299345566522167
0.531407368142062,0.41795511221945136,0.23299384078077395
0.5316724092234296,0.41774675972083747,0.2329957307931665
0.5319374503047972,0.4175386148480319,0.2330052888042715
0.5322024913861648,0.41782868525896416,0.23303423294232867
0.5324675324675324,0.41762070681931307,0.23304972188723727
0.5327325735489001,0.417910447761194,0.23305119842132146
0.5329976146302677,0.4181999005469915,0.23307644470047692
0.5332626557116353,0.41848906560636184,0.23307925722847955
0.5335276967930029,0.41828117237953305,0.23308702051821586
0.5337927378743705,0.4185700099304866,0.2330888526789208
0.5340577789557381,0.41836228287841193,0.2330956150910984
0.5343228200371057,0.41865079365079366,0.23309603048620092
0.5345878611184733,0.4189390183440754,0.23311971133956416
0.5348529021998409,0.41873141724479684,0.23312407418976014
0.5351179432812085,0.41901931649331353,0.233127753318373
0.5353829843625763,0.4193069306930693,0.23313051535631146
0.5356480254439439,0.4195942602671945,0.23313085332215597
0.5359130665253115,0.4198813056379822,0.23313907775477802
0.536178107606679,0.42016806722689076,0.23314499043661338
0.5364431486880467,0.4199604743083004,0.23315393720159572
0.5367081897694143,0.4202469135802469,0.23317339333735926
0.5369732308507819,0.42003948667324775,0.23321570573265551
0.5372382719321495,0.4203256043413912,0.23322591409273952
0.5375033130135171,0.42061143984220906,0.2332890973226803
0.5377683540948847,0.4208969935929029,0.23330003563044147
0.5380333951762524,0.4211822660098522,0.2333093803452407
0.53829843625762,0.42146725750861647,0.23331597943235582
0.5385634773389876,0.421259842519685,0.2333161307368243
0.5388285184203552,0.42105263157894735,0.23333643303940121
0.5390935595017228,0.42084562438544737,0.23338193698234863
0.5393586005830904,0.42113022113022114,0.23339332835202106
0.539623641664458,0.4214145383104126,0.2334202629287781
0.5398886827458256,0.4216985763377516,0.23342536113063284
0.5401537238271932,0.42149165848871445,0.23342698465376138
0.5404187649085608,0.4217753800882786,0.23343153988118656
0.5406838059899285,0.4215686274509804,0.23343885513624968
0.5409488470712961,0.4218520333170015,0.23346176448251268
0.5412138881526637,0.4216454456415279,0.23347865700178874
0.5414789292340313,0.42143906020558003,0.23351167574752701
0.5417439703153989,0.4217221135029354,0.2335196441624422
0.5420090113967665,0.4215158924205379,0.23354773104387977
0.5422740524781341,0.42179863147605084,0.23354968273839577
0.5425390935595017,0.42159257449926724,0.23356448793555046
0.5428041346408693,0.421875,0.23357713272647654
0.5430691757222369,0.42215714982918495,0.2335791587830763
0.5433342168036046,0.4219512195121951,0.2336020096106192
0.5435992578849722,0.42223305704534375,0.23361545038859313
0.5438642989663398,0.42251461988304095,0.23364845322978836
0.5441293400477074,0.42230881636629325,0.2336716169522983
0.544394381129075,0.4225900681596884,0.23367314599519004
0.5446594222104426,0.42287104622871047,0.2336928969227569
0.5449244632918102,0.42266536964980544,0.23371297049728643
0.5451895043731778,0.42245989304812837,0.23373426307216646
0.5454545454545454,0.4227405247813411,0.23375517847220445
0.545719586535913,0.4225352112676056,0.2337609501174393
0.5459846276172807,0.4228155339805825,0.23376152456108143
0.5462496686986483,0.4230955846676371,0.23376750978476735
0.5465147097800159,0.42289039767216297,0.23379267757864705
0.5467797508613835,0.4226854095976733,0.23382604112615799
0.5470447919427511,0.42248062015503873,0.2338453958785655
0.5473098330241187,0.42276029055690073,0.23384689284617105
0.5475748741054863,0.4230396902226525,0.23386543212754968
0.5478399151868539,0.42331881954523465,0.23388005733984152
0.5481049562682215,0.42359767891682787,0.23388102467602248
0.5483699973495891,0.42339294345094247,0.23388750544658438
0.5486350384309568,0.4236714975845411,0.23389660689098077
0.5489000795123244,0.42346692419121196,0.23389940043582816
0.549165120593692,0.42374517374517373,0.23390562371062812
0.5494301616750596,0.4240231548480463,0.23392006558611594
0.5496952027564272,0.42430086788813887,0.2339324904519554
0.5499602438377948,0.42457831325301204,0.23394200410414565
0.5502252849191624,0.424373795761079,0.23398371550479477
0.55049032600053,0.42465093885411653,0.23402372985986342
0.5507553670818977,0.424446583253128,0.23406962862201178
0.5510204081632653,0.42424242424242425,0.23407385517408705
0.551285449244633,0.42451923076923076,0.23408513148679544
0.5515504903260006,0.42431523306102836,0.23411060922097374
0.5518155314073682,0.42459173871277617,0.23413554825536015
0.5520805724887358,0.4243879020643303,0.23414501269905133
0.5523456135701034,0.4246641074856046,0.23417433335467863
0.552610654651471,0.4249400479616307,0.23417493778633586
0.5528756957328386,0.425215723873442,0.23418814160748866
0.5531407368142062,0.42549113560134166,0.23420320856008375
0.5534057778955738,0.4257662835249042,0.23422705032618638
0.5536708189769415,0.4260411680229775,0.2342637069122873
0.5539358600583091,0.4263157894736842,0.23427893869704236
0.5542009011396767,0.4265901482544237,0.23431399636103234
0.5544659422210443,0.42638623326959846,0.2343191679427992
0.5547309833024119,0.4261825131390349,0.23437932360486896
0.5549960243837795,0.4264565425023878,0.2343915969416207
0.5552610654651471,0.4262529832935561,0.2344269451127649
0.5555261065465147,0.4265267175572519,0.23442773279154822
0.5557911476278823,0.4268001907486886,0.23443581985504627
0.5560561887092499,0.4265967588179218,0.23444508890055538
0.5563212297906176,0.4263935207241544,0.2344460939311952
0.5565862708719852,0.4261904761904762,0.23446614071071215
0.5568513119533528,0.4259876249405045,0.23447573575934957
0.5571163530347204,0.4257849666983825,0.23447784506323846
0.557381394116088,0.42605801236329055,0.23447864085293602
0.5576464351974556,0.42633079847908745,0.2345007564557847
0.5579114762788232,0.42660332541567697,0.2345207934286847
0.5581765173601908,0.4264007597340931,0.23454894622237207
0.5584415584415584,0.4261983863312767,0.23455121303708326
0.558706599522926,0.42599620493358636,0.2345675976689188
0.5589716406042937,0.42579421526789946,0.2345686847446185
0.5592366816856613,0.4255924170616114,0.23457844565546476
0.5595017227670289,0.4258645191852203,0.23457973424893425
0.5597667638483965,0.42613636363636365,0.2346011171600343
0.5600318049297641,0.4259346900141978,0.2346248824015359
0.5602968460111317,0.42573320719016083,0.23467053602806487
0.5605618870924993,0.425531914893617,0.23467345731959388
0.5608269281738669,0.42580340264650285,0.23469089256585723
0.5610919692552345,0.42560226735947093,0.23472303885036364
0.5613570103366021,0.42540132200188857,0.23473025283844046
0.5616220514179698,0.4252005663048608,0.23473321360466803
0.5618870924993374,0.42547169811320756,0.23475592413289903
0.562152133580705,0.42574257425742573,0.23476103382736963
0.5624171746620726,0.4255419415645617,0.2347749804242089
0.5626822157434402,0.42534149788035797,0.23479802734474992
0.5629472568248078,0.4251412429378531,0.2348004300969743
0.5632122979061754,0.4249411764705882,0.23480716494710782
0.563477338987543,0.42521166509877706,0.23482880964672193
0.5637423800689106,0.42501175364362953,0.23484739671108906
0.5640074211502782,0.42528195488721804,0.23486739332549555
0.564272462231646,0.4250821982151245,0.2348840583265087
0.5645375033130136,0.4253521126760563,0.23495769709334796
0.5648025443943812,0.4256217738151103,0.23496274812574813
0.5650675854757488,0.425891181988743,0.23496426784682992
0.5653326265571164,0.42616033755274263,0.2350289619364269
0.565597667638484,0.4259606373008435,0.23503204435841243
0.5658627087198516,0.42576112412177985,0.23503842820853565
0.5661277498012192,0.42602996254681647,0.23505822034624177
0.5663927908825868,0.4258306036499766,0.23508759346416627
0.5666578319639544,0.4256314312441534,0.23513600143514632
0.5669228730453221,0.4254324450677887,0.2351430035087416
0.5671879141266897,0.42570093457943925,0.2351445638631229
0.5674529552080573,0.4255021018215787,0.23517589518873433
0.5677179962894249,0.4253034547152194,0.235187635982672
0.5679830373707925,0.4255716285580961,0.23519691770420867
0.5682480784521601,0.4253731343283582,0.23524541194930937
0.5685131195335277,0.4251748251748252,0.235247759373001
0.5687781606148953,0.4249767008387698,0.23527325759575426
0.5690432016962629,0.42524452724732187,0.23527460935144037
0.5693082427776305,0.4250465549348231,0.23536739764092407
0.5695732838589982,0.42484876686831086,0.23538220992807782
0.5698383249403658,0.42511627906976746,0.23539456639782316
0.5701033660217334,0.42491864249186423,0.23540298981814825
0.570368407103101,0.4247211895910781,0.23543045728939097
0.5706334481844686,0.4245239201114724,0.23543132907758169
0.5708984892658362,0.42479108635097496,0.2354676557717031
0.5711635303472038,0.42505800464037125,0.23547371984115614
0.5714285714285714,0.4253246753246753,0.23550625073337203
0.571693612509939,0.42559109874826145,0.2355322593214828
0.5719586535913066,0.42539388322520855,0.23554025244990198
0.5722236946726743,0.4256600277906438,0.23556209637945238
0.5724887357540419,0.42592592592592593,0.2355648970903709
0.5727537768354095,0.4257288292457196,0.23559826702540917
0.5730188179167771,0.4259944495837188,0.2356069357745264
0.5732838589981447,0.42579750346740636,0.23562754179780754
0.5735489000795123,0.42606284658040666,0.23563155764562196
0.5738139411608799,0.4258660508083141,0.23566123047977366
0.5740789822422475,0.4261311172668513,0.2356931053747728
0.5743440233236151,0.4263959390862944,0.23569994007602355
0.5746090644049828,0.4266605166051661,0.23572918862963965
0.5748741054863504,0.42692485016136467,0.23573788439922277
0.575139146567718,0.42672811059907834,0.23577227286507435
0.5754041876490856,0.4269921695071396,0.2357840910345524
0.5756692287304532,0.427255985267035,0.2357854467025279
0.5759342698118208,0.4275195582144501,0.2357892016443488
0.5761993108931884,0.4273229070837167,0.23579235687826203
0.576464351974556,0.42758620689655175,0.23579527154586175
0.5767293930559236,0.4273897058823529,0.23579571402783692
0.5769944341372912,0.42765273311897106,0.23581671856399766
0.577259475218659,0.4279155188246097,0.23585456250563255
0.5775245163000265,0.4281780633318036,0.23585692374365114
0.5777895573813941,0.4279816513761468,0.2358729166943523
0.5780545984627617,0.42824392480513523,0.23587593535288404
0.5783196395441293,0.42804766269477545,0.2358778676771269
0.578584680625497,0.4283096655978012,0.2359119493582673
0.5788497217068646,0.42857142857142855,0.23591314720175016
0.5791147627882322,0.4288329519450801,0.2359138735318953
0.5793798038695998,0.4286367795059469,0.23592481200217547
0.5796448449509674,0.42844078646547784,0.23593575353399576
0.5799098860323351,0.4282449725776965,0.23594351090149543
0.5801749271137027,0.4280493375970763,0.23595070088011963
0.5804399681950703,0.428310502283105,0.2359554683449666
0.5807050092764379,0.4281150159744409,0.23599191651775042
0.5809700503578055,0.4283759124087591,0.23599677455995743
0.5812350914391731,0.42863657090743273,0.23599784723951175
0.5815001325205407,0.42889699179580676,0.23601115235017017
0.5817651736019083,0.42915717539863324,0.23603093457394453
0.5820302146832759,0.4294171220400729,0.23605277826132182
0.5822952557646435,0.42967683204369594,0.23605380723078342
0.5825602968460112,0.4294813466787989,0.23607273280340002
0.5828253379273788,0.4297407912687585,0.23608089238489563
0.5830903790087464,0.42954545454545456,0.23608359039594098
0.583355420090114,0.42935029532030894,0.23609226433790986
0.5836204611714816,0.4296094459582198,0.23613190336442444
0.5838855022528492,0.4298683613254653,0.23616096517440469
0.5841505433342168,0.4296733212341198,0.23621904936854216
0.5844155844155844,0.42993197278911566,0.23622731104288325
0.584680625496952,0.4301903898458749,0.23623158871373431
0.5849456665783196,0.4304485727231536,0.23624730897619356
0.5852107076596873,0.43070652173913043,0.23625647004406222
0.5854757487410549,0.43096423721140786,0.23627273436643179
0.5857407898224225,0.4307692307692308,0.23627671824716676
0.5860058309037901,0.43057440072365444,0.23628535034969744
0.5862708719851577,0.43037974683544306,0.2362933908660548
0.5865359130665253,0.4306371441482151,0.23631939117634654
0.5868009541478929,0.43089430894308944,0.2363263335776755
0.5870659952292605,0.43115124153498874,0.2363332586968027
0.5873310363106281,0.43095667870036103,0.23633468343539651
0.5875960773919957,0.43121335137573297,0.23634444394581422
0.5878611184733634,0.4310189359783589,0.23634677382945748
0.588126159554731,0.43082469580892296,0.2363970982953018
0.5883912006360986,0.43108108108108106,0.236401558020127
0.5886562417174662,0.43133723547951375,0.23641616082045508
0.5889212827988338,0.43114311431143115,0.23643793741858626
0.5891863238802014,0.4313990103463788,0.23644170222508026
0.589451364961569,0.4316546762589928,0.23644519897077293
0.5897164060429366,0.4314606741573034,0.23645889944819226
0.5899814471243042,0.43171608265947886,0.23646284428951458
0.5902464882056718,0.4319712617871576,0.23649161662456933
0.5905115292870395,0.4322262118491921,0.23649702995241115
0.5907765703684071,0.43203230148048455,0.23650780648053682
0.5910416114497747,0.43228699551569505,0.2365120671157856
0.5913066525311423,0.43209323173464814,0.23657269843938628
0.5915716936125099,0.43234767025089604,0.2365746214211636
0.5918367346938775,0.432154052843708,0.23659238767567084
0.5921017757752451,0.43196060877350045,0.23659720467396284
0.5923668168566127,0.4317673378076063,0.23666386056261754
0.5926318579379803,0.4315742397137746,0.23666404887044432
0.592896899019348,0.43182834152883326,0.23666523643622475
0.5931619401007157,0.4316353887399464,0.23668888228436732
0.5934269811820833,0.43188923626619025,0.23669515640209354
0.5936920222634509,0.4316964285714286,0.23669682048796797
0.5939570633448185,0.4319500223114681,0.23671657607801938
0.5942221044261861,0.4322033898305085,0.23672029402941097
0.5944871455075537,0.43201069995541685,0.23672210344239974
0.5947521865889213,0.4318181818181818,0.236739453970223
0.5950172276702889,0.4316258351893096,0.23675759315075892
0.5952822687516565,0.43143365983971504,0.23676693779840327
0.5955473098330241,0.43124165554072097,0.23676830040121546
0.5958123509143918,0.43104982206405695,0.23682897051546917
0.5960773919957594,0.4308581591818586,0.23683486426425962
0.596342433077127,0.43066666666666664,0.2368661749036377
0.5966074741584946,0.43047534429142603,0.23688105961090491
0.5968725152398622,0.4302841918294849,0.2368868909254504
0.5971375563212298,0.4305370616955171,0.23688990891106992
0.5974025974025974,0.4303460514640639,0.23689097632330183
0.597667638483965,0.43059866962305987,0.23693794003300783
0.5979326795653326,0.4308510638297872,0.23696455962922564
0.5981977206467003,0.4311032343819229,0.2369696928831506
0.5984627617280679,0.43135518157661645,0.23697066184836196
0.5987278028094355,0.4311642319610447,0.23697465528094863
0.5989928438908031,0.4314159292035398,0.2369900083788166
0.5992578849721707,0.4312251216275984,0.23701381458311513
0.5995229260535383,0.43147656940760387,0.2370145593023258
0.5997879671349059,0.43172779496243924,0.23707910363427087
0.6000530082162735,0.43153710247349825,0.23708597042107663
0.6003180492976411,0.43178807947019865,0.23710240444523575
0.6005830903790087,0.4320388349514563,0.2371080490237429
0.6008481314603764,0.4318482576091751,0.23710968551137748
0.601113172541744,0.431657848324515,0.237143296437078
0.6013782136231116,0.43146760687527547,0.23716447597358917
0.6016432547044792,0.43171806167400884,0.23721345253701143
0.6019082957858468,0.43152796125055043,0.2372178386515094
0.6021733368672144,0.4317781690140845,0.237223296438359
0.602438377948582,0.4315882094148702,0.23722780367217672
0.6027034190299496,0.4318381706244503,0.23723363054831953
0.6029684601113172,0.43164835164835164,0.23723592059668827
0.6032335011926848,0.4314586994727592,0.23729409186537845
0.6034985422740525,0.4312692138779095,0.23730624184508872
0.6037635833554201,0.4310798946444249,0.23732403176835287
0.6040286244367877,0.43089074155331286,0.23733056693034282
0.6042936655181553,0.4307017543859649,0.23735949008795618
0.6045587065995229,0.43051293292415604,0.23738227355382147
0.6048237476808905,0.43076248904469766,0.23739844132494248
0.6050887887622581,0.4305738063950942,0.23746218558829468
0.6053538298436257,0.4308231173380035,0.23748317775253253
0.6056188709249933,0.4310722100656455,0.23749427771767717
0.6058839120063609,0.4308836395450569,0.2374966789913962
0.6061489530877286,0.43069523393091386,0.2375074381905798
0.6064139941690962,0.43094405594405594,0.23751054073764521
0.6066790352504638,0.43119266055045874,0.2375611386188644
0.6069440763318315,0.4310043668122271,0.23758724285238297
0.607209117413199,0.43125272806634657,0.2376358463080066
0.6074741584945667,0.43150087260034903,0.23769779990576556
0.6077391995759343,0.4317488006977758,0.23770748641120323
0.6080042406573019,0.4315605928509154,0.23770786336417668
0.6082692817386695,0.4318082788671024,0.23772575309668928
0.608534322820037,0.43205574912891986,0.23773256542547266
0.6087993639014048,0.4318676534610361,0.2377361988434655
0.6090644049827724,0.4321148825065274,0.23773730021665102
0.60932944606414,0.43192692474989125,0.2377592319468685
0.6095944871455076,0.43217391304347824,0.23781769516031087
0.6098595282268752,0.43198609300304214,0.2378823796086462
0.6101245693082428,0.4317984361424848,0.23790920274168992
0.6103896103896104,0.4316109422492401,0.2379242375100216
0.610654651470978,0.4314236111111111,0.23792750359097534
0.6109196925523456,0.4316702819956616,0.23796146146105276
0.6111847336337132,0.43148308759757154,0.23799311647956742
0.6114497747150809,0.4312960554833117,0.23799441860453854
0.6117148157964485,0.4311091854419411,0.23804122218306425
0.6119798568778161,0.43092247726288435,0.23804745211440317
0.6122448979591837,0.43116883116883115,0.2380608292565912
0.6125099390405513,0.43141497187364775,0.23807297593240975
0.6127749801219189,0.43166089965397925,0.23807821405742552
0.6130400212032865,0.43190661478599224,0.23808140053107604
0.6133050622846541,0.43215211754537597,0.23816620356697998
0.6135701033660217,0.4323974082073434,0.23819517857113576
0.6138351444473893,0.4326424870466321,0.23821853015680897
0.614100185528757,0.4328873543375054,0.23824743014537786
0.6143652266101246,0.43313201035375326,0.238249794733514
0.6146302676914922,0.4329452350150927,0.23825000750337175
0.6148953087728598,0.4331896551724138,0.238280829866922
0.6151603498542274,0.43300301594140456,0.23831033672999244
0.615425390935595,0.43281653746770027,0.23831513283907532
0.6156904320169626,0.4326302195436935,0.23832288356356102
0.6159554730983302,0.43244406196213425,0.23834867807946292
0.6162205141796978,0.43268817204301074,0.2383627860253566
0.6164855552610654,0.43250214961306965,0.23842182483936147
0.6167505963424331,0.4323162870648904,0.23842856693557338
0.6170156374238007,0.4321305841924399,0.23842912878969655
0.6172806785051683,0.4323744096178617,0.23844417093052533
0.6175457195865359,0.43218884120171674,0.23845281162861529
0.6178107606679035,0.432003432003432,0.23845555938852125
0.6180758017492711,0.4322469982847341,0.23849479007144356
0.6183408428306387,0.4320617231033005,0.23850149468027138
0.6186058839120063,0.4323050556983719,0.2385024728819387
0.6188709249933739,0.43254817987152033,0.23852749456413777
0.6191359660747416,0.432791095890411,0.23854326530264963
0.6194010071561092,0.4330338040222507,0.2385673500915816
0.6196660482374768,0.43327630453378957,0.23857691175120266
0.6199310893188444,0.4330910645575032,0.23859664399753625
0.620196130400212,0.4329059829059829,0.23860595945025437
0.6204611714815796,0.43314822725331054,0.2386293004387696
0.6207262125629472,0.43296327924850553,0.2386302264102969
0.6209912536443148,0.4332052923602219,0.23866920802066668
0.6212562947256824,0.4334470989761092,0.23868637861518285
0.62152133580705,0.4332622601279318,0.2387010808537188
0.6217863768884178,0.43350383631713557,0.23871249768704328
0.6220514179697854,0.4337452066467831,0.2387187242801132
0.622316459051153,0.43398637137989776,0.23872714749966167
0.6225815001325206,0.4338016177096637,0.23878535860330313
0.6228465412138882,0.43361702127659574,0.23881551670593493
0.6231115822952558,0.433432581880051,0.2388190608756819
0.6233766233766234,0.4336734693877551,0.23885299854930409
0.623641664457991,0.43348916277093075,0.2388660799181014
0.6239067055393586,0.4333050127442651,0.23887188266514336
0.6241717466207262,0.4335456475583864,0.23888332259506603
0.6244367877020939,0.4333616298811545,0.2388846181022264
0.6247018287834615,0.4331777683495969,0.23890412347068676
0.6249668698648291,0.43341815097540287,0.2389452517944919
0.6252319109461967,0.4332344213649852,0.23895196572506763
0.6254969520275643,0.43347457627118646,0.23896508748601367
0.6257619931089319,0.433714527742482,0.23897410836726093
0.6260270341902995,0.43353090601185434,0.23901122187203216
0.6262920752716671,0.43377063055438003,0.23901821270066315
0.6265571163530347,0.4335871404399323,0.23904321250586755
0.6268221574344023,0.4334038054968288,0.23905939218922728
0.62708719851577,0.43322062552831786,0.2391306976585511
0.6273522395971376,0.43303760033798055,0.23914358600104332
0.6276172806785052,0.4328547297297297,0.23922398777309645
0.6278823217598728,0.4326720135078092,0.23924094742061147
0.6281473628412404,0.43291139240506327,0.23924644189172958
0.628412403922608,0.43272880641079714,0.23926843057957992
0.6286774450039756,0.4325463743676223,0.23929634070909994
0.6289424860853432,0.43236409608091025,0.2393327470901483
0.6292075271667108,0.43260320134793595,0.23938061457065757
0.6294725682480784,0.4328421052631579,0.23946648853142036
0.6297376093294461,0.43308080808080807,0.239490419253766
0.6300026504108137,0.4328986116954144,0.2394978837709457
0.6302676914921813,0.43313708999158956,0.2395017624857159
0.6305327325735489,0.4333753678015973,0.2395106193554721
0.6307977736549165,0.4331932773109244,0.2395564784333728
0.6310628147362841,0.43343133137337253,0.23955993809392315
0.6313278558176517,0.4332493702770781,0.2395715331344511
0.6315928968990193,0.43348720100713384,0.23957335948687639
0.6318579379803869,0.4337248322147651,0.23957794224711806
0.6321229790617545,0.43354297693920335,0.2395951891054496
0.6323880201431222,0.4333612740989103,0.23961349884697059
0.6326530612244898,0.43317972350230416,0.23962047370853212
0.6329181023058574,0.43299832495812396,0.239628620426374
0.633183143387225,0.43323566345751363,0.23963467891683166
0.6334481844685926,0.43347280334728033,0.23968966449701765
0.6337132255499602,0.4337097448766207,0.23968990832995274
0.6339782666313278,0.43394648829431437,0.23977369097346815
0.6342433077126954,0.43376514834935226,0.23977835510916756
0.634508348794063,0.4340016708437761,0.2397832685676055
0.6347733898754306,0.4342379958246347,0.23982993584946263
0.6350384309567983,0.43447412353923204,0.2398512397485586
0.635303472038166,0.43471005423445974,0.23985789278447725
0.6355685131195336,0.43452877397831524,0.23987416009855814
0.6358335542009012,0.43434764485202165,0.23990447395802036
0.6360985952822688,0.4345833333333333,0.23993540842654756
0.6363636363636364,0.43440233236151604,0.23996866512489068
0.636628677445004,0.43463780183180684,0.24001948521289293
0.6368937185263716,0.4344569288389513,0.2400213697296607
0.6371587596077392,0.43469217970049917,0.24005541051188287
0.6374238006891068,0.43492723492723495,0.24005798854313964
0.6376888417704745,0.43516209476309226,0.24006574480453674
0.6379538828518421,0.4349813045284587,0.24009507391558396
0.6382189239332097,0.43521594684385384,0.2400975098387621
0.6384839650145773,0.43545039435450394,0.24010582805685937
0.6387490060959449,0.4352697095435685,0.240111654285955
0.6390140471773125,0.4350891746163418,0.24013274770571078
0.6392790882586801,0.43532338308457713,0.24014548488180704
0.6395441293400477,0.43555739743058436,0.24017001815708838
0.6398091704214153,0.43537696768848383,0.2401778871445186
0.640074211502783,0.4351966873706004,0.24019048574849627
0.6403392525841506,0.43543046357615894,0.2401909986069435
0.6406042936655182,0.4356640463384361,0.24019338995601497
0.6408693347468858,0.43548387096774194,0.24020020100269504
0.6411343758282534,0.4353038445638694,0.24022340186637242
0.641399416909621,0.43553719008264463,0.24022363260418128
0.6416644579909886,0.4357703428335399,0.24024407732817066
0.6419294990723562,0.4360033030553262,0.24026162531729167
0.6421945401537238,0.4358233594717293,0.2402984956515835
0.6424595812350914,0.43564356435643564,0.24031844161884677
0.6427246223164591,0.43587628865979383,0.2403346490151487
0.6429896633978267,0.4361088211046991,0.24039447821439536
0.6432547044791943,0.4363411619283066,0.24040060617478487
0.6435197455605619,0.43657331136738053,0.24041361551968082
0.6437847866419295,0.43639357760395225,0.24046483230739085
0.6440498277232971,0.43662551440329217,0.24047510357449045
0.6443148688046647,0.4364459070341423,0.24047793023972605
0.6445799098860323,0.43667763157894735,0.2404909978310861
0.6448449509673999,0.436498150431566,0.24051097572564162
0.6451099920487675,0.4363188167625308,0.2405162297656585
0.6453750331301352,0.43655030800821354,0.24054890209614035
0.6456400742115028,0.4367816091954023,0.24057245795123108
0.6459051152928704,0.4370127205580632,0.24057498319600198
0.646170156374238,0.4368334700574241,0.24057997768599268
0.6464351974556056,0.43665436654366546,0.2405802340376903
0.6467002385369732,0.4364754098360656,0.240603143424107
0.6469652796183408,0.4367062679229824,0.2406443261213786
0.6472303206997084,0.43652743652743653,0.24068405158504957
0.647495361781076,0.43675808432255425,0.24071080665227185
0.6477604028624436,0.4369885433715221,0.24073492677932798
0.6480254439438113,0.4372188139059305,0.24076197770325772
0.6482904850251789,0.437448896156991,0.24077034399354455
0.6485555261065465,0.4376787903555374,0.24081260625179898
0.6488205671879141,0.4375,0.24081926907738782
0.6490856082692817,0.43772968558595343,0.24083073652566525
0.6493506493506493,0.43795918367346937,0.24083974687411241
0.649615690432017,0.43778049775601796,0.24084554431644536
0.6498807315133845,0.43800978792822187,0.24085806314068609
0.6501457725947521,0.43823889115368936,0.24088597977467704
0.6504108136761197,0.4384678076609617,0.24093630193900914
0.6506758547574875,0.43869653767820777,0.24095605861415575
0.6509408958388551,0.43892508143322473,0.24097030425026078
0.6512059369202227,0.43874643874643876,0.2409804501994543
0.6514709780015903,0.4385679414157852,0.2410132212450122
0.6517360190829579,0.4387962586417243,0.24103424677000823
0.6520010601643255,0.43902439024390244,0.24104636277709163
0.6522661012456931,0.4388459975619667,0.24106256417593547
0.6525311423270607,0.43907392363931763,0.2410691546527249
0.6527961834084283,0.439301664636622,0.24107587204044792
0.6530612244897959,0.43912337662337664,0.24112864054930908
0.6533262655711636,0.43935091277890465,0.2411441883094384
0.6535913066525312,0.4395782643957826,0.24115421683240235
0.6538563477338988,0.4394000810701257,0.24117297900153353
0.6541213888152664,0.4392220421393841,0.24120878666265183
0.654386429896634,0.43904414742810854,0.24122650025324993
0.6546514709780016,0.4392712550607287,0.2412280266301978
0.6549165120593692,0.4394981788749494,0.2412409733133879
0.6551815531407368,0.43972491909385114,0.24124465263164796
0.6554465942221044,0.4395471087747675,0.24126805981306465
0.655711635303472,0.43936944219886825,0.24127780590523606
0.6559766763848397,0.4391919191919192,0.24131970928658905
0.6562417174662073,0.43901453957996767,0.24134635169846733
0.6565067585475749,0.43924101735970933,0.24135809004986253
0.6567717996289425,0.43946731234866826,0.2413719393343017
0.6570368407103101,0.43929003630496166,0.2414031247953138
0.6573018817916777,0.43951612903225806,0.24140867565387045
0.6575669228730453,0.43933897621926643,0.2414114865858886
0.6578319639544129,0.4395648670427075,0.24142269949660378
0.6580970050357805,0.43938783729359643,0.24143200231033124
0.6583620461171481,0.4392109500805153,0.2415208492062309
0.6586270871985158,0.4394366197183099,0.24152259374657503
0.6588921282798834,0.43966210780370074,0.24152418648232116
0.659157169361251,0.4398874145556896,0.24153184510724132
0.6594222104426186,0.44011254019292606,0.24158064242583346
0.6596872515239862,0.43993571715548413,0.24158133330389786
0.6599522926053538,0.44016064257028115,0.24159777491771822
0.6602173336867214,0.44038538739462063,0.24165145454374237
0.660482374768089,0.4406099518459069,0.24165501389180474
0.6607474158494566,0.4404332129963899,0.24166404613325648
0.6610124569308243,0.44025661587810744,0.24166493424328025
0.6612774980121919,0.4400801603206413,0.24167323017655257
0.6615425390935595,0.43990384615384615,0.24168189833658754
0.6618075801749271,0.44012815378454145,0.2417345801215634
0.6620726212562947,0.4403522818254604,0.2417427004884668
0.6623376623376623,0.44057623049219685,0.24175096319485725
0.6626027034190299,0.4408,0.24175776139099867
0.6628677445003975,0.4410235905637745,0.24177175928740036
0.6631327855817651,0.4412470023980815,0.24178469582408363
0.6633978266631327,0.4410707151418298,0.24180138121089342
0.6636628677445005,0.44089456869009586,0.24180173434571323
0.663927908825868,0.4407185628742515,0.24180187278259646
0.6641929499072357,0.4405426975259378,0.24180462904397595
0.6644579909886033,0.44036697247706424,0.2418227275460695
0.6647230320699709,0.4405901116427432,0.24183445271499493
0.6649880731513385,0.44041450777202074,0.24184263846063028
0.665253114232706,0.4406374501992032,0.24188080998741912
0.6655181553140737,0.44046196734368775,0.24189077852958507
0.6657831963954413,0.44028662420382164,0.2418997651535947
0.6660482374768089,0.4405093513728611,0.24191339867019324
0.6663132785581766,0.4407319013524264,0.24192703487852232
0.6665783196395442,0.4405566600397614,0.24194876954295907
0.6668433607209118,0.44038155802861684,0.2419849348278752
0.6671084018022794,0.44020659515295985,0.24208250936256093
0.667373442883647,0.4404289118347895,0.24211631730230282
0.6676384839650146,0.4406510520047638,0.2421188671525204
0.6679035250463822,0.44087301587301586,0.2421274596646057
0.6681685661277498,0.4410948036493455,0.2421309882315985
0.6684336072091174,0.44131641554321965,0.24213406757939246
0.668698648290485,0.4415378517637733,0.24213437673385066
0.6689636893718527,0.4417591125198098,0.24214461835446618
0.6692287304532203,0.4415841584158416,0.2421558433430191
0.6694937715345879,0.4418052256532066,0.24216357391003338
0.6697588126159555,0.4416303917688959,0.2422120423654989
0.6700238536973231,0.44145569620253167,0.2422291892442914
0.6702888947786907,0.4412811387900356,0.2422293759504207
0.6705539358600583,0.441501976284585,0.24224139711121678
0.6708189769414259,0.44172263927301464,0.24226246290688946
0.6710840180227935,0.4419431279620853,0.24226570790711172
0.6713490591041611,0.44176865377023294,0.24231795646403373
0.6716141001855288,0.44159431728492504,0.24232573001568203
0.6718791412668964,0.4418145956607495,0.24239595638725173
0.672144182348264,0.4416403785488959,0.24240444754266227
0.6724092234296316,0.44146629877808435,0.24247797245682404
0.6726742645109992,0.44168636721828214,0.2424984153874466
0.6729393055923668,0.4415124064592359,0.24250283873311682
0.6732043466737344,0.44173228346456694,0.24251913560812366
0.673469387755102,0.44155844155844154,0.24252575072298807
0.6737344288364696,0.44138473642800946,0.24254887127593652
0.6739994699178372,0.44121116791191506,0.2425559559256756
0.6742645109992049,0.4414308176100629,0.24257007423032223
0.6745295520805725,0.4412573673870334,0.24257046858488684
0.6747945931619401,0.44147682639434405,0.24258472160888317
0.6750596342433077,0.44130349430702787,0.24258955301046073
0.6753246753246753,0.44152276295133436,0.242593772813773
0.6755897164060429,0.4417418595527658,0.24259539775554245
0.6758547574874105,0.4415686274509804,0.2425996872588196
0.6761197985687781,0.4417875343002744,0.2426063159772172
0.6763848396501457,0.4416144200626959,0.2426308552682356
0.6766498807315133,0.4418331374853114,0.24263930202728626
0.676914921812881,0.44205168363351605,0.24264112481914116
0.6771799628942486,0.44227005870841485,0.24266603743983775
0.6774450039756162,0.44209702660406885,0.24269634985101637
0.6777100450569838,0.44192412983965584,0.24270308529800758
0.6779750861383514,0.4421422986708366,0.24271109568308463
0.678240127219719,0.4423602969910121,0.24272276189191805
0.6785051683010866,0.442578125,0.24273086422821744
0.6787702093824542,0.44279578289730576,0.24278218793824202
0.6790352504638218,0.4426229508196721,0.24279371290251722
0.6793002915451894,0.4424502536090519,0.24280701227423243
0.6795653326265572,0.4422776911076443,0.2428542526761502
0.6798303737079248,0.442495126705653,0.24286582517744246
0.6800954147892924,0.4427123928293063,0.24288476842783038
0.68036045587066,0.44253992987923646,0.24289251167107137
0.6806254969520276,0.4423676012461059,0.24290728734554165
0.6808905380333952,0.44219540677306346,0.24291132002307678
0.6811555791147628,0.44202334630350193,0.24291456303289882
0.6814206201961304,0.44224037339556593,0.24292612448046852
0.681685661277498,0.44245723172628304,0.24294997851097694
0.6819507023588657,0.4426739214924213,0.24295303283207187
0.6822157434402333,0.4425019425019425,0.24296655313678123
0.6824807845216009,0.44271844660194176,0.2429812934551471
0.6827458256029685,0.4429347826086957,0.24299192239375003
0.6830108666843361,0.4427629025999224,0.2430138320862035
0.6832759077657037,0.4425911559348332,0.24304480897713826
0.6835409488470713,0.44280728964715005,0.24306776265948712
0.6838059899284389,0.44302325581395346,0.2430919460388634
0.6840710310098065,0.4428516079039132,0.24311824827084016
0.6843360720911741,0.44268009295120064,0.2431380341058172
0.6846011131725418,0.4425087108013937,0.24315343474226028
0.6848661542539094,0.4423374613003096,0.24316099445839146
0.685131195335277,0.4425531914893617,0.24316422353232037
0.6853962364166446,0.44276875483372,0.24317066933703266
0.6856612774980122,0.4425976034016235,0.2432323081259651
0.6859263185793798,0.4428129829984544,0.2432379264961078
0.6861913596607474,0.4426419466975666,0.24326894981674238
0.686456400742115,0.44285714285714284,0.2432790615067289
0.6867214418234826,0.4430721729062138,0.24331446063042947
0.6869864829048502,0.44328703703703703,0.24333287345951957
0.6872515239862179,0.44350173544157345,0.24333849806840205
0.6875165650675855,0.4433307632999229,0.24334218808321853
0.6877816061489531,0.4435452793834297,0.2433642163899366
0.6880466472303207,0.4437596302003082,0.24340995806205484
0.6883116883116883,0.4435887562572199,0.24345430200909823
0.6885767293930559,0.44341801385681295,0.24345716882343657
0.6888417704744235,0.44363216621777607,0.243526817551847
0.6891068115557911,0.44346153846153846,0.24355723706352614
0.6893718526371587,0.44367550941945405,0.24356918935597285
0.6896368937185263,0.4438893159108378,0.24358531744145906
0.689901934799894,0.44371878601613524,0.24361215916222576
0.6901669758812616,0.44393241167434716,0.24363757965580762
0.6904320169626292,0.44414587332053745,0.24364039512642408
0.6906970580439968,0.4439754412893323,0.2436475728261709
0.6909620991253644,0.4441887226697353,0.2436483812439772
0.691227140206732,0.44401840490797545,0.24366129807335904
0.6914921812880996,0.44423150632426217,0.2436739307347388
0.6917572223694672,0.44406130268199234,0.24368731887856934
0.6920222634508348,0.44427422443508235,0.24368784329895904
0.6922873045322024,0.4444869831546707,0.24370123134202487
0.6925523456135702,0.4446995790279372,0.2437216943428436
0.6928173866949378,0.44491201224177507,0.24372830252902927
0.6930824277763054,0.4451242829827916,0.24374966146409702
0.693347468857673,0.44495412844036697,0.24376029113575357
0.6936125099390406,0.44478410393580436,0.24379879033912452
0.6938775510204082,0.4449961802902979,0.24380754838076613
0.6941425921017758,0.4452080946926308,0.24385728149043967
0.6944076331831434,0.4450381679389313,0.24385750635993123
0.694672674264511,0.4448683708508203,0.24387614674343788
0.6949377153458786,0.4450800915331808,0.24388189839887095
0.6952027564272463,0.44529165078154787,0.2439122222133022
0.6954677975086139,0.4455030487804878,0.24393733585810495
0.6957328385899815,0.44533333333333336,0.24394652809474923
0.6959978796713491,0.4451637471439452,0.24399079522327355
0.6962629207527167,0.4449942900647126,0.24399828805940688
0.6965279618340843,0.4452054794520548,0.24400864965001837
0.6967930029154519,0.4450361354127044,0.24401213193195023
0.6970580439968195,0.4452471482889734,0.24402094779292668
0.6973230850781871,0.4450779171417712,0.24404295064685247
0.6975881261595547,0.4452887537993921,0.2440739845688159
0.6978531672409224,0.4451196353968857,0.2440826962018617
0.69811820832229,0.44495064540622625,0.24413665019623798
0.6983832494036576,0.44516129032258067,0.24414175174665717
0.6986482904850252,0.44499241274658574,0.24414843473835812
0.6989133315663928,0.44520288206295033,0.24418401781778318
0.6991783726477604,0.4450341167551175,0.2442119287841804
0.699443413729128,0.44486547934823795,0.24428171471590263
0.6997084548104956,0.44507575757575757,0.24429136964354395
0.6999734958918632,0.4452858765619084,0.24431210631095707
0.7002385369732308,0.44511733535200604,0.24431599175143567
0.7005035780545985,0.4449489216799092,0.2443224370422572
0.7007686191359661,0.44478063540090773,0.24432433642141566
0.7010336602173337,0.4449905482041588,0.24436092846170984
0.7012987012987013,0.444822373393802,0.2443772524504828
0.7015637423800689,0.4450321118247072,0.24444789977525644
0.7018287834614365,0.44486404833836857,0.244466081671729
0.7020938245428041,0.44469611174027934,0.24448163115562976
0.7023588656241717,0.44452830188679243,0.24448769776579057
0.7026239067055393,0.44436061863447757,0.2444995187267478
0.702888947786907,0.4445701357466063,0.24449994967875557
0.7031539888682746,0.44477949491142105,0.2445492602200306
0.7034190299496422,0.4446119065561417,0.24456360941363636
0.7036840710310098,0.4444444444444444,0.24457347759782394
0.7039491121123774,0.4446536144578313,0.24460011811671212
0.704214153193745,0.4448626270229582,0.24460525637191036
0.7044791942751126,0.44507148231753196,0.24460696144941277
0.7047442353564802,0.4452801805189921,0.24466019464581407
0.7050092764378478,0.44511278195488724,0.2446656022889281
0.7052743175192154,0.44532130777903045,0.24468748964512518
0.7055393586005831,0.44552967693463563,0.24469166956041924
0.7058043996819507,0.44536237326323697,0.24469636998516459
0.7060694407633183,0.4455705705705706,0.24472209466952202
0.706334481844686,0.44577861163227017,0.2447594973062923
0.7065995229260535,0.44561140285071266,0.24476862088972465
0.7068645640074211,0.4454443194600675,0.24481874962923683
0.7071296050887887,0.44565217391304346,0.24482143933467831
0.7073946461701563,0.445859872611465,0.24484535622651973
0.707659687251524,0.44569288389513106,0.2448903663437584
0.7079247283328916,0.445900411830775,0.24493609493898902
0.7081897694142593,0.44610778443113774,0.24497031628414243
0.7084548104956269,0.44594089038533485,0.2449882910071005
0.7087198515769945,0.4461480927449514,0.24500227178272224
0.7089848926583621,0.4463551401869159,0.2450228907530945
0.7092499337397297,0.4465620328849028,0.24502654417359926
0.7095149748210973,0.44676877101232726,0.2450302452849221
0.7097800159024649,0.446975354742345,0.24503732818081406
0.7100450569838325,0.44718178424785365,0.2450376683562674
0.7103100980652001,0.4470149253731343,0.2450441217735975
0.7105751391465677,0.4472211861245804,0.24506800966599782
0.7108401802279354,0.44742729306487694,0.24509073924501912
0.711105221309303,0.44726052925829296,0.245106581853136
0.7113702623906706,0.4474664679582712,0.2451067116878155
0.7116353034720382,0.4472998137802607,0.24510928282311373
0.7119003445534058,0.44713328369322414,0.24511168309500964
0.7121653856347734,0.4469668775586156,0.2451328050090663
0.712430426716141,0.44680059523809523,0.24514148155370205
0.7126954677975086,0.4466344365935292,0.24514210331852987
0.7129605088788762,0.44646840148698885,0.24514757608972743
0.7132255499602438,0.44630248978075066,0.2451513547135837
0.7134905910416115,0.44650817236255574,0.24517237793647723
0.7137556321229791,0.4467137021908652,0.2451936973529024
0.7140206732043467,0.44691907943578324,0.24522231525114027
0.7142857142857143,0.44712430426716143,0.24522544610094957
0.7145507553670819,0.4473293768545994,0.24523307679055645
0.7148157964484495,0.4475342973674453,0.24524423028657252
0.7150808375298171,0.4477390659747961,0.24524788717048535
0.7153458786111847,0.4475731752500926,0.24526055988849862
0.7156109196925523,0.4474074074074074,0.2452819894094966
0.7158759607739199,0.44761199555720105,0.24530014191885102
0.7161410018552876,0.44744633604737233,0.24530761692487943
0.7164060429366552,0.4476507584165742,0.2453398536592307
0.7166710840180228,0.4474852071005917,0.24537102879375086
0.7169361250993904,0.4476894639556377,0.24537415845580002
0.717201166180758,0.44789356984478934,0.24541877921969457
0.7174662072621256,0.4477281123014407,0.2454782510243431
0.7177312483434932,0.4479320531757755,0.24550611827244234
0.7179962894248608,0.44776670358065707,0.24555142314363337
0.7182613305062284,0.44797047970479703,0.2455663980620888
0.718526371587596,0.4481741054961269,0.24557002094985064
0.7187914126689637,0.44837758112094395,0.24558065975416749
0.7190564537503313,0.4482123110947291,0.2455835450725892
0.7193214948316989,0.44804716285924834,0.24563102082244068
0.7195865359130665,0.44788213627992635,0.24563545665002162
0.7198515769944341,0.4480854197349043,0.24566572458825528
0.7201166180758017,0.4479205005520795,0.2457190845024475
0.7203816591571693,0.4481236203090508,0.2457276295528218
0.7206467002385369,0.44832659065833025,0.24573297137217723
0.7209117413199045,0.4485294117647059,0.24574872905154665
0.7211767824012721,0.4483645718485851,0.2457691236428848
0.7214418234826399,0.4481998530492285,0.24579164036915238
0.7217068645640075,0.4480352552331987,0.2458170854914313
0.7219719056453751,0.44823788546255505,0.24585502091310385
0.7222369467267427,0.4484403669724771,0.2458782644523387
0.7225019878081103,0.4482758620689655,0.24591708455040187
0.7227670288894779,0.4481114778144481,0.245932175338241
0.7230320699708455,0.44831378299120234,0.24598016054351865
0.7232971110522131,0.448515939904727,0.2459805430057309
0.7235621521335807,0.44871794871794873,0.24603413651629108
0.7238271932149484,0.44855364335408276,0.2460404175559669
0.724092234296316,0.44838945827232796,0.2461056911500162
0.7243572753776836,0.44859129162092937,0.24612191104158565
0.7246223164590512,0.44879297732260426,0.2461313580471014
0.7248873575404188,0.4489945155393053,0.24618926113823722
0.7251523986217864,0.44919590643274854,0.24622862575473797
0.725417439703154,0.4493971501644136,0.24624006073157514
0.7256824807845216,0.4495982468955442,0.24626585792317482
0.7259475218658892,0.4494341000365097,0.24631731987171973
0.7262125629472568,0.44963503649635034,0.2463478021336884
0.7264776040286245,0.44947099598686613,0.24636502821167278
0.7267426451099921,0.449671772428884,0.24639772131107462
0.7270076861913597,0.44950783813343054,0.24640044975488062
0.7272727272727273,0.44970845481049565,0.24645830905976768
0.7275377683540949,0.44990892531876137,0.24647085775617855
0.7278028094354625,0.45010924981791695,0.24651883880419684
0.7280678505168301,0.44994539497633784,0.2465406335733602
0.7283328915981977,0.45014556040756915,0.246586963902768
0.7285979326795653,0.4503455802109858,0.24661563056877542
0.7288629737609329,0.4501818181818182,0.2466171240974295
0.7291280148423006,0.45038167938931295,0.24661980895085486
0.7293930559236682,0.45021802325581395,0.24666142790379128
0.7296580970050358,0.4500544860152561,0.2466682957984624
0.7299231380864034,0.44989106753812635,0.24670588159805512
0.730188179167771,0.4497277676950998,0.24672780559051063
0.7304532202491386,0.44992743105950656,0.24675365420950995
0.7307182613305062,0.45012694958287996,0.24677062595119115
0.7309833024118738,0.44996374184191446,0.24678554545340636
0.7312483434932414,0.4498006524102936,0.24678576798356797
0.731513384574609,0.45,0.24679792687492488
0.7317784256559767,0.44983701557406736,0.24680696665863597
0.7320434667373443,0.4496741491672701,0.24681428755641427
0.7323085078187119,0.4495114006514658,0.24683571829836007
0.7325735489000795,0.44971056439942114,0.2468587838715073
0.7328385899814471,0.4495479204339964,0.24687621835805854
0.7331036310628147,0.4493853940708604,0.24688653711166345
0.7333686721441823,0.449584387423202,0.2468948344261434
0.7336337132255499,0.4497832369942196,0.24691072406302386
0.7338987543069175,0.4499819429396894,0.24691141817630427
0.7341637953882851,0.44981949458483755,0.24695136987078795
0.7344288364696528,0.4500180440274269,0.24698517249952023
0.7346938775510204,0.44985569985569984,0.24701806590477882
0.734958918632388,0.45005409304002886,0.24702935789849426
0.7352239597137556,0.44989185291997114,0.24703032546178866
0.7354890007951232,0.44972972972972974,0.24703964953575794
0.7357540418764908,0.4495677233429395,0.24706155128261711
0.7360190829578585,0.44940583363341735,0.2471720175864004
0.736284124039226,0.4496040316774658,0.24717323558223073
0.7365491651205937,0.44980208708168407,0.24717547350505348
0.7368142062019613,0.45,0.2471855737936664
0.737079247283329,0.4501977705861201,0.24720519081743686
0.7373442883646966,0.4503953989935298,0.24724124908498724
0.7376093294460642,0.45023356090549765,0.2472449461761135
0.7378743705274318,0.4500718390804598,0.24728676760543644
0.7381394116087994,0.45026929982046676,0.24731573136291024
0.738404452690167,0.4501076812634602,0.24733727755157547
0.7386694937715346,0.44994617868675996,0.247357235074851
0.7389345348529022,0.4501434720229555,0.2473648038058859
0.7391995759342698,0.4503406238795267,0.24736846280962532
0.7394646170156374,0.45017921146953405,0.2473937538230946
0.7397296580970051,0.45037620924399857,0.24740215275297794
0.7399946991783727,0.45021489971346706,0.24743790523772094
0.7402597402597403,0.45041174364482633,0.24746950818766453
0.7405247813411079,0.4502505368647101,0.24747039539219817
0.7407898224224755,0.4504472271914132,0.24747323125022663
0.7410548635038431,0.45028612303290416,0.24749084965427023
0.7413199045852107,0.4501251340722202,0.24750632074742748
0.7415849456665783,0.4503216583273767,0.24753158892212293
0.7418499867479459,0.4505180421579135,0.24754811143681787
0.7421150278293135,0.45071428571428573,0.2475651521268399
0.7423800689106812,0.4505533737950732,0.24762292488538862
0.7426451099920488,0.4503925767309065,0.24767152688511163
0.7429101510734164,0.45023189439885836,0.247701927132495
0.743175192154784,0.4504279600570613,0.24770824568714725
0.7434402332361516,0.4502673796791444,0.24772797558552231
0.7437052743175192,0.4501069137562366,0.2477580794971625
0.7439703153988868,0.44994656216601353,0.2477641671556019
0.7442353564802544,0.4497863247863248,0.24780457497599784
0.744500397561622,0.449626201495194,0.24780795780110543
0.7447654386429897,0.4494661921708185,0.24782360099951745
0.7450304797243573,0.4496620419779438,0.2478625570279994
0.7452955208057249,0.44950213371266,0.2479150785548708
0.7455605618870925,0.4493423391397085,0.2479359676094912
0.7458256029684601,0.44953802416488986,0.24795389714971908
0.7460906440498277,0.4493783303730018,0.24798209113522007
0.7463556851311953,0.44957386363636365,0.24798593157856816
0.7466207262125629,0.44976925807596735,0.24799240778046344
0.7468857672939305,0.4496096522356281,0.24803064192515673
0.7471508083752981,0.44980489535296203,0.24805692668934992
0.7474158494566658,0.44964539007092197,0.24806579944906945
0.7476808905380334,0.4498404820985466,0.24807269146968378
0.747945931619401,0.4496810772501772,0.24808664100170155
0.7482109727007686,0.4495217853347503,0.24810104564142854
0.7484760137821362,0.4493626062322946,0.24810242561496018
0.7487410548635038,0.44920353982300887,0.24810588015154067
0.7490060959448714,0.44904458598726116,0.24811271109726854
0.749271137026239,0.44888574460558894,0.24812342631357298
0.7495361781076066,0.4487270155586987,0.2481998006077653
0.7498012191889742,0.44892188052315307,0.24820421666634007
0.750066260270342,0.44876325088339225,0.24826686922993096
0.7503313013517096,0.4486047333097845,0.24827549748641337
0.7505963424330772,0.4487994350282486,0.2482971196758123
0.7508613835144448,0.4489939992940346,0.24831518410917677
0.7511264245958124,0.4488355681016232,0.24832121364051338
0.75139146567718,0.4490299823633157,0.24834393135232832
0.7516565067585476,0.44922425952045136,0.2483474113936565
0.7519215478399152,0.449418399718012,0.2483507709712188
0.7521865889212828,0.4492600422832981,0.24840150301808048
0.7524516300026504,0.44945403311025006,0.24841391534042617
0.7527166710840181,0.4496478873239437,0.24849754235031737
0.7529817121653857,0.44948961633227735,0.2484983901363585
0.7532467532467533,0.44968332160450386,0.24850521481171417
0.7535117943281209,0.44952514948997535,0.24853014142287838
0.7537768354094885,0.44971870604782,0.24853068979648632
0.7540418764908561,0.44991212653778556,0.248544532162431
0.7543069175722237,0.4497540407589599,0.24855010437980063
0.7545719586535913,0.4499473129610116,0.24855149547586042
0.7548369997349589,0.45014044943820225,0.24855173944638656
0.7551020408163265,0.44998244998244996,0.24856391297793617
0.7553670818976942,0.4498245614035088,0.24857277333931327
0.7556321229790618,0.45001753770606806,0.2485985091678598
0.7558971640604294,0.44985974754558206,0.24860480291952392
0.756162205141797,0.44970206799859797,0.24863638459693327
0.7564272462231646,0.4498948843728101,0.2486469983415146
0.7566922873045322,0.4497373029772329,0.2486759322515494
0.7569573283858998,0.4495798319327731,0.24871626614933404
0.7572223694672674,0.44942247112355616,0.24878332163964076
0.757487410548635,0.44961511546536037,0.24882449854828984
0.7577524516300026,0.44945785239594266,0.24884291166588116
0.7580174927113703,0.4493006993006993,0.24884745966882063
0.7582825337927379,0.4494931842013282,0.24884926923300646
0.7585475748741055,0.449685534591195,0.24885636355891033
0.7588126159554731,0.4495284666433811,0.24885694822872878
0.7590776570368407,0.44937150837988826,0.24887573082452197
0.7593426981182083,0.44956369982547995,0.24887658253186623
0.7596077391995759,0.4494068387997209,0.24894690486504795
0.7598727802809435,0.4492500871991629,0.2489491646951777
0.7601378213623111,0.449442119944212,0.24896896345361974
0.7604028624436787,0.44963401882188914,0.24897188830053127
0.7606679035250464,0.44947735191637633,0.2489778123845481
0.760932944606414,0.4496691048415186,0.24898500833943793
0.7611979856877816,0.44986072423398327,0.24899280497653695
0.7614630267691492,0.44970414201183434,0.24902735272593232
0.7617280678505168,0.4495476687543493,0.2490342134324246
0.7619931089318844,0.4493913043478261,0.24910245206014545
0.762258150013252,0.4495827538247566,0.24910248313288488
0.7625231910946196,0.4494264859228363,0.2491068955272336
0.7627882321759872,0.4496177901320361,0.24910933158896337
0.7630532732573548,0.44980896144494614,0.2491102133711863
0.7633183143387225,0.45,0.24917036064879736
0.7635833554200901,0.44984380423464077,0.24917940963545734
0.7638483965014577,0.4496877168632894,0.2491962539152149
0.7641134375828253,0.449531737773153,0.24920698803859812
0.764378478664193,0.44937586685159503,0.24925041416865054
0.7646435197455606,0.4495667244367418,0.24925638180103174
0.7649085608269282,0.4494109494109494,0.24931459259748318
0.7651736019082958,0.4496016626255629,0.24932299566780056
0.7654386429896634,0.44944598337950137,0.24933343255112395
0.765703684071031,0.44963655244029077,0.24936747503584653
0.7659687251523987,0.44982698961937717,0.24939164868022926
0.7662337662337663,0.44967139398132133,0.24942880388703367
0.7664988073151339,0.44951590594744123,0.24944846222175082
0.7667638483965015,0.4497061873487729,0.24949416230939073
0.7670288894778691,0.4498963372494817,0.24951540944706
0.7672939305592367,0.44974093264248705,0.2495255986212066
0.7675589716406043,0.44993093922651933,0.24957615660007373
0.7678240127219719,0.4497756299620297,0.2496086405997827
0.7680890538033395,0.44962042788129747,0.2496555013823282
0.7683540948847072,0.4494653328734046,0.24969084525095983
0.7686191359660748,0.4496551724137931,0.2497089968857625
0.7688841770474424,0.44950017235436057,0.24971583708501854
0.76914921812881,0.44934527911784977,0.24971804039360512
0.7694142592101776,0.44953496383052016,0.2497299876856469
0.7696793002915452,0.4493801652892562,0.24974261947164852
0.7699443413729128,0.4495697074010327,0.2497716648117042
0.7702093824542804,0.4494150034411562,0.2497762228097651
0.770474423535648,0.44926040591675265,0.24978019163569806
0.7707394646170156,0.44910591471801925,0.24978442897665187
0.7710045056983833,0.44929529047782746,0.24986748838040518
0.7712695467797509,0.44948453608247424,0.24986862110496785
0.7715345878611185,0.44967365166609413,0.24993928480085442
0.7717996289424861,0.4498626373626374,0.250019388435849
0.7720646700238537,0.44970820460006866,0.2500463381801218
0.7723297111052213,0.44989704873026765,0.2501186786152007
0.7725947521865889,0.45008576329331046,0.25016416216196863
0.7728597932679565,0.4499314128943759,0.2501678460504504
0.7731248343493241,0.44977716832362014,0.25018470089976325
0.7733898754306917,0.44996572995202194,0.25019780263663655
0.7736549165120594,0.4498115793079822,0.2502082670703033
0.773919957593427,0.44965753424657534,0.25021795855675827
0.7741849986747946,0.44950359465936324,0.2502252723680355
0.7744500397561622,0.44969199178644764,0.2502488461677452
0.7747150808375298,0.4495381457406774,0.25024957601915027
0.7749801219188974,0.4497264021887825,0.2502745128475938
0.775245163000265,0.4499145299145299,0.2502913486807444
0.7755102040816326,0.44976076555023925,0.2503097887329337
0.7757752451630002,0.4496071062521353,0.25034096970026404
0.7760402862443678,0.44979508196721313,0.2503867884964508
0.7763053273257355,0.4496415158757255,0.25040106332747236
0.7765703684071031,0.4494880546075085,0.2504060240665374
0.7768354094884707,0.44933469805527126,0.25042414339665287
0.7771004505698383,0.4495225102319236,0.2504352263279732
0.7773654916512059,0.4493692465052847,0.25043694534803185
0.7776305327325735,0.4495569188820723,0.25047584558067065
0.7778955738139411,0.4497444633730835,0.25047701490924273
0.7781606148953087,0.44959128065395093,0.2504992172078502
0.7784256559766763,0.449438202247191,0.2505402410843324
0.778690697058044,0.44928522804629,0.2505513389567453
0.7789557381394117,0.44947260973120107,0.25056107331221456
0.7792207792207793,0.4493197278911565,0.250600295666973
0.7794858203021469,0.449166950017001,0.2506269056462625
0.7797508613835145,0.4493541808293678,0.2506437121107434
0.7800159024648821,0.4492014950730547,0.250673440919785
0.7802809435462497,0.44938858695652173,0.2506745947729855
0.7805459846276173,0.4495755517826825,0.2506866152000749
0.7808110257089849,0.44942294636795654,0.2507569937175387
0.7810760667903525,0.4492704445198507,0.2507663098874737
0.7813411078717201,0.4494572591587517,0.2508014329889805
0.7816061489530878,0.4493048491013903,0.2508311320245891
0.7818711900344554,0.4491525423728814,0.2508516340038007
0.782136231115823,0.4490003388681803,0.2508821261318426
0.7824012721971906,0.4488482384823848,0.2508903521298957
0.7826663132785582,0.44869624111073486,0.2508922724933553
0.7829313543599258,0.44854434664861204,0.25089893364356214
0.7831963954412934,0.44873096446700506,0.2509087595509978
0.783461436522661,0.4485791610284168,0.25094152253701607
0.7837264776040286,0.4484274602637809,0.2509826965352028
0.7839915186853962,0.4482758620689655,0.25099721949179127
0.7842565597667639,0.4484623183507942,0.2510064206820644
0.7845216008481315,0.4483108108108108,0.25106421227150405
0.7847866419294991,0.4481594056062141,0.2510696847791043
0.7850516830108667,0.44800810263335583,0.25109102420046076
0.7853167240922343,0.4481943975700304,0.2511948426794463
0.7855817651736019,0.4483805668016194,0.25120706286997874
0.7858468062549695,0.44822934232715006,0.2512182351344369
0.7861118473363371,0.4480782198246797,0.25124109386025156
0.7863768884177047,0.44792719919110213,0.251264677519118
0.7866419294990723,0.4481132075471698,0.25131076490440873
0.78690697058044,0.4482990906028966,0.2513316370122086
0.7871720116618076,0.4484848484848485,0.2514145023806547
0.7874370527431752,0.44867048131942106,0.25144554896090365
0.7877020938245428,0.4488559892328398,0.25144623160868484
0.7879671349059104,0.44870501177262023,0.2514641851914581
0.788232175987278,0.4488903833221251,0.2514902564416326
0.7884972170686456,0.44873949579831934,0.2515012962187834
0.7887622581500132,0.4489247311827957,0.2515363709125302
0.7890272992313808,0.4487739334900907,0.2515448134488301
0.7892923403127485,0.44895903290799194,0.2515565539046858
0.7895573813941161,0.44914400805639476,0.2515684227661645
0.7898224224754837,0.448993288590604,0.2515774075077901
0.7900874635568513,0.4488426702448843,0.25158151249358
0.7903525046382189,0.449027498323273,0.2516180921990473
0.7906175457195865,0.4492122024807241,0.2516234300274258
0.7908825868009541,0.44906166219839144,0.2517391213424857
0.7911476278823217,0.4492462311557789,0.25174975413640377
0.7914126689636893,0.4490957803081045,0.25176633000425425
0.7916777100450569,0.44928021426180115,0.2517693504679301
0.7919427511264246,0.44946452476572957,0.25178167063100093
0.7922077922077922,0.4496487119437939,0.2517955931792586
0.7924728332891599,0.4498327759197324,0.25180919497969056
0.7927378743705275,0.450016716817118,0.25182814100455636
0.793002915451895,0.44986631016042783,0.25194612477439077
0.7932679565332627,0.4497160040093552,0.25197955872631966
0.7935329976146303,0.4498997995991984,0.2519837765923496
0.7937980386959979,0.45008347245409014,0.2519930295498638
0.7940630797773655,0.4499332443257677,0.25201906921249934
0.7943281208587331,0.4501167834501168,0.2520275782137929
0.7945931619401008,0.44996664442961976,0.25204733168954757
0.7948582030214684,0.45015005001667224,0.25205036159325783
0.795123244102836,0.4503333333333333,0.2520780197958683
0.7953882851842036,0.4501832722425858,0.25210491833191584
0.7956533262655712,0.4503664223850766,0.2521156691965832
0.7959183673469388,0.45021645021645024,0.25213195326300086
0.7961834084283064,0.4503994673768309,0.2521368346145467
0.796448449509674,0.4505823627287854,0.2521788047603717
0.7967134905910416,0.4507651363938789,0.2521792365920878
0.7969785316724092,0.45094778849351513,0.2521815922159681
0.7972435727537769,0.4507978723404255,0.25218234064044814
0.7975086138351445,0.4506480558325025,0.2521888282786481
0.7977736549165121,0.4504983388704319,0.25224315051886836
0.7980386959978797,0.45068083693125205,0.2522612904364957
0.7983037370792473,0.45086321381142097,0.2522986264348539
0.7985687781606149,0.4507135745104547,0.2523157678099936
0.7988338192419825,0.4508958195089582,0.2523402389259702
0.7990988603233501,0.45107794361525705,0.25238971750599104
0.7993639014047177,0.4509283819628647,0.25244054468490684
0.7996289424860853,0.45077891945641363,0.25245725036410954
0.799893983567453,0.4506295559973492,0.25250074809075024
0.8001590246488206,0.45048029148724744,0.2525337849805866
0.8004240657301882,0.4506622516556291,0.2525364895954076
0.8006891068115558,0.4505130751406819,0.2525529875949332
0.8009541478929234,0.45069490403706153,0.2525924503752688
0.801219188974291,0.4505458154151505,0.25259812729194175
0.8014842300556586,0.45072751322751325,0.25259972107993134
0.8017492711370262,0.4509090909090909,0.2526029834858408
0.8020143122183938,0.4507600793126239,0.252611809877335
0.8022793532997614,0.4509415262636274,0.2526301444678592
0.8025443943811291,0.4511228533685601,0.25263664847478157
0.8028094354624967,0.45130406074612084,0.2526391335867964
0.8030744765438643,0.4514851485148515,0.2526776647594612
0.8033395176252319,0.4513361926756846,0.25274909848823357
0.8036045587065995,0.4515171503957784,0.25276085237091095
0.8038695997879671,0.45136828222881636,0.2527667071620139
0.8041346408693347,0.4515491100856954,0.2527741309232883
0.8043996819507023,0.4514003294892916,0.25278236583945374
0.8046647230320699,0.4512516469038208,0.2527991729842915
0.8049297641134375,0.4514323345406651,0.2528363263622806
0.8051948051948052,0.45128373930217247,0.25286613357057297
0.8054598462761728,0.45113524185587367,0.25290221791553147
0.8057248873575404,0.4513157894736842,0.2529225977457739
0.805989928438908,0.4511673791515949,0.25295820291738086
0.8062549695202756,0.45134779750164367,0.2529610696302202
0.8065200106016432,0.45119947420308903,0.2529787799276552
0.8067850516830108,0.45137976346911957,0.25301076173219006
0.8070500927643784,0.45123152709359604,0.2530220489041618
0.807315133845746,0.4514116874589626,0.2530691048818729
0.8075801749271136,0.45159172957006893,0.2530866262985434
0.8078452160084814,0.45144356955380577,0.25310154895221926
0.808110257089849,0.45162348310921613,0.25311584641578183
0.8083752981712166,0.4518032786885246,0.25312455275272333
0.8086403392525842,0.45165519501802687,0.253124733183214
0.8089053803339518,0.4518348623853211,0.2531266839928896
0.8091704214153194,0.4516868653783164,0.25317635096836816
0.809435462496687,0.4518664047151277,0.2531904049102681
0.8097005035780546,0.45171849427168576,0.25320360337720116
0.8099655446594222,0.45157068062827227,0.25326311555776765
0.8102305857407899,0.4517500817795224,0.2532685462059115
0.8104956268221575,0.45192936559843033,0.2532938753937513
0.8107606679035251,0.45210853220006536,0.25330465771128474
0.8110257089848927,0.4519607843137255,0.2534066716341546
0.8112907500662603,0.45181313296308395,0.2534161666708428
0.8115557911476279,0.4516655780535598,0.25344424449036723
0.8118208322289955,0.4515181194906954,0.2534537591397122
0.8120858733103631,0.4516971279373368,0.2534555270239515
0.8123509143917307,0.4515497553017945,0.25347414128723067
0.8126159554730983,0.4517286366601435,0.253484187111567
0.812880996554466,0.4519074013694164,0.2535602338474141
0.8131460376358336,0.45208604954367665,0.25357953098472596
0.8134110787172012,0.4519387422613229,0.2535906606508003
0.8136761197985688,0.4521172638436482,0.2536106622769484
0.8139411608799364,0.45197004233148813,0.253630049594792
0.814206201961304,0.4521484375,0.2536338465120218
0.8144712430426716,0.4523267165636186,0.2536385431336959
0.8147362841240392,0.4525048796356539,0.25366427443867934
0.8150013252054068,0.4526829268292683,0.25370040158707896
0.8152663662867744,0.45286085825747724,0.25371189196370325
0.8155314073681421,0.4530386740331492,0.25372325835257836
0.8157964484495097,0.45321637426900585,0.2537394994579666
0.8160614895308773,0.4530691783046444,0.2537545496887808
0.8163265306122449,0.45292207792207795,0.25376490034101945
0.8165915716936125,0.4527750730282376,0.2537785249181572
0.8168566127749801,0.45295262816353016,0.25379823863489487
0.8171216538563477,0.45313006811547196,0.25380201708131866
0.8173866949377153,0.45330739299610895,0.2538053583622051
0.8176517360190829,0.45316045380875203,0.2538887765190869
0.8179167771004505,0.4533376539209332,0.2539074660702377
0.8181818181818182,0.45319080012957563,0.2539375211355287
0.8184468592631858,0.4530440414507772,0.2539848703705286
0.8187119003445534,0.45289737779216577,0.2540083069890988
0.818976941425921,0.4527508090614887,0.2540298289936113
0.8192419825072886,0.45260433516661275,0.25407576993112563
0.8195070235886562,0.45278137128072443,0.2540801900217788
0.8197720646700238,0.45263498221791143,0.2540829565440124
0.8200371057513914,0.45248868778280543,0.2541191377393944
0.820302146832759,0.45234248788368336,0.2541245641980226
0.8205671879141266,0.45219638242894056,0.25418862923089064
0.8208322289954944,0.45205037132709075,0.254231956320699
0.821097270076862,0.45190445448676564,0.25432662589104676
0.8213623111582296,0.45175863181671505,0.2543360289342648
0.8216273522395972,0.45161290322580644,0.2543502936213415
0.8218923933209648,0.4517897452434699,0.2543531024257147
0.8221574344023324,0.45164410058027077,0.25439226317460345
0.8224224754837,0.4514985497905253,0.25445113561752847
0.8226875165650676,0.45167525773195877,0.2544821511947983
0.8229525576464352,0.4515297906602254,0.2545161772345451
0.8232175987278028,0.45170637475853187,0.25452083172162815
0.8234826398091705,0.45156099130994526,0.25452921101808984
0.8237476808905381,0.4517374517374517,0.2545401808175284
0.8240127219719057,0.4515921518173046,0.254546184987525
0.8242777630532733,0.4514469453376206,0.2546126617682037
0.8245428041346409,0.45162327225972354,0.25466738293131336
0.8248078452160085,0.4517994858611825,0.2546821195471323
0.8250728862973761,0.45197558625120465,0.25474761061208506
0.8253379273787437,0.45215157353885677,0.2547514957809175
0.8256029684601113,0.4520064205457464,0.25478229364320293
0.8258680095414789,0.45218228498074453,0.2548333561759224
0.8261330506228466,0.4523580365736285,0.2548591522422099
0.8263980917042142,0.45253367543296985,0.2548918578974479
0.8266631327855818,0.452709201667201,0.254900369928217
0.8269281738669494,0.4528846153846154,0.2549657269550168
0.827193214948317,0.45273950656840756,0.2549727883706412
0.8274582560296846,0.452914798206278,0.25497611715152385
0.8277232971110522,0.45308997758565484,0.2549998253909293
0.8279883381924198,0.4532650448143406,0.25500099010138383
0.8282533792737874,0.45312,0.25501157233390026
0.828518420355155,0.45297504798464494,0.2550288494345568
0.8287834614365227,0.45314998401023343,0.25503956072614586
0.8290485025178903,0.4533248081841432,0.2550406754409661
0.8293135435992579,0.4534995206136146,0.255058336172647
0.8295785846806255,0.4533546325878594,0.2550607194910738
0.8298436257619931,0.45320983711274354,0.255081970067123
0.8301086668433607,0.45338441890166026,0.25511962640277225
0.8303737079247283,0.45355888924353654,0.2551356404948983
0.8306387490060959,0.45373324824505423,0.2551369160441073
0.8309037900874635,0.45390749601275915,0.255211264923741
0.8311688311688312,0.45408163265306123,0.25523259967961537
0.8314338722501988,0.45425565827223463,0.2552577874129953
0.8316989133315664,0.4544295729764181,0.2552835387780811
0.831963954412934,0.4546033768716152,0.25528501132664433
0.8322289954943016,0.45445859872611466,0.2553423170442058
0.8324940365756692,0.45431391276663485,0.2553515154054124
0.8327590776570368,0.45448758752387014,0.25539556404418307
0.8330241187384044,0.45466115176582883,0.25541606854743376
0.833289159819772,0.45451653944020354,0.2554446789654278
0.8335542009011396,0.4543720190779014,0.25545246195320326
0.8338192419825073,0.45454545454545453,0.25545487484082613
0.8340842830638749,0.4544010168414363,0.2554550254250614
0.8343493241452425,0.454574332909784,0.25546958694319033
0.8346143652266101,0.4547475389012385,0.25547201536221154
0.8348794063079777,0.45492063492063495,0.25549878088892347
0.8351444473893453,0.4550936210726753,0.2555298577203084
0.835409488470713,0.4549492385786802,0.25554162049379914
0.8356745295520805,0.4551221059308595,0.25554972396815706
0.8359395706334481,0.4549778059606848,0.25558682749342343
0.8362046117148157,0.4548335974643423,0.2557203055234742
0.8364696527961835,0.4550063371356147,0.2557423789771967
0.8367346938775511,0.4548622109597719,0.2557609042623471
0.8369997349589187,0.45471817606079795,0.2558108372972629
0.8372647760402863,0.45489078822412155,0.25582093876892337
0.8375298171216539,0.45474683544303796,0.2558773516691937
0.8377948582030215,0.45460297374248654,0.25590957423065974
0.8380598992843891,0.454775458570525,0.25593088993761626
0.8383249403657567,0.45463167878596267,0.25598356046211673
0.8385899814471243,0.4548040455120101,0.2559863700694084
0.8388550225284919,0.4549763033175355,0.2560186739920446
0.8391200636098596,0.4551484523057486,0.25601936237767325
0.8393851046912272,0.45532049257972845,0.25604539547436883
0.8396501457725948,0.45549242424242425,0.25607252961430704
0.8399151868539624,0.4553486904386242,0.25608486675946046
0.84018022793533,0.455205047318612,0.256117020070188
0.8404452690166976,0.45506149479659413,0.2561256197309922
0.8407103100980652,0.45491803278688525,0.2561349057614834
0.8409753511794328,0.4550898203592814,0.25620164704710674
0.8412403922608004,0.4549464398235665,0.25622421451977717
0.841505433342168,0.4548031496062992,0.2562549726676503
0.8417704744235357,0.45497481108312343,0.25632781604184474
0.8420355155049033,0.45514636449480644,0.2563542913412785
0.8423005565862709,0.45531780994336063,0.25646090056018395
0.8425655976676385,0.45548914753067005,0.2564721317864218
0.8428306387490061,0.45534591194968554,0.25654580821658
0.8430956798303737,0.45551713297705126,0.25660471190904616
0.8433607209117413,0.4556882463859208,0.2566167768505304
0.8436257619931089,0.4555450832547911,0.25662605059323707
0.8438908030744765,0.45571608040201006,0.25667840661001123
0.8441558441558441,0.45557299843014126,0.2566998853830771
0.8444208852372118,0.4554300062774639,0.25670891125131984
0.8446859263185794,0.45560087856918735,0.256717264730862
0.844950967399947,0.455771643663739,0.2567272236295604
0.8452160084813146,0.45562872373784885,0.25679930722742755
0.8454810495626822,0.4554858934169279,0.2568862148282726
0.8457460906440498,0.4556565340018803,0.2569009744670525
0.8460111317254174,0.4558270676691729,0.2569420450320134
0.846276172806785,0.45599749451926086,0.2569561295502607
0.8465412138881526,0.4561678146524734,0.2569704043541946
0.8468062549695202,0.4563380281690141,0.2570160420418944
0.8470712960508879,0.4565081351689612,0.257032518714606
0.8473363371322555,0.45667813575226773,0.25706583704199604
0.8476013782136231,0.45653533458411505,0.2571016082014327
0.8478664192949907,0.4567052203813692,0.2571189782428895
0.8481314603763583,0.4565625,0.2571287797074126
0.8483965014577259,0.4567322711652609,0.25713521884059903
0.8486615425390935,0.45690193628981884,0.2571392923976815
0.8489265836204611,0.4567592881673431,0.257209068555156
0.8491916247018287,0.45692883895131087,0.2572580354009835
0.8494566657831963,0.45709828393135726,0.25726390393678594
0.849721706864564,0.45726762320648784,0.2572670858771701
0.8499867479459317,0.4571250389772373,0.2572751673766031
0.8502517890272993,0.45698254364089774,0.2572957668751628
0.8505168301086669,0.45715176067310687,0.2573136114028684
0.8507818711900345,0.4570093457943925,0.2573969551457536
0.8510469122714021,0.45686701962005605,0.2574395188079493
0.8513119533527697,0.4567247820672478,0.25747252470965554
0.8515769944341373,0.45689386865857456,0.25750301858376506
0.8518420355155049,0.4567517112632234,0.2575095258178131
0.8521070765968726,0.4569206842923795,0.2575354868724043
0.8523721176782402,0.457089552238806,0.2575871604358898
0.8526371587596078,0.4569474665837737,0.2576443676978064
0.8529021998409754,0.45711622125543816,0.25764476013353443
0.853167240922343,0.45728487107797455,0.25772123011189263
0.8534322820037106,0.4574534161490683,0.2577441582051482
0.8536973230850782,0.45731139397702575,0.2577958776476577
0.8539623641664458,0.45747982619491,0.2578133919716757
0.8542274052478134,0.4576481538938877,0.25782024042582474
0.854492446329181,0.45781637717121587,0.25784648279739325
0.8547574874105487,0.457984496124031,0.25785588003525034
0.8550225284919163,0.4578425294482331,0.25786496569150447
0.8552875695732839,0.4580105361016424,0.2578929294643248
0.8555526106546515,0.45817843866171004,0.25790182411444534
0.8558176517360191,0.4580365438216166,0.25791779808189497
0.8560826928173867,0.4582043343653251,0.2579345817348534
0.8563477338987543,0.4580625193438564,0.2579403317384221
0.8566127749801219,0.45823019801980197,0.2579428310605403
0.8568778160614895,0.4583977729662852,0.25794807276005444
0.8571428571428571,0.4582560296846011,0.2579489599994791
0.8574078982242248,0.45811437403400307,0.2579546895197865
0.8576729393055924,0.45828182941903584,0.2580011448576466
0.85793798038696,0.4584491813407476,0.2580226279632806
0.8582030214683276,0.458307597282273,0.2580256339796388
0.8584680625496952,0.4584748379129361,0.25805500578349677
0.8587331036310628,0.4583333333333333,0.2580572643261854
0.8589981447124304,0.4581919160752854,0.2581058789465307
0.859263185793798,0.4580505860579889,0.25812358053977263
0.8595282268751656,0.45790934320074006,0.2581338525891327
0.8597932679565332,0.4577681874229346,0.25813621566254946
0.8600583090379009,0.4579352850539291,0.2581584009393194
0.8603233501192685,0.4581022797288971,0.25820376953179913
0.8605883912006361,0.45796119494918386,0.25822385497215905
0.8608534322820037,0.45782019704433496,0.25822717248222327
0.8611184733633713,0.4579870729455217,0.25825182840868466
0.8613835144447389,0.45815384615384613,0.2582660137658557
0.8616485555261065,0.4583205167640726,0.2583003572996985
0.8619135966074741,0.45817958179581797,0.25832711131144864
0.8621786376888417,0.45803873347679064,0.25833040220538145
0.8624436787702093,0.4578979717271051,0.25833800797581585
0.862708719851577,0.4577572964669739,0.2583753940796148
0.8629737609329446,0.45761670761670764,0.2584440582492605
0.8632388020143122,0.45747620509671477,0.25847659119719507
0.8635038430956798,0.45733578882750153,0.2584898829326132
0.8637688841770474,0.45719545872967166,0.25857578917635615
0.864033925258415,0.4570552147239264,0.2585818032438614
0.8642989663397826,0.4569150567310641,0.25863051412479504
0.8645640074211502,0.45677498467198036,0.25864124621011875
0.8648290485025178,0.4566349984676678,0.25865919274923466
0.8650940895838855,0.4568014705882353,0.25878972175158055
0.8653591306652532,0.45666156202143954,0.25883037617426186
0.8656241717466208,0.45652173913043476,0.2589145951713678
0.8658892128279884,0.4563820018365473,0.2589527078668946
0.866154253909356,0.4562423500611995,0.2589621693133899
0.8664192949907236,0.45610278372591007,0.25903675512303326
0.8666843360720912,0.4559633027522936,0.259056601751891
0.8669493771534588,0.45612962396820544,0.25917509070419875
0.8672144182348264,0.4559902200488998,0.25918353919811304
0.867479459316194,0.4561564314084937,0.2592036076425119
0.8677445003975616,0.4563225412339646,0.2592740300530349
0.8680095414789293,0.45618320610687024,0.25927521689745325
0.8682745825602969,0.45604395604395603,0.25930787628363583
0.8685396236416645,0.45620994812328347,0.2593223255518835
0.8688046647230321,0.4560707748627212,0.2593437121763062
0.8690697058043997,0.45623665751753584,0.2593599430601008
0.8693347468857673,0.45640243902439026,0.2594359049557402
0.8695997879671349,0.4565681194757696,0.25958028609615985
0.8698648290485025,0.4567336989640463,0.25959105014485484
0.8701298701298701,0.45659457812975934,0.2596270674893257
0.8703949112112377,0.4564555420219245,0.25968921831423086
0.8706599522926054,0.4563165905631659,0.2596948620180086
0.870924993373973,0.4561777236762021,0.2597563427258902
0.8711900344553406,0.456343170063888,0.2597751689047099
0.8714550755367082,0.45650851581508517,0.259786067153035
0.8717201166180758,0.45636971723928244,0.2598172351394575
0.8719851576994434,0.45653495440729486,0.259820811489741
0.872250198780811,0.4567000911577028,0.259825973999227
0.8725152398621786,0.4565613608748481,0.2598305872313291
0.8727802809435462,0.45642271484968117,0.25990311310504033
0.8730453220249139,0.45658773527625984,0.259937727057555
0.8733103631062815,0.456752655538695,0.25997144608813527
0.8735754041876491,0.4566140776699029,0.25997638811433615
0.8738404452690167,0.4564755838641189,0.25999614413527994
0.8741054863503843,0.45633717404487567,0.26001637423875507
0.8743705274317519,0.4565019702940285,0.2600714766455548
0.8746355685131195,0.45636363636363636,0.2600737305616484
0.8749006095944871,0.4562253862465919,0.26008872566129715
0.8751656506758547,0.45608721986674744,0.2600976636465566
0.8754306917572223,0.45625189221919465,0.26011905051766054
0.87569573283859,0.4561138014527845,0.26013421625421784
0.8759607739199576,0.45597579425113466,0.2601389387765615
0.8762258150013252,0.45614035087719296,0.260168407287036
0.8764908560826928,0.4560024191109767,0.260168648680433
0.8767558971640604,0.45616686819830715,0.2601727486809842
0.877020938245428,0.4563312178906014,0.26018015537042166
0.8772859793267956,0.4564954682779456,0.260205517101878
0.8775510204081632,0.4563575958924796,0.26026320850148904
0.8778160614895308,0.45621980676328505,0.2602958092449097
0.8780811025708984,0.4560821008149713,0.2603458697124904
0.8783461436522662,0.45624622812311405,0.260356619576718
0.8786111847336338,0.45610859728506786,0.2603626018561553
0.8788762258150014,0.4559710494571773,0.26037476895131123
0.879141266896369,0.4558335845643654,0.26038636947424054
0.8794063079777366,0.4559975889089813,0.260395697270728
0.8796713490591042,0.45616149442603193,0.26040283516789486
0.8799363901404718,0.4563253012048193,0.26041909072066527
0.8802014312218394,0.4564890093345378,0.2604458537637054
0.880466472303207,0.4563515954244431,0.2604950695345201
0.8807315133845746,0.4565151971110442,0.2605387684521527
0.8809965544659423,0.45637785800240677,0.2605471728086929
0.8812615955473099,0.4562406015037594,0.26055582233738045
0.8815266366286775,0.4561034275405893,0.2605657131256044
0.8817916777100451,0.45626690712353474,0.2605733142663776
0.8820567187914127,0.45643028846153844,0.260641686387573
0.8823217598727803,0.4562931811354761,0.2606936051581864
0.8825868009541479,0.4561561561561562,0.2606998120286582
0.8828518420355155,0.4560192134494146,0.26071253684162266
0.8831168831168831,0.4561824729891957,0.260714297407127
0.8833819241982507,0.45634563456345634,0.26073781933237405
0.8836469652796184,0.45650869826034796,0.2607632908672151
0.883912006360986,0.4563718140929535,0.2607858204731952
0.8841770474423536,0.45623501199040767,0.2608083746452906
0.8844420885237212,0.4560982918789332,0.26081769771950625
0.8847071296050888,0.4562612342720192,0.2608363670323502
0.8849721706864564,0.4561245882000599,0.26083957831159327
0.885237211767824,0.4559880239520958,0.26086225836573523
0.8855022528491916,0.45615085303801256,0.26089936808763897
0.8857672939305592,0.45601436265709155,0.2609012970619736
0.8860323350119268,0.45617708644929705,0.26091757222355405
0.8862973760932945,0.45604066985645936,0.2609506462478775
0.8865624171746621,0.456203288490284,0.26096796716753334
0.8868274582560297,0.4560669456066946,0.26097558237511304
0.8870924993373973,0.4562294592172094,0.2610540431712509
0.8873575404187649,0.45639187574671447,0.261074893203645
0.8876225815001325,0.456255598686175,0.26114171770904654
0.8878876225815001,0.4564179104477612,0.26114744725542566
0.8881526636628677,0.4565801253357207,0.2611906837383543
0.8884177047442353,0.4567422434367542,0.26119637961844067
0.8886827458256029,0.456904264837459,0.2612258790285477
0.8889477869069706,0.45706618962432916,0.26126405368225974
0.8892128279883382,0.4572280178837556,0.2612877656389959
0.8894778690697058,0.4570917759237187,0.2612886632390289
0.8897429101510734,0.4572535001489425,0.26131529325713465
0.890007951232441,0.45711733174508634,0.2613900470357243
0.8902729923138086,0.45698124441798155,0.26145262180686607
0.8905380333951762,0.45714285714285713,0.26145618636913215
0.8908030744765438,0.45730437369830407,0.2615311126907748
0.8910681155579114,0.45746579417013683,0.26153834366733586
0.891333156639279,0.4576271186440678,0.2615748319197353
0.8915981977206467,0.4577883472057075,0.2616141997693475
0.8918632388020143,0.4579494799405646,0.26162963070615164
0.892128279883382,0.45781342840166367,0.2616624240516395
0.8923933209647495,0.45797445797445796,0.2616701051234046
0.8926583620461171,0.4581353919239905,0.2617902311723866
0.8929234031274847,0.45799940635203323,0.2618139226680833
0.8931884442088524,0.45786350148367955,0.261818297096384
0.89345348529022,0.4580243251260753,0.26184200574591215
0.8937185263715876,0.4581850533807829,0.26188836163275464
0.8939835674529553,0.45834568633264156,0.26188843373544196
0.8942486085343229,0.4582098399525785,0.2618895452542133
0.8945136496156905,0.4580740740740741,0.261902414036257
0.8947786906970581,0.45793838862559244,0.26191314942925087
0.8950437317784257,0.458098904352976,0.2619299277851627
0.8953087728597933,0.458259325044405,0.2619433028254758
0.8955738139411609,0.4584196507842557,0.2619515768837126
0.8958388550225285,0.4582840236686391,0.2619606409599427
0.8961038961038961,0.45844424726412303,0.2619618922109912
0.8963689371852637,0.4583086930810171,0.26196941688185416
0.8966339782666314,0.45817321903635827,0.26200913789898556
0.896899019347999,0.4583333333333333,0.2620552516200798
0.8971640604293666,0.45819793205317577,0.2620809160698556
0.8974291015107342,0.45806261075014765,0.2621221396423014
0.8976941425921018,0.4579273693534101,0.26212782917778765
0.8979591836734694,0.4577922077922078,0.2621451525940177
0.898224224754837,0.457657125995869,0.2622052670407687
0.8984892658362046,0.4575221238938053,0.26221825334480336
0.8987543069175722,0.4576820996756119,0.2622424132753371
0.8990193479989398,0.45754716981132076,0.2622520616626968
0.8992843890803075,0.45770704391394046,0.2623057423615267
0.8995494301616751,0.4575721862109605,0.2623448518161079
0.8998144712430427,0.4577319587628866,0.262363474512926
0.9000795123244103,0.4578916372202591,0.2624226943737761
0.9003445534057779,0.45775684427435975,0.2624435295672531
0.9006095944871455,0.4579164214243673,0.26249080591482027
0.9008746355685131,0.4580759046778464,0.26249455293696944
0.9011396766498807,0.4582352941176471,0.2625234863365973
0.9014047177312483,0.4583945898265216,0.26253066776253126
0.9016697588126159,0.4585537918871252,0.26255312869444336
0.9019347998939836,0.45871290038201584,0.2625636454414737
0.9021998409753512,0.45857814336075203,0.26260016156099847
0.9024648820567188,0.45844346549192366,0.26260068170430784
0.9027299231380864,0.4583088667058133,0.262642594291937
0.902994964219454,0.4581743469327854,0.2626776447563166
0.9032600053008216,0.4580399061032864,0.2626934759370036
0.9035250463821892,0.4581988853036081,0.26270633176340524
0.9037900874635568,0.4583577712609971,0.26271715546994995
0.9040551285449244,0.45822339489885666,0.2627175770065029
0.904320169626292,0.45838218053927315,0.2627477774965107
0.9045852107076597,0.4582478757691181,0.26278452099685273
0.9048502517890273,0.45811364967779733,0.26283394299418106
0.9051152928703949,0.4582723279648609,0.2628971062166302
0.9053803339517625,0.4581381733021077,0.262921580084191
0.9056453750331301,0.45829675153643545,0.2629447056937962
0.9059104161144977,0.45816266822703333,0.26299307824475165
0.9061754571958653,0.45802866335185727,0.2630152120410643
0.9064404982772329,0.45789473684210524,0.26302073501569334
0.9067055393586005,0.45776088862905584,0.2630392933798536
0.9069705804399681,0.4576271186440678,0.2630517115941298
0.9072356215213359,0.4577855682150161,0.26307296473107755
0.9075006626027035,0.4576518691588785,0.26312503167308854
0.9077657036840711,0.4575182481751825,0.26319092740227595
0.9080307447654387,0.45738470519556335,0.2631998723349979
0.9082957858468063,0.45725124015173624,0.26328525777074585
0.9085608269281739,0.4574095682613769,0.26329440529357634
0.9088258680095415,0.4575678040244969,0.2633082806179661
0.9090909090909091,0.4574344023323615,0.2633463009800634
0.9093559501722767,0.4575925386184786,0.26347678930920354
0.9096209912536443,0.4577505827505827,0.2635342051817137
0.909886032335012,0.4579085348092048,0.26355367806254876
0.9101510734163796,0.45806639487478157,0.26357482523239983
0.9104161144977472,0.4579330422125182,0.2636131594036871
0.9106811555791148,0.45779976717112925,0.26365414537263904
0.9109461966604824,0.45766656968286296,0.2637149312353099
0.91121123774185,0.45753344968004656,0.2637161581519245
0.9114762788232176,0.4574004070950858,0.26374317382838625
0.9117413199045852,0.45726744186046514,0.2637555579572732
0.9120063609859528,0.45742516710258646,0.26379391756395426
0.9122714020673204,0.45758280069726903,0.2638681837316923
0.9125364431486881,0.45744989834446703,0.2638959065120173
0.9128014842300557,0.45760743321718933,0.26402537007670096
0.9130665253114233,0.4574746008708273,0.26403652200576166
0.9133315663927909,0.457341845618108,0.26405799276429276
0.9135966074741585,0.457209167391935,0.2640952652333161
0.9138616485555261,0.4573665893271462,0.2641170895068006
0.9141266896368937,0.45723398086401856,0.2642067404291745
0.9143917307182613,0.45710144927536234,0.26424748011389587
0.9146567717996289,0.45725876557519557,0.2642494904129919
0.9149218128809966,0.45712630359212053,0.26436799144978024
0.9151868539623642,0.4569939183318853,0.264461082082034
0.9154518950437318,0.4568616097278518,0.26447705170599795
0.9157169361250994,0.45672937771345873,0.2645206869766982
0.915981977206467,0.4565972222222222,0.264543169819018
0.9162470182878346,0.45675441133931155,0.2645771981056406
0.9165120593692022,0.4569115095430885,0.2646249665068247
0.9167771004505698,0.4570685169124024,0.2646748450948487
0.9170421415319374,0.4569364161849711,0.26470240217357616
0.917307182613305,0.4570933256284311,0.26472405542351096
0.9175722236946727,0.4569612940496823,0.2647296183662068
0.9178372647760403,0.4571181056887092,0.2647334872253973
0.9181023058574079,0.456986143187067,0.2648458481797398
0.9183673469387755,0.45685425685425685,0.2648521625165871
0.9186323880201431,0.4570109636468552,0.2648753288727238
0.9188974291015107,0.45687914623593884,0.26488726496363374
0.9191624701828783,0.45674740484429066,0.2649246713900343
0.9194275112642459,0.45661573940616895,0.264931268711
0.9196925523456135,0.45677233429394815,0.2649802089765978
0.9199575934269811,0.45664073753961393,0.2650149134721488
0.9202226345083488,0.4567972350230415,0.2650322164372676
0.9204876755897164,0.45666570688165853,0.26514675382327296
0.920752716671084,0.45682210708117443,0.26517642250282114
0.9210177577524516,0.45697841726618704,0.2652720178784104
0.9212827988338192,0.4571346375143843,0.2653657701429882
0.9215478399151869,0.457290767903365,0.26544608207567777
0.9218128809965545,0.4574468085106383,0.2654515882434435
0.922077922077922,0.45731532049439494,0.265509071233843
0.9223429631592897,0.4574712643678161,0.26551420679561993
0.9226080042406573,0.4576271186440678,0.26552704025607776
0.922873045322025,0.4577828834003446,0.2655607608744267
0.9231380864033926,0.4576514498995119,0.26556491717316777
0.9234031274847602,0.45752009184845005,0.26562233024214627
0.9236681685661278,0.45767575322812054,0.2656336025966819
0.9239332096474954,0.45754446356855993,0.2656560680147876
0.924198250728863,0.45741324921135645,0.26566656558037816
0.9244632918102306,0.45756880733944955,0.26569287935793484
0.9247283328915982,0.45743766122098023,0.2656955362749852
0.9249933739729658,0.45759312320916906,0.26571798315103784
0.9252584150543334,0.45746204525923806,0.26579753454167415
0.9255234561357011,0.45733104238258876,0.2658032543123679
0.9257884972170687,0.4572001145147438,0.2658447577954984
0.9260535382984363,0.45735546651402403,0.2659030274348765
0.9263185793798039,0.45722460658082975,0.2659069869164588
0.9265836204611715,0.45737986270022885,0.26593118573090735
0.9268486615425391,0.45753503002573637,0.26605832270932617
0.9271137026239067,0.45769010863350484,0.26611554402875043
0.9273787437052743,0.4578450985995999,0.2661354114070121
0.9276437847866419,0.458,0.26614949177673114
0.9279088258680095,0.45815481291059695,0.26616872834265143
0.9281738669493772,0.45802398629354657,0.2662424489966534
0.9284389080307448,0.4581787039680274,0.26631849375253175
0.9287039491121124,0.4583333333333333,0.26633023934914146
0.92896899019348,0.4584878744650499,0.26637760720672776
0.9292340312748476,0.45864232743867656,0.2664131231017724
0.9294990723562152,0.45879669232962644,0.26641988965560387
0.9297641134375828,0.4586659064994299,0.26653524431115255
0.9300291545189504,0.4585351952123112,0.2665846201502938
0.930294195600318,0.4586894586894587,0.26661441726080143
0.9305592366816856,0.45855881515237823,0.2666728723767631
0.9308242777630533,0.45842824601366744,0.2667725617801684
0.9310893188444209,0.45858240819812124,0.26678065686378843
0.9313543599257885,0.458451906659078,0.26680078367716964
0.9316194010071561,0.45832147937411094,0.2668453749439525
0.9318844420885237,0.45819112627986347,0.2669838564889391
0.9321494831698913,0.4580608473130509,0.2670176598915884
0.9324145242512589,0.45821489482660605,0.2670256697622686
0.9326795653326265,0.45836885478829215,0.26710513859720647
0.9329446064139941,0.45852272727272725,0.2671350384789953
0.9332096474953617,0.4586765123544448,0.26714031887384
0.9334746885767294,0.45854628052243046,0.26715132097184296
0.933739729658097,0.4586999716151008,0.2673042139994325
0.9340047707394646,0.4585698070374574,0.2674113222885343
0.9342698118208322,0.4584397163120567,0.2674188701395739
0.9345348529021998,0.45830969937606353,0.2675365849914706
0.9347998939835674,0.45846328324354974,0.2676019020570679
0.935064935064935,0.45861678004535145,0.2677381954351157
0.9353299761463026,0.4587701898554831,0.2678808019425358
0.9355950172276702,0.4586402266288952,0.2679046473741035
0.9358600583090378,0.45851033701500993,0.26790631772832
0.9361250993904056,0.4583805209513024,0.267971795789082
0.9363901404717732,0.45853382394565523,0.26804004705979906
0.9366551815531408,0.4586870401810979,0.26811554757892875
0.9369202226345084,0.45855728429985854,0.26829598498330615
0.937185263715876,0.458710407239819,0.26844504272307634
0.9374503047972436,0.458863443596268,0.26846368612630084
0.9377153458786112,0.45901639344262296,0.2685352300188097
0.9379803869599788,0.45916925685221816,0.26855572768738883
0.9382454280413464,0.4590395480225989,0.2685998604674556
0.9385104691227141,0.458909912454109,0.2686571995218277
0.9387755102040817,0.4590626764539808,0.2687697663111094
0.9390405512854493,0.4592153542195879,0.268776476800589
0.9393055923668169,0.4590857787810384,0.2689275671130849
0.9395706334481845,0.45895627644569814,0.26892805447217116
0.9398356745295521,0.45882684715172023,0.2689992187009975
0.9401007156109197,0.4589794192275162,0.2690322193389128
0.9403657566922873,0.4588500563697858,0.26909652013982993
0.9406307977736549,0.45900253592561285,0.2691265257607209
0.9408958388550225,0.4591549295774648,0.26915898182236303
0.9411608799363902,0.45930723739791607,0.26918402357163124
0.9414259210177578,0.45917792792792794,0.2692445707522197
0.9416909620991254,0.45933014354066987,0.26932909552310574
0.941956003180493,0.4594822734946539,0.26937081551383707
0.9422210442618606,0.45935302390998595,0.26938899402661315
0.9424860853432282,0.4592238470191226,0.26941470773726506
0.9427511264245958,0.45909474276075346,0.2694932020838752
0.9430161675059634,0.4589657110736369,0.26950176716105095
0.943281208587331,0.45911772969935377,0.2695467949804067
0.9435462496686986,0.4592696629213483,0.26966956672422926
0.9438112907500663,0.45914069081718617,0.2697004298761032
0.9440763318314339,0.4590117911285794,0.2697161932325791
0.9443413729128015,0.4588829637945552,0.26971685043353893
0.9446064139941691,0.45875420875420875,0.2697323685317261
0.9448714550755367,0.45890603085554,0.26990791267459596
0.9451364961569043,0.45905776780706675,0.2699280420972656
0.9454015372382719,0.4589290720493412,0.26998557244959503
0.9456665783196395,0.45908071748878926,0.2700423680749592
0.9459316194010071,0.4589520874194452,0.2700762609096637
0.9461966604823747,0.4591036414565826,0.2700975703979519
0.9464617015637424,0.4592551106132736,0.2701014051485516
0.94672674264511,0.45940649496080627,0.27014156179021637
0.9469917837264776,0.45927791771620485,0.27015573130514164
0.9472568248078452,0.45942921096810296,0.2703128823235571
0.9475218658892128,0.45958041958041956,0.2703145818132885
0.9477869069705804,0.4594519015659955,0.2703162531675882
0.948051948051948,0.4593234554095611,0.27031982407826227
0.9483169891333156,0.4591950810508664,0.2703443071138058
0.9485820302146832,0.459066778429729,0.27046132488875363
0.9488470712960508,0.4592178770949721,0.27051455243535194
0.9491121123774185,0.4593688913711254,0.2705153836394688
0.9493771534587861,0.45951982132886654,0.27069621734431515
0.9496421945401538,0.45967066703879433,0.2707291337754953
0.9499072356215214,0.4595424107142857,0.2707565939918976
0.950172276702889,0.4594142259414226,0.27089319900937725
0.9504373177842566,0.4595649749023982,0.27092368238531733
0.9507023588656242,0.4594368553108447,0.2711449111090978
0.9509673999469918,0.45958751393534003,0.2711643452669119
0.9512324410283594,0.459738088604068,0.2712567311233608
0.951497482109727,0.45988857938718664,0.2713624084031216
0.9517625231910947,0.4600389863547758,0.271595877770919
0.9520275642724623,0.4599109131403118,0.2716032024088246
0.9522926053538299,0.4597829112162538,0.2716101977968345
0.9525576464351975,0.45965498052309406,0.27163838465345574
0.9528226875165651,0.4598052851182198,0.2716462622219023
0.9530877285979327,0.4596774193548387,0.2718568271649613
0.9533527696793003,0.45954962468723937,0.2718612047047128
0.9536178107606679,0.45969983324068925,0.27190288587834244
0.9538828518420355,0.459572103362045,0.2721118603280634
0.9541478929234031,0.4597222222222222,0.2724112908418112
0.9544129340047708,0.4598722577061927,0.2724905082019356
0.9546779750861384,0.4597445863409217,0.2725013723300977
0.954943016167506,0.459894532334166,0.2725063296408208
0.9552080572488736,0.4597669256381798,0.2725202068312287
0.9554730983302412,0.4599167822468793,0.27265664939099127
0.9557381394116088,0.4597892401552967,0.27270044609674454
0.9560031804929764,0.4596617687829221,0.27287706704779796
0.956268221574344,0.4598115299334812,0.2729717575625391
0.9565332626557116,0.4596841230257689,0.2730846955841405
0.9567983037370792,0.4598337950138504,0.2732804374830471
0.9570633448184469,0.45970645250623093,0.2733247154912739
0.9573283858998145,0.45957918050941304,0.2733820270202085
0.9575934269811821,0.45945197896484913,0.2734495389255686
0.9578584680625497,0.4596015495296071,0.2734518094087676
0.9581235091439173,0.4597510373443983,0.27352061048477366
0.9583885502252849,0.4599004424778761,0.27364909828621514
0.9586535913066525,0.46004976499861766,0.27379877340159375
0.9589186323880201,0.4601990049751244,0.27389709875843316
0.9591836734693877,0.4600718430505665,0.27433576390338743
0.9594487145507554,0.4599447513812155,0.2743587437377248
0.959713755632123,0.45981772990886494,0.27441698485023336
0.9599787967134906,0.4596907785753727,0.2744902546422989
0.9602438377948582,0.4598399116754071,0.27451489066363916
0.9605088788762258,0.45998896247240617,0.2745459076091159
0.9607739199575934,0.45986206896551723,0.2746251454764039
0.961038961038961,0.45973524544953115,0.27477719746928736
0.9613040021203286,0.4596084918665564,0.2749474664300565
0.9615690432016962,0.4597574421168688,0.2749778415447594
0.9618340842830638,0.4599063102783136,0.27505488874675704
0.9620991253644315,0.45977961432506886,0.2750691526441392
0.9623641664457991,0.45965298815753236,0.2750790275396887
0.9626292075271667,0.4595264317180617,0.2751087876095926
0.9628942486085343,0.45967519955959263,0.27513130692337223
0.9631592896899019,0.4598238855255916,0.27518368389309744
0.9634243307712695,0.45969738651994496,0.27524734967950054
0.9636893718526371,0.4598459845984598,0.27530485272127003
0.9639544129340047,0.4597195490789112,0.2753351208243648
0.9642194540153723,0.459868059373282,0.2753643106270697
0.96448449509674,0.4600164880461665,0.27544365273921556
0.9647495361781077,0.46016483516483514,0.27544758597595936
0.9650145772594753,0.46003845097500684,0.27547164857781586
0.9652796183408429,0.4601867105985722,0.27550477098269527
0.9655446594222105,0.4600603897886357,0.2756141291911031
0.9658097005035781,0.45993413830954993,0.27565635739106625
0.9660747415849457,0.4598079561042524,0.27600340388107436
0.9663397826663133,0.45995611629182664,0.2762374813416082
0.9666048237476809,0.4601041952289553,0.27632545066617187
0.9668698648290485,0.4602521929824561,0.27641276164467743
0.9671349059104161,0.4601260619347767,0.27653253329437827
0.9673999469917838,0.46,0.2765739059707504
0.9676649880731514,0.45987400712133664,0.27669760724840703
0.967930029154519,0.4600219058050383,0.2767685148743985
0.9681950702358866,0.46016972351491925,0.27680948059218696
0.9684601113172542,0.46004378762999454,0.27690895437634383
0.9687251523986218,0.4599179206566347,0.27693742166997026
0.9689901934799894,0.4600656455142232,0.2770026743611912
0.969255234561357,0.4602132895816243,0.27727038786758507
0.9695202756427246,0.46036085292509565,0.27745743850056526
0.9697853167240922,0.4602350368953266,0.2775303948910169
0.9700503578054599,0.4601092896174863,0.27797535908190907
0.9703153988868275,0.4599836110352363,0.27798127638572256
0.9705804399681951,0.4598580010922993,0.27855188477822124
0.9708454810495627,0.46000546000546,0.27888772596706074
0.9711105221309303,0.4601528384279476,0.2793846274699569
0.9713755632122979,0.46030013642564804,0.2793850133023636
0.9716406042936655,0.4601745771958538,0.2794960794719283
0.9719056453750331,0.4600490864466867,0.2795360811960006
0.9721706864564007,0.4599236641221374,0.2795553393315609
0.9724357275377683,0.4600708639956391,0.27995199207360816
0.972700768619136,0.4599455040871935,0.27999678018585455
0.9729658097005036,0.4600926178153092,0.2801061429966661
0.9732308507818712,0.4599673202614379,0.2802528898777586
0.9734958918632388,0.46011434794445955,0.2803923001547413
0.9737609329446064,0.45998911268372344,0.28044911711030984
0.974025974025974,0.4598639455782313,0.2805230098713714
0.9742910151073416,0.46001088139281826,0.2807952760596533
0.9745560561887092,0.45988577644819145,0.28095858044090954
0.9748210972700768,0.4597607395323545,0.2810295442537379
0.9750861383514444,0.4599075835824952,0.28119160963926093
0.9753511794328121,0.4597826086956522,0.28126136259108825
0.9756162205141797,0.45992936701983156,0.2813121278853635
0.9758812615955473,0.45980445410103205,0.2813916925555129
0.9761463026769149,0.4596796090143904,0.2815319655592488
0.9764113437582825,0.4595548317046688,0.28182488967703073
0.9766763848396501,0.45943012211668927,0.28189589570679047
0.9769414259210177,0.4593054801953337,0.2820449711132633
0.9772064670023853,0.4591809058855438,0.2820515980279242
0.9774715080837529,0.45932754880694143,0.28226658787386216
0.9777365491651205,0.45947411222553536,0.2823503247209814
0.9780015902464883,0.45934959349593496,0.2827252672148157
0.9782666313278559,0.4594960715253319,0.28279675822836087
0.9785316724092235,0.4596424702058505,0.28284709494129723
0.978796713490591,0.4595180070403466,0.28296014174389555
0.9790617545719587,0.45939361126150513,0.2830392872585924
0.9793267956533263,0.4592692828146143,0.28306375381482657
0.9795918367346939,0.4594155844155844,0.28324115914004966
0.9798568778160615,0.45956180687043546,0.28328140621896514
0.9801219188974291,0.45943753380205515,0.2834175012044407
0.9803869599787968,0.4595836712625034,0.28361419551756045
0.9806520010601644,0.45972972972972975,0.2836442261570581
0.980917042141532,0.45987570926776544,0.28387682962312394
0.9811820832228996,0.4600216099405727,0.2839774551445324
0.9814471243042672,0.4601674318120443,0.2840243179515542
0.9817121653856348,0.46004319654427644,0.284091632513481
0.9819772064670024,0.4601889338731444,0.28411621327855674
0.98224224754837,0.4603345925526174,0.2842737084160623
0.9825072886297376,0.46021041273266794,0.28439489676650415
0.9827723297111052,0.4603559870550162,0.28449911696097524
0.9830373707924729,0.46050148287948234,0.28478096683418425
0.9833024118738405,0.4606469002695418,0.2853806428883259
0.9835674529552081,0.46052277014281867,0.2855872193750113
0.9838324940365757,0.46066810344827586,0.28568263858741316
0.9840975351179433,0.4608133584702397,0.28573927941815125
0.9843625761993109,0.46068928379106083,0.2858633169286706
0.9846276172806785,0.46083445491251684,0.2861037186521579
0.9848926583620461,0.4609795479009688,0.286240097336941
0.9851576994434137,0.46112456281947806,0.28643140930639255
0.9854227405247813,0.4612694997310382,0.28658031039158877
0.985687781606149,0.4611454692121538,0.28679185531376006
0.9859528226875166,0.46102150537634407,0.28714221121104216
0.9862178637688842,0.4611663531308788,0.28758273467366496
0.9864829048502518,0.4613111230521225,0.2876634047094415
0.9867479459316194,0.46145581520279344,0.28772440081127143
0.987012987012987,0.46160042964554243,0.28775299067411797
0.9872780280943546,0.4614765100671141,0.28775839658405744
0.9875430691757222,0.46162104133118625,0.28793256461743655
0.9878081102570898,0.46176549503622216,0.2880282664573029
0.9880731513384574,0.4619098712446352,0.28846238888503495
0.9883381924198251,0.46178600160901045,0.28955259371260195
0.9886032335011927,0.4619302949061662,0.28975163543218224
0.9888682745825603,0.4618064861967301,0.29030390271865986
0.9891333156639279,0.4616827438370847,0.29034185775256377
0.9893983567452955,0.46182694883471737,0.29083967241217323
0.9896633978266631,0.4619710765934655,0.29091704908281296
0.9899284389080307,0.46184738955823296,0.29092715158816634
0.9901934799893983,0.4617237687366167,0.29145495914455355
0.9904585210707659,0.4618678084024619,0.29170790528669843
0.9907235621521335,0.4617442482611022,0.29252721405293525
0.9909886032335012,0.461888205402514,0.29264534817757193
0.9912536443148688,0.46203208556149733,0.2928297146290159
0.9915186853962364,0.46217588879978616,0.29392824061979217
0.991783726477604,0.4623196151790486,0.29411607988129196
0.9920487675589716,0.462463264760887,0.29462498361077805
0.9923138086403392,0.4623397435897436,0.2951256816856037
0.9925788497217068,0.4622162883845127,0.29514036720894765
0.9928438908030744,0.4620928990923652,0.2952486879457334
0.993108931884442,0.4622364558313317,0.2965495033042354
0.9933739729658096,0.4621131270010672,0.2965598654029544
0.9936390140471774,0.46198986396372366,0.2975013841439254
0.993904055128545,0.46213333333333334,0.2981447678137064
0.9941690962099126,0.4620101306318315,0.29903838035090136
0.9944341372912802,0.4618869936034115,0.3001106709184316
0.9946991783726478,0.4617639221955769,0.300241722555433
0.9949642194540154,0.4619072988811934,0.3006710218892505
0.995229260535383,0.4617842876165113,0.3012938085015875
0.9954943016167506,0.4619275825346113,0.3013011871900034
0.9957593426981182,0.4618046313548044,0.30322002820902133
0.9960243837794858,0.4616817456093667,0.3038553077576765
0.9962894248608535,0.46155892524607606,0.30520322048359677
0.9965544659422211,0.46170212765957447,0.30556958439159115
0.9968195070235887,0.46157936718957726,0.3068177074247545
0.9970845481049563,0.46172248803827753,0.30875565179265296
0.9973495891863239,0.4618655328195589,0.31045498090638884
0.9976146302676915,0.46174282678002126,0.3130016417970543
0.9978796713490591,0.46188579017264275,0.3134882118942671
0.9981447124304267,0.4620286776420605,0.31969418257815324
0.9984097535117943,0.4619060260153969,0.3235560087098475
0.9986747945931619,0.4620488322717622,0.3263272284995324
0.9989398356745296,0.4619262403820642,0.3265865062619768
0.9992048767558972,0.46206896551724136,0.3314832880255106
0.9994699178372648,0.462211614956245,0.3438319362546318
0.9997349589186324,0.4623541887592789,0.4213038176103529
1.0,0.4624966869864829,0.4482036992665364
