coverage,risk,uncertainty_threshold
0.000321646831778707,0.0,0.18016617000102997
0.000643293663557414,0.0,0.18036310374736786
0.0009649404953361209,0.0,0.18048934638500214
0.001286587327114828,0.0,0.18093252182006836
0.0016082341588935349,0.0,0.18105937540531158
0.0019298809906722419,0.0,0.18133223056793213
0.002251527822450949,0.0,0.18146216869354248
0.002573174654229656,0.0,0.1816042810678482
0.002894821486008363,0.0,0.18181154131889343
0.0032164683177870698,0.0,0.18195517361164093
0.003538115149565777,0.0,0.18203558027744293
0.0038597619813444837,0.0,0.1820676475763321
0.0041814088131231905,0.0,0.18206828832626343
0.004503055644901898,0.0,0.18225815892219543
0.004824702476680605,0.0,0.18237239122390747
0.005146349308459312,0.0,0.18239842355251312
0.005467996140238018,0.0,0.18240301311016083
0.005789642972016726,0.0,0.18250100314617157
0.006111289803795433,0.0,0.18250563740730286
0.0064329366355741395,0.0,0.18251562118530273
0.006754583467352846,0.0,0.18260526657104492
0.007076230299131554,0.0,0.182615265250206
0.007397877130910261,0.0,0.1826249659061432
0.0077195239626889674,0.0,0.18268078565597534
0.008041170794467674,0.0,0.1827591508626938
0.008362817626246381,0.0,0.182773157954216
0.008684464458025088,0.0,0.18279016017913818
0.009006111289803796,0.0,0.18279659748077393
0.009327758121582503,0.0,0.18281061947345734
0.00964940495336121,0.0,0.18284985423088074
0.009971051785139916,0.0,0.18290594220161438
0.010292698616918623,0.0,0.18303419649600983
0.01061434544869733,0.0,0.18304912745952606
0.010935992280476037,0.0,0.18305350840091705
0.011257639112254744,0.0,0.18308433890342712
0.011579285944033452,0.0,0.18310213088989258
0.011900932775812159,0.0,0.18310748040676117
0.012222579607590866,0.0,0.18320415914058685
0.012544226439369572,0.0,0.18325233459472656
0.012865873271148279,0.0,0.1832779198884964
0.013187520102926986,0.0,0.18334464728832245
0.013509166934705693,0.0,0.18336744606494904
0.0138308137664844,0.0,0.18339678645133972
0.014152460598263108,0.0,0.18340331315994263
0.014474107430041815,0.0,0.1834460347890854
0.014795754261820521,0.0,0.1834491640329361
0.015117401093599228,0.0,0.18347930908203125
0.015439047925377935,0.0,0.18348708748817444
0.01576069475715664,0.0,0.1834879070520401
0.01608234158893535,0.0,0.18349066376686096
0.016403988420714055,0.0,0.18349605798721313
0.016725635252492762,0.0,0.1835012584924698
0.01704728208427147,0.0,0.1835048943758011
0.017368928916050175,0.0,0.18350635468959808
0.017690575747828882,0.0,0.18352633714675903
0.018012222579607592,0.0,0.1835915893316269
0.0183338694113863,0.0,0.18359598517417908
0.018655516243165006,0.0,0.18362055718898773
0.018977163074943713,0.0,0.18363450467586517
0.01929880990672242,0.0,0.18364973366260529
0.019620456738501126,0.0,0.18367281556129456
0.019942103570279833,0.0,0.18368196487426758
0.02026375040205854,0.0,0.18370230495929718
0.020585397233837247,0.0,0.18372578918933868
0.020907044065615953,0.0,0.18372762203216553
0.02122869089739466,0.0,0.18373678624629974
0.021550337729173367,0.0,0.1837497502565384
0.021871984560952074,0.0,0.18375439941883087
0.02219363139273078,0.0,0.18379707634449005
0.022515278224509487,0.0,0.18382902443408966
0.022836925056288194,0.0,0.18384847044944763
0.023158571888066904,0.0,0.18385381996631622
0.02348021871984561,0.0,0.18395742774009705
0.023801865551624318,0.0,0.18400542438030243
0.024123512383403024,0.0,0.18400633335113525
0.02444515921518173,0.0,0.18401658535003662
0.024766806046960438,0.0,0.1840360015630722
0.025088452878739145,0.0,0.18406227231025696
0.02541009971051785,0.0,0.18408778309822083
0.025731746542296558,0.0,0.18412689864635468
0.026053393374075265,0.0,0.18413729965686798
0.02637504020585397,0.0,0.1841391623020172
0.02669668703763268,0.0,0.18416206538677216
0.027018333869411385,0.0,0.18427638709545135
0.027339980701190092,0.0,0.18429012596607208
0.0276616275329688,0.0,0.1843055784702301
0.02798327436474751,0.0,0.18430598080158234
0.028304921196526216,0.0,0.18432852625846863
0.028626568028304922,0.0,0.18439294397830963
0.02894821486008363,0.0,0.18440960347652435
0.029269861691862336,0.0,0.1844874620437622
0.029591508523641043,0.0,0.18449907004833221
0.02991315535541975,0.0,0.1845111846923828
0.030234802187198456,0.0,0.18452727794647217
0.030556449018977163,0.0,0.18455541133880615
0.03087809585075587,0.0,0.18463467061519623
0.031199742682534577,0.0,0.18468740582466125
0.03152138951431328,0.0,0.18471941351890564
0.031843036346091994,0.0,0.18473894894123077
0.0321646831778707,0.0,0.1847401112318039
0.03248633000964941,0.0,0.1847897320985794
0.03280797684142811,0.0,0.18480312824249268
0.03312962367320682,0.0,0.1848083883523941
0.033451270504985524,0.0,0.184910386800766
0.033772917336764234,0.0,0.18493115901947021
0.03409456416854294,0.0,0.18493349850177765
0.03441621100032165,0.0,0.18502718210220337
0.03473785783210035,0.0,0.1850351244211197
0.03505950466387906,0.0,0.1850423961877823
0.035381151495657764,0.0,0.18505951762199402
0.035702798327436475,0.0,0.1850740760564804
0.036024445159215185,0.0,0.185076504945755
0.03634609199099389,0.0,0.18508334457874298
0.0366677388227726,0.0,0.18509694933891296
0.0369893856545513,0.0,0.18510477244853973
0.03731103248633001,0.0,0.1851346641778946
0.037632679318108715,0.0,0.1851363182067871
0.037954326149887425,0.0,0.1851910799741745
0.03827597298166613,0.0,0.18521864712238312
0.03859761981344484,0.0,0.18526798486709595
0.03891926664522354,0.0,0.1853124052286148
0.03924091347700225,0.0,0.1853341907262802
0.039562560308780956,0.0,0.1853591650724411
0.039884207140559666,0.0,0.1854206770658493
0.04020585397233837,0.0,0.18542276322841644
0.04052750080411708,0.0,0.18547916412353516
0.04084914763589579,0.0,0.185505211353302
0.04117079446767449,0.0,0.1855212301015854
0.0414924412994532,0.0,0.18554021418094635
0.04181408813123191,0.0,0.1855575144290924
0.04213573496301062,0.0,0.18558736145496368
0.04245738179478932,0.0,0.18563273549079895
0.04277902862656803,0.0,0.18564686179161072
0.043100675458346734,0.0,0.1856611669063568
0.043422322290125444,0.0,0.18576174974441528
0.04374396912190415,0.0,0.18577444553375244
0.04406561595368286,0.0,0.18580262362957
0.04438726278546156,0.0,0.18592175841331482
0.04470890961724027,0.0,0.1859806329011917
0.045030556449018974,0.0,0.18600274622440338
0.045352203280797684,0.0,0.18603739142417908
0.04567385011257639,0.0,0.18608124554157257
0.0459954969443551,0.0,0.1861308217048645
0.04631714377613381,0.0,0.18622790277004242
0.04663879060791251,0.0,0.18634504079818726
0.04696043743969122,0.0,0.18639755249023438
0.047282084271469925,0.0,0.18647737801074982
0.047603731103248635,0.0,0.1864958554506302
0.04792537793502734,0.0,0.18650978803634644
0.04824702476680605,0.0,0.18654419481754303
0.04856867159858475,0.0,0.1865883469581604
0.04889031843036346,0.0,0.18660233914852142
0.049211965262142165,0.0,0.18660858273506165
0.049533612093920876,0.0,0.18661382794380188
0.04985525892569958,0.0,0.18677866458892822
0.05017690575747829,0.0,0.18680910766124725
0.05049855258925699,0.0,0.18683049082756042
0.0508201994210357,0.0,0.1869015395641327
0.05114184625281441,0.0,0.186915785074234
0.051463493084593116,0.0,0.18693818151950836
0.051785139916371827,0.0,0.18694810569286346
0.05210678674815053,0.0,0.18696802854537964
0.05242843357992924,0.0,0.18710015714168549
0.05275008041170794,0.0,0.18712502717971802
0.053071727243486654,0.0,0.187149778008461
0.05339337407526536,0.0,0.18717487156391144
0.05371502090704407,0.0,0.18721146881580353
0.05403666773882277,0.0,0.18724897503852844
0.05435831457060148,0.0,0.18736116588115692
0.054679961402380184,0.0,0.18737205862998962
0.055001608234158894,0.0,0.18738843500614166
0.0553232550659376,0.0,0.18739469349384308
0.05564490189771631,0.0,0.18745456635951996
0.05596654872949502,0.0,0.18759602308273315
0.05628819556127372,0.0,0.18761570751667023
0.05660984239305243,0.0,0.18765054643154144
0.056931489224831135,0.0,0.18767370283603668
0.057253136056609845,0.0,0.18774621188640594
0.05757478288838855,0.0,0.18777722120285034
0.05789642972016726,0.0,0.1877896934747696
0.05821807655194596,0.0,0.18783672153949738
0.05853972338372467,0.0,0.18784382939338684
0.058861370215503375,0.0,0.1879807859659195
0.059183017047282085,0.0,0.1879827380180359
0.05950466387906079,0.0,0.18798378109931946
0.0598263107108395,0.0,0.18801073729991913
0.0601479575426182,0.0,0.1881008744239807
0.06046960437439691,0.0,0.1881209909915924
0.060791251206175616,0.0,0.18812185525894165
0.061112898037954326,0.0,0.18812952935695648
0.061434544869733036,0.0,0.18820515275001526
0.06175619170151174,0.0,0.18840397894382477
0.06207783853329045,0.0,0.18843279778957367
0.06239948536506915,0.0,0.18845118582248688
0.06272113219684786,0.0,0.18851283192634583
0.06304277902862657,0.0,0.18851369619369507
0.06336442586040528,0.0,0.1885453164577484
0.06368607269218399,0.0,0.18856181204319
0.06400771952396268,0.0,0.18863016366958618
0.0643293663557414,0.005,0.18863451480865479
0.0646510131875201,0.004975124378109453,0.18871045112609863
0.06497266001929881,0.009900990099009901,0.18880409002304077
0.06529430685107751,0.009852216748768473,0.1889110803604126
0.06561595368285622,0.00980392156862745,0.18896076083183289
0.06593760051463493,0.00975609756097561,0.1889757215976715
0.06625924734641364,0.009708737864077669,0.18899090588092804
0.06658089417819235,0.00966183574879227,0.18913395702838898
0.06690254100997105,0.009615384615384616,0.18918265402317047
0.06722418784174976,0.009569377990430622,0.18924158811569214
0.06754583467352847,0.009523809523809525,0.18927037715911865
0.06786748150530718,0.009478672985781991,0.1892833709716797
0.06818912833708587,0.009433962264150943,0.18932166695594788
0.06851077516886458,0.009389671361502348,0.18932361900806427
0.0688324220006433,0.014018691588785047,0.18939103186130524
0.069154068832422,0.013953488372093023,0.189514622092247
0.0694757156642007,0.013888888888888888,0.1895216554403305
0.06979736249597941,0.013824884792626729,0.18961942195892334
0.07011900932775812,0.013761467889908258,0.1897037774324417
0.07044065615953683,0.0136986301369863,0.1897832304239273
0.07076230299131553,0.01818181818181818,0.1898048222064972
0.07108394982309424,0.01809954751131222,0.19004154205322266
0.07140559665487295,0.018018018018018018,0.19015070796012878
0.07172724348665166,0.017937219730941704,0.19027936458587646
0.07204889031843037,0.017857142857142856,0.19035877287387848
0.07237053715020907,0.017777777777777778,0.19036348164081573
0.07269218398198778,0.017699115044247787,0.19039474427700043
0.07301383081376649,0.01762114537444934,0.1904008686542511
0.0733354776455452,0.017543859649122806,0.19044393301010132
0.0736571244773239,0.017467248908296942,0.19053898751735687
0.0739787713091026,0.017391304347826087,0.19076277315616608
0.07430041814088131,0.017316017316017316,0.1907888799905777
0.07462206497266002,0.017241379310344827,0.19091933965682983
0.07494371180443872,0.017167381974248927,0.19092857837677002
0.07526535863621743,0.017094017094017096,0.1911218911409378
0.07558700546799614,0.01702127659574468,0.1911463439464569
0.07590865229977485,0.01694915254237288,0.19117920100688934
0.07623029913155356,0.02109704641350211,0.19141869246959686
0.07655194596333226,0.02100840336134454,0.1915014088153839
0.07687359279511097,0.02510460251046025,0.1916685551404953
0.07719523962688968,0.025,0.19184629619121552
0.07751688645866839,0.029045643153526972,0.1919766366481781
0.07783853329044708,0.028925619834710745,0.19198226928710938
0.0781601801222258,0.02880658436213992,0.19214138388633728
0.0784818269540045,0.028688524590163935,0.19215133786201477
0.07880347378578322,0.02857142857142857,0.19218409061431885
0.07912512061756191,0.032520325203252036,0.19222719967365265
0.07944676744934062,0.032388663967611336,0.1923411637544632
0.07976841428111933,0.036290322580645164,0.19242669641971588
0.08009006111289804,0.03614457831325301,0.19243983924388885
0.08041170794467674,0.036,0.1925123929977417
0.08073335477645545,0.035856573705179286,0.1925797015428543
0.08105500160823416,0.03571428571428571,0.19261899590492249
0.08137664844001287,0.039525691699604744,0.19272896647453308
0.08169829527179158,0.04330708661417323,0.19277657568454742
0.08201994210357028,0.043137254901960784,0.19280335307121277
0.08234158893534899,0.04296875,0.19281701743602753
0.0826632357671277,0.042801556420233464,0.1928379088640213
0.0829848825989064,0.046511627906976744,0.1928756684064865
0.0833065294306851,0.04633204633204633,0.19291158020496368
0.08362817626246381,0.046153846153846156,0.1931552290916443
0.08394982309424252,0.04597701149425287,0.19316066801548004
0.08427146992602123,0.04580152671755725,0.19323164224624634
0.08459311675779993,0.045627376425855515,0.1932763010263443
0.08491476358957864,0.045454545454545456,0.19329550862312317
0.08523641042135735,0.04905660377358491,0.1934143453836441
0.08555805725313606,0.05263157894736842,0.1934167742729187
0.08587970408491476,0.056179775280898875,0.19375084340572357
0.08620135091669347,0.055970149253731345,0.19383646547794342
0.08652299774847218,0.055762081784386616,0.19388355314731598
0.08684464458025089,0.05555555555555555,0.19394530355930328
0.0871662914120296,0.055350553505535055,0.19396978616714478
0.0874879382438083,0.05514705882352941,0.19405607879161835
0.087809585075587,0.054945054945054944,0.19408009946346283
0.08813123190736571,0.05474452554744526,0.194205179810524
0.08845287873914442,0.05818181818181818,0.1943395435810089
0.08877452557092312,0.057971014492753624,0.1943565011024475
0.08909617240270183,0.05776173285198556,0.1944301277399063
0.08941781923448054,0.05755395683453238,0.1944914013147354
0.08973946606625925,0.05734767025089606,0.19453656673431396
0.09006111289803795,0.060714285714285714,0.19457469880580902
0.09038275972981666,0.06405693950177936,0.19463494420051575
0.09070440656159537,0.0673758865248227,0.1946442425251007
0.09102605339337408,0.06713780918727916,0.19472654163837433
0.09134770022515278,0.06690140845070422,0.19476690888404846
0.09166934705693149,0.06666666666666667,0.19480232894420624
0.0919909938887102,0.06993006993006994,0.1948208063840866
0.0923126407204889,0.07317073170731707,0.1949114203453064
0.09263428755226762,0.0763888888888889,0.194945827126503
0.09295593438404631,0.07612456747404844,0.1950385719537735
0.09327758121582502,0.07586206896551724,0.19506269693374634
0.09359922804760373,0.07903780068728522,0.19506533443927765
0.09392087487938244,0.0821917808219178,0.19512054324150085
0.09424252171116114,0.08191126279863481,0.19518665969371796
0.09456416854293985,0.08163265306122448,0.19522014260292053
0.09488581537471856,0.08135593220338982,0.1953182816505432
0.09520746220649727,0.08108108108108109,0.19531922042369843
0.09552910903827597,0.08417508417508418,0.19534088671207428
0.09585075587005468,0.087248322147651,0.19541668891906738
0.09617240270183339,0.08695652173913043,0.19543282687664032
0.0964940495336121,0.08666666666666667,0.1955471783876419
0.09681569636539081,0.08970099667774087,0.19560490548610687
0.0971373431971695,0.08940397350993377,0.19562610983848572
0.09745899002894821,0.0891089108910891,0.1957208812236786
0.09778063686072692,0.08881578947368421,0.19575516879558563
0.09810228369250563,0.08852459016393442,0.19577942788600922
0.09842393052428433,0.08823529411764706,0.19578790664672852
0.09874557735606304,0.08794788273615635,0.19579669833183289
0.09906722418784175,0.08766233766233766,0.19581036269664764
0.09938887101962046,0.08737864077669903,0.19588039815425873
0.09971051785139916,0.08709677419354839,0.19595573842525482
0.10003216468317787,0.08681672025723473,0.19596992433071136
0.10035381151495658,0.08974358974358974,0.19602088630199432
0.10067545834673529,0.08945686900958466,0.19602414965629578
0.10099710517851399,0.08917197452229299,0.19602780044078827
0.1013187520102927,0.09206349206349207,0.19604486227035522
0.1016403988420714,0.09177215189873418,0.19611050188541412
0.10196204567385012,0.0914826498422713,0.19613493978977203
0.10228369250562883,0.09433962264150944,0.19617076218128204
0.10260533933740752,0.09404388714733543,0.19628159701824188
0.10292698616918623,0.09375,0.19644585251808167
0.10324863300096494,0.09345794392523364,0.19649848341941833
0.10357027983274365,0.09316770186335403,0.1965845823287964
0.10389192666452235,0.09597523219814241,0.19663961231708527
0.10421357349630106,0.09567901234567901,0.19670552015304565
0.10453522032807977,0.09538461538461539,0.19680215418338776
0.10485686715985848,0.0950920245398773,0.1968046873807907
0.10517851399163718,0.09785932721712538,0.19682353734970093
0.10550016082341589,0.10060975609756098,0.19689609110355377
0.1058218076551946,0.1033434650455927,0.19703178107738495
0.10614345448697331,0.10303030303030303,0.1970871388912201
0.106465101318752,0.1027190332326284,0.19714002311229706
0.10678674815053071,0.10542168674698796,0.19714903831481934
0.10710839498230942,0.10510510510510511,0.1971786916255951
0.10743004181408813,0.10479041916167664,0.19721008837223053
0.10775168864586684,0.1044776119402985,0.19723471999168396
0.10807333547764554,0.10714285714285714,0.19734185934066772
0.10839498230942425,0.10979228486646884,0.19734793901443481
0.10871662914120296,0.11242603550295859,0.19735383987426758
0.10903827597298167,0.11209439528023599,0.197389617562294
0.10935992280476037,0.11176470588235295,0.19739262759685516
0.10968156963653908,0.11143695014662756,0.1974203735589981
0.11000321646831779,0.1111111111111111,0.19744843244552612
0.1103248633000965,0.11370262390670553,0.19747421145439148
0.1106465101318752,0.11337209302325581,0.19752904772758484
0.1109681569636539,0.11594202898550725,0.19773738086223602
0.11128980379543262,0.11560693641618497,0.19777369499206543
0.11161145062721133,0.11527377521613832,0.19780069589614868
0.11193309745899004,0.11781609195402298,0.1978253275156021
0.11225474429076873,0.12034383954154727,0.19785267114639282
0.11257639112254744,0.12,0.19786173105239868
0.11289803795432615,0.11965811965811966,0.19787491858005524
0.11321968478610486,0.12215909090909091,0.1980517953634262
0.11354133161788356,0.12181303116147309,0.19806674122810364
0.11386297844966227,0.12429378531073447,0.19807012379169464
0.11418462528144098,0.1267605633802817,0.198073148727417
0.11450627211321969,0.12640449438202248,0.1981004923582077
0.11482791894499839,0.12605042016806722,0.19826124608516693
0.1151495657767771,0.12569832402234637,0.19826248288154602
0.1154712126085558,0.12813370473537605,0.19828736782073975
0.11579285944033452,0.12777777777777777,0.19828753173351288
0.11611450627211321,0.13019390581717452,0.1983136385679245
0.11643615310389192,0.13259668508287292,0.19844293594360352
0.11675779993567063,0.1322314049586777,0.1985827088356018
0.11707944676744934,0.13186813186813187,0.19858600199222565
0.11740109359922805,0.13424657534246576,0.19860978424549103
0.11772274043100675,0.13387978142076504,0.19863301515579224
0.11804438726278546,0.1335149863760218,0.1987660527229309
0.11836603409456417,0.1358695652173913,0.19877229630947113
0.11868768092634288,0.13550135501355012,0.19878949224948883
0.11900932775812158,0.13513513513513514,0.1988062709569931
0.11933097458990029,0.1347708894878706,0.19887827336788177
0.119652621421679,0.13709677419354838,0.19889937341213226
0.11997426825345771,0.13672922252010725,0.19890251755714417
0.1202959150852364,0.13903743315508021,0.19895081222057343
0.12061756191701511,0.14133333333333334,0.19898423552513123
0.12093920874879382,0.14095744680851063,0.19915063679218292
0.12126085558057254,0.14058355437665782,0.1992218941450119
0.12158250241235123,0.1402116402116402,0.19922251999378204
0.12190414924412994,0.13984168865435356,0.19927293062210083
0.12222579607590865,0.1394736842105263,0.1992795467376709
0.12254744290768736,0.14173228346456693,0.19928660988807678
0.12286908973946607,0.14136125654450263,0.19934584200382233
0.12319073657124477,0.1409921671018277,0.19938978552818298
0.12351238340302348,0.140625,0.19939695298671722
0.12383403023480219,0.14025974025974025,0.19950057566165924
0.1241556770665809,0.14248704663212436,0.1995055228471756
0.1244773238983596,0.1421188630490956,0.19950982928276062
0.1247989707301383,0.14175257731958762,0.19954785704612732
0.125120617561917,0.14138817480719795,0.19958466291427612
0.1254422643936957,0.14102564102564102,0.19960545003414154
0.12576391122547442,0.1432225063938619,0.19964370131492615
0.12608555805725313,0.14285714285714285,0.19965098798274994
0.12640720488903184,0.1450381679389313,0.19967123866081238
0.12672885172081055,0.1446700507614213,0.19971014559268951
0.12705049855258926,0.14430379746835442,0.19982819259166718
0.12737214538436797,0.14393939393939395,0.20004509389400482
0.12769379221614668,0.14357682619647355,0.20009024441242218
0.12801543904792537,0.14321608040201006,0.20009493827819824
0.12833708587970408,0.14536340852130325,0.20010294020175934
0.1286587327114828,0.145,0.20017598569393158
0.1289803795432615,0.14713216957605985,0.20018334686756134
0.1293020263750402,0.14676616915422885,0.20035578310489655
0.12962367320681892,0.1488833746898263,0.2003929316997528
0.12994532003859763,0.1485148514851485,0.20041532814502716
0.13026696687037634,0.14814814814814814,0.20043756067752838
0.13058861370215502,0.1477832512315271,0.2004440873861313
0.13091026053393373,0.14987714987714987,0.2004576474428177
0.13123190736571244,0.14950980392156862,0.2004729062318802
0.13155355419749115,0.1491442542787286,0.20053866505622864
0.13187520102926986,0.15121951219512195,0.20067986845970154
0.13219684786104857,0.15085158150851583,0.20071320235729218
0.13251849469282728,0.15048543689320387,0.20085430145263672
0.132840141524606,0.15012106537530268,0.20088481903076172
0.1331617883563847,0.1497584541062802,0.2009151726961136
0.13348343518816339,0.15180722891566265,0.20094767212867737
0.1338050820199421,0.15384615384615385,0.20108343660831451
0.1341267288517208,0.15587529976019185,0.2011266052722931
0.13444837568349952,0.15550239234449761,0.20113205909729004
0.13477002251527823,0.15513126491646778,0.20117424428462982
0.13509166934705694,0.15714285714285714,0.20119275152683258
0.13541331617883565,0.15676959619952494,0.20123432576656342
0.13573496301061436,0.15639810426540285,0.20127756893634796
0.13605660984239304,0.15602836879432624,0.20135989785194397
0.13637825667417175,0.1580188679245283,0.2013760805130005
0.13669990350595046,0.15764705882352942,0.20145268738269806
0.13702155033772917,0.1572769953051643,0.20147235691547394
0.13734319716950788,0.15690866510538642,0.20148010551929474
0.1376648440012866,0.1588785046728972,0.2015722393989563
0.1379864908330653,0.1585081585081585,0.20157471299171448
0.138308137664844,0.15813953488372093,0.2016383558511734
0.13862978449662272,0.16009280742459397,0.20166945457458496
0.1389514313284014,0.1597222222222222,0.2017170786857605
0.1392730781601801,0.15935334872979215,0.20173892378807068
0.13959472499195882,0.16129032258064516,0.20174473524093628
0.13991637182373753,0.16091954022988506,0.201797753572464
0.14023801865551624,0.1628440366972477,0.20183445513248444
0.14055966548729495,0.16247139588100687,0.20184090733528137
0.14088131231907366,0.1643835616438356,0.20188583433628082
0.14120295915085238,0.16400911161731208,0.20191684365272522
0.14152460598263106,0.16590909090909092,0.2020699381828308
0.14184625281440977,0.1655328798185941,0.2021399289369583
0.14216789964618848,0.167420814479638,0.20214256644248962
0.1424895464779672,0.16930022573363432,0.2021428644657135
0.1428111933097459,0.16891891891891891,0.2022169977426529
0.1431328401415246,0.1707865168539326,0.20221759378910065
0.14345448697330332,0.17040358744394618,0.2022472769021988
0.14377613380508203,0.17002237136465326,0.20225520431995392
0.14409778063686074,0.171875,0.20225884020328522
0.14441942746863942,0.1714922048997773,0.2022714763879776
0.14474107430041813,0.17333333333333334,0.20228229463100433
0.14506272113219684,0.1729490022172949,0.20228414237499237
0.14538436796397555,0.17256637168141592,0.2022852748632431
0.14570601479575426,0.17218543046357615,0.20230819284915924
0.14602766162753297,0.17400881057268722,0.20231865346431732
0.14634930845931168,0.17362637362637362,0.20232440531253815
0.1466709552910904,0.17324561403508773,0.2023482322692871
0.14699260212286908,0.17286652078774617,0.20235174894332886
0.1473142489546478,0.17248908296943233,0.20235605537891388
0.1476358957864265,0.1721132897603486,0.20238742232322693
0.1479575426182052,0.17391304347826086,0.2024676650762558
0.14827918944998392,0.1735357917570499,0.20250475406646729
0.14860083628176263,0.17316017316017315,0.20254290103912354
0.14892248311354134,0.17278617710583152,0.20258469879627228
0.14924412994532005,0.17456896551724138,0.202585369348526
0.14956577677709876,0.17634408602150536,0.20259737968444824
0.14988742360887744,0.1759656652360515,0.20259901881217957
0.15020907044065615,0.1777301927194861,0.20264746248722076
0.15053071727243486,0.1794871794871795,0.20276106894016266
0.15085236410421357,0.1791044776119403,0.20287097990512848
0.15117401093599228,0.17872340425531916,0.20291604101657867
0.151495657767771,0.18046709129511676,0.20293265581130981
0.1518173045995497,0.18220338983050846,0.20295734703540802
0.1521389514313284,0.1839323467230444,0.202972874045372
0.15246059826310712,0.18354430379746836,0.2030095010995865
0.1527822450948858,0.1831578947368421,0.20302118360996246
0.15310389192666451,0.18487394957983194,0.20316244661808014
0.15342553875844323,0.18448637316561844,0.20320098102092743
0.15374718559022194,0.18410041841004185,0.2032402753829956
0.15406883242200065,0.1837160751565762,0.20325957238674164
0.15439047925377936,0.18333333333333332,0.20326125621795654
0.15471212608555807,0.18295218295218296,0.2033313512802124
0.15503377291733678,0.18464730290456433,0.20333167910575867
0.15535541974911546,0.18633540372670807,0.20335687696933746
0.15567706658089417,0.1859504132231405,0.20337532460689545
0.15599871341267288,0.18762886597938144,0.2034032940864563
0.1563203602444516,0.18930041152263374,0.20352964103221893
0.1566420070762303,0.188911704312115,0.20355135202407837
0.156963653908009,0.19057377049180327,0.20358364284038544
0.15728530073978772,0.1901840490797546,0.20359154045581818
0.15760694757156643,0.18979591836734694,0.20359984040260315
0.15792859440334514,0.1894093686354379,0.20364665985107422
0.15825024123512382,0.18902439024390244,0.20366257429122925
0.15857188806690253,0.18864097363083165,0.2036769688129425
0.15889353489868124,0.1882591093117409,0.20371441543102264
0.15921518173045995,0.18787878787878787,0.20377908647060394
0.15953682856223866,0.1875,0.20378375053405762
0.15985847539401737,0.18712273641851107,0.20379520952701569
0.16018012222579608,0.18674698795180722,0.2037954479455948
0.1605017690575748,0.18837675350701402,0.20381177961826324
0.16082341588935348,0.19,0.20382817089557648
0.1611450627211322,0.18962075848303392,0.20383590459823608
0.1614667095529109,0.1892430278884462,0.20383821427822113
0.1617883563846896,0.1908548707753479,0.20388849079608917
0.16211000321646832,0.19246031746031747,0.20391426980495453
0.16243165004824703,0.19207920792079208,0.20391526818275452
0.16275329688002574,0.191699604743083,0.20398235321044922
0.16307494371180445,0.1932938856015779,0.20402982831001282
0.16339659054358316,0.19291338582677164,0.2040548026561737
0.16371823737536184,0.1925343811394892,0.2040715515613556
0.16403988420714055,0.19215686274509805,0.2040846198797226
0.16436153103891926,0.1917808219178082,0.2040904015302658
0.16468317787069797,0.19140625,0.20410607755184174
0.16500482470247668,0.19298245614035087,0.2041223645210266
0.1653264715342554,0.1926070038910506,0.2041943073272705
0.1656481183660341,0.1941747572815534,0.20419496297836304
0.1659697651978128,0.19573643410852712,0.20420488715171814
0.1662914120295915,0.19729206963249515,0.20420795679092407
0.1666130588613702,0.19884169884169883,0.20422616600990295
0.16693470569314892,0.2003853564547206,0.2042335867881775
0.16725635252492763,0.2,0.20424632728099823
0.16757799935670634,0.20153550863723607,0.2042546272277832
0.16789964618848505,0.20114942528735633,0.20432056486606598
0.16822129302026376,0.20076481835564053,0.20436926186084747
0.16854293985204247,0.20038167938931298,0.20440082252025604
0.16886458668382118,0.2,0.20448580384254456
0.16918623351559986,0.19961977186311788,0.20449498295783997
0.16950788034737857,0.20113851992409867,0.204508975148201
0.16982952717915728,0.20075757575757575,0.20452676713466644
0.170151174010936,0.2003780718336484,0.20454388856887817
0.1704728208427147,0.2,0.20457607507705688
0.1707944676744934,0.2015065913370998,0.20458917319774628
0.17111611450627212,0.20300751879699247,0.20460562407970428
0.17143776133805083,0.2026266416510319,0.20461905002593994
0.1717594081698295,0.20224719101123595,0.20463009178638458
0.17208105500160822,0.20186915887850468,0.2046319991350174
0.17240270183338693,0.20335820895522388,0.2046506255865097
0.17272434866516564,0.20297951582867785,0.2046794593334198
0.17304599549694435,0.20446096654275092,0.20468777418136597
0.17336764232872307,0.20408163265306123,0.20469869673252106
0.17368928916050178,0.2037037037037037,0.2046995759010315
0.17401093599228049,0.20517560073937152,0.2047262340784073
0.1743325828240592,0.2047970479704797,0.2047470510005951
0.17465422965583788,0.20441988950276244,0.20478665828704834
0.1749758764876166,0.20404411764705882,0.20485840737819672
0.1752975233193953,0.2036697247706422,0.2048589289188385
0.175619170151174,0.2032967032967033,0.2048640251159668
0.17594081698295272,0.20475319926873858,0.2048926204442978
0.17626246381473143,0.20437956204379562,0.2049175202846527
0.17658411064651014,0.2040072859744991,0.20493964850902557
0.17690575747828885,0.20363636363636364,0.20495229959487915
0.17722740431006753,0.20508166969147004,0.2049926221370697
0.17754905114184624,0.20471014492753623,0.20502567291259766
0.17787069797362495,0.20433996383363473,0.20503734052181244
0.17819234480540366,0.20397111913357402,0.20504258573055267
0.17851399163718237,0.2036036036036036,0.20508763194084167
0.17883563846896108,0.20503597122302158,0.20509862899780273
0.1791572853007398,0.20466786355475763,0.20510916411876678
0.1794789321325185,0.20430107526881722,0.20515836775302887
0.17980057896429721,0.2039355992844365,0.2051587551832199
0.1801222257960759,0.20357142857142857,0.20518378913402557
0.1804438726278546,0.20320855614973263,0.20518788695335388
0.18076551945963332,0.20462633451957296,0.20519490540027618
0.18108716629141203,0.20603907637655416,0.2052670270204544
0.18140881312319074,0.20567375886524822,0.20526888966560364
0.18173045995496945,0.20530973451327433,0.2052871137857437
0.18205210678674816,0.2049469964664311,0.2052902728319168
0.18237375361852687,0.20458553791887124,0.2052987664937973
0.18269540045030555,0.20422535211267606,0.20530056953430176
0.18301704728208426,0.2056239015817223,0.20532797276973724
0.18333869411386297,0.20526315789473684,0.20532961189746857
0.18366034094564168,0.20665499124343256,0.20536446571350098
0.1839819877774204,0.20804195804195805,0.20536522567272186
0.1843036346091991,0.20767888307155322,0.20537245273590088
0.1846252814409778,0.2073170731707317,0.2053864747285843
0.18494692827275652,0.20869565217391303,0.20539306104183197
0.18526857510453523,0.20833333333333334,0.205396831035614
0.18559022193631391,0.20797227036395147,0.2054247260093689
0.18591186876809263,0.20761245674740483,0.2055058777332306
0.18623351559987134,0.20725388601036268,0.2055126428604126
0.18655516243165005,0.20862068965517241,0.20556855201721191
0.18687680926342876,0.2082616179001721,0.20557643473148346
0.18719845609520747,0.20962199312714777,0.2055908888578415
0.18752010292698618,0.2109777015437393,0.20560890436172485
0.1878417497587649,0.21232876712328766,0.20562158524990082
0.1881633965905436,0.21196581196581196,0.20564167201519012
0.18848504342232228,0.21331058020477817,0.20564661920070648
0.188806690254101,0.21294718909710392,0.20565544068813324
0.1891283370858797,0.21258503401360543,0.20568950474262238
0.1894499839176584,0.21392190152801357,0.20574036240577698
0.18977163074943712,0.2135593220338983,0.20576289296150208
0.19009327758121583,0.21489001692047377,0.20579195022583008
0.19041492441299454,0.21452702702702703,0.20582349598407745
0.19073657124477325,0.21416526138279932,0.20582391321659088
0.19105821807655193,0.21548821548821548,0.20585888624191284
0.19137986490833064,0.21512605042016808,0.20589791238307953
0.19170151174010935,0.21476510067114093,0.2058984339237213
0.19202315857188806,0.21608040201005024,0.20590704679489136
0.19234480540366677,0.2157190635451505,0.20595885813236237
0.19266645223544548,0.21535893155258765,0.20600256323814392
0.1929880990672242,0.215,0.20600321888923645
0.1933097458990029,0.2146422628951747,0.2060101479291916
0.19363139273078162,0.21428571428571427,0.20604173839092255
0.1939530395625603,0.2155887230514096,0.2060580849647522
0.194274686394339,0.21688741721854304,0.20609858632087708
0.19459633322611772,0.21652892561983472,0.20610222220420837
0.19491798005789643,0.21782178217821782,0.20613621175289154
0.19523962688967514,0.21746293245469522,0.2061537355184555
0.19556127372145385,0.21710526315789475,0.20619313418865204
0.19588292055323256,0.21839080459770116,0.2062048465013504
0.19620456738501127,0.21967213114754097,0.2062503546476364
0.19652621421678995,0.2193126022913257,0.20625528693199158
0.19684786104856866,0.21895424836601307,0.2063063383102417
0.19716950788034737,0.21859706362153344,0.20631788671016693
0.19749115471212608,0.2182410423452769,0.20635375380516052
0.1978128015439048,0.21951219512195122,0.20637086033821106
0.1981344483756835,0.21915584415584416,0.20637260377407074
0.1984560952074622,0.22042139384116693,0.20640389621257782
0.19877774203924092,0.22006472491909385,0.2064526230096817
0.19909938887101963,0.2197092084006462,0.20646056532859802
0.19942103570279832,0.21935483870967742,0.20647254586219788
0.19974268253457703,0.22061191626409019,0.20652873814105988
0.20006432936635574,0.2202572347266881,0.20653113722801208
0.20038597619813445,0.21990369181380418,0.20659181475639343
0.20070762302991316,0.22115384615384615,0.2066122442483902
0.20102926986169187,0.2208,0.20664583146572113
0.20135091669347058,0.22044728434504793,0.20670779049396515
0.2016725635252493,0.22009569377990432,0.2067280113697052
0.20199421035702797,0.2213375796178344,0.20672950148582458
0.20231585718880668,0.22098569157392686,0.2067684382200241
0.2026375040205854,0.22063492063492063,0.20679056644439697
0.2029591508523641,0.2202852614896989,0.20679381489753723
0.2032807976841428,0.2199367088607595,0.20679859817028046
0.20360244451592152,0.21958925750394945,0.20682202279567719
0.20392409134770023,0.22082018927444794,0.20683877170085907
0.20424573817947894,0.2204724409448819,0.20684020221233368
0.20456738501125765,0.22012578616352202,0.20688185095787048
0.20488903184303633,0.21978021978021978,0.20691697299480438
0.20521067867481504,0.219435736677116,0.20696599781513214
0.20553232550659375,0.2190923317683881,0.20697139203548431
0.20585397233837247,0.2203125,0.20701096951961517
0.20617561917015118,0.22152886115444617,0.2070261836051941
0.20649726600192989,0.22274143302180685,0.20710815489292145
0.2068189128337086,0.2223950233281493,0.20712319016456604
0.2071405596654873,0.2220496894409938,0.2071419358253479
0.207462206497266,0.22170542635658916,0.20715641975402832
0.2077838533290447,0.22136222910216719,0.20718535780906677
0.2081055001608234,0.22102009273570325,0.2072148472070694
0.20842714699260212,0.22067901234567902,0.20724254846572876
0.20874879382438083,0.2218798151001541,0.2072431594133377
0.20907044065615954,0.22153846153846155,0.2072456181049347
0.20939208748793825,0.22119815668202766,0.20730185508728027
0.20971373431971696,0.22085889570552147,0.20732063055038452
0.21003538115149567,0.222052067381317,0.20735840499401093
0.21035702798327435,0.2217125382262997,0.2073727548122406
0.21067867481505306,0.22137404580152673,0.20739896595478058
0.21100032164683177,0.22103658536585366,0.20752377808094025
0.21132196847861048,0.2207001522070015,0.20753388106822968
0.2116436153103892,0.22188449848024316,0.20753955841064453
0.2119652621421679,0.22154779969650987,0.20755687355995178
0.21228690897394661,0.22121212121212122,0.20755839347839355
0.21260855580572532,0.22087745839636913,0.20760038495063782
0.212930202637504,0.22205438066465258,0.207610622048378
0.21325184946928272,0.22171945701357465,0.20762112736701965
0.21357349630106143,0.2213855421686747,0.2076513171195984
0.21389514313284014,0.22105263157894736,0.20766402781009674
0.21421678996461885,0.22072072072072071,0.20772336423397064
0.21453843679639756,0.22038980509745126,0.20776338875293732
0.21486008362817627,0.2215568862275449,0.20783159136772156
0.21518173045995498,0.2227204783258595,0.2078334242105484
0.2155033772917337,0.22238805970149253,0.20785260200500488
0.21582502412351237,0.22205663189269748,0.20785459876060486
0.21614667095529108,0.22321428571428573,0.20787183940410614
0.2164683177870698,0.22288261515601784,0.20787400007247925
0.2167899646188485,0.22255192878338279,0.20788221061229706
0.2171116114506272,0.2222222222222222,0.2079002857208252
0.21743325828240592,0.22337278106508876,0.20791463553905487
0.21775490511418463,0.22304283604135894,0.2079434096813202
0.21807655194596334,0.22418879056047197,0.20794817805290222
0.21839819877774205,0.22533136966126657,0.2079584300518036
0.21871984560952074,0.22647058823529412,0.2080514281988144
0.21904149244129945,0.2261380323054332,0.20808210968971252
0.21936313927307816,0.22580645161290322,0.2080824077129364
0.21968478610485687,0.22693997071742314,0.20812806487083435
0.22000643293663558,0.22807017543859648,0.20817485451698303
0.2203280797684143,0.22773722627737225,0.2081831991672516
0.220649726600193,0.22886297376093295,0.20825865864753723
0.2209713734319717,0.22852983988355166,0.2082592397928238
0.2212930202637504,0.22819767441860464,0.20829550921916962
0.2216146670955291,0.22786647314949202,0.20829924941062927
0.2219363139273078,0.2289855072463768,0.20831185579299927
0.22225796075908652,0.22865412445730826,0.20832893252372742
0.22257960759086523,0.22832369942196531,0.20834355056285858
0.22290125442264394,0.22943722943722944,0.2083519846200943
0.22322290125442265,0.22910662824207492,0.2083774209022522
0.22354454808620136,0.22877697841726619,0.2083890289068222
0.22386619491798007,0.22844827586206898,0.20843397080898285
0.22418784174975875,0.22812051649928264,0.20845596492290497
0.22450948858153746,0.22779369627507162,0.20847265422344208
0.22483113541331617,0.22746781115879827,0.20853155851364136
0.22515278224509488,0.22714285714285715,0.2085491120815277
0.2254744290768736,0.2268188302425107,0.2085527628660202
0.2257960759086523,0.2264957264957265,0.20855937898159027
0.22611772274043102,0.22617354196301565,0.20856711268424988
0.22643936957220973,0.22727272727272727,0.20858030021190643
0.2267610164039884,0.22695035460992907,0.20858153700828552
0.22708266323576712,0.22804532577903683,0.20858661830425262
0.22740431006754583,0.22772277227722773,0.2086058109998703
0.22772595689932454,0.2288135593220339,0.2086281180381775
0.22804760373110325,0.229901269393512,0.20864692330360413
0.22836925056288196,0.23098591549295774,0.2086554616689682
0.22869089739466067,0.23066104078762306,0.20866212248802185
0.22901254422643938,0.23174157303370788,0.20867744088172913
0.2293341910582181,0.2314165497896213,0.2087024748325348
0.22965583788999677,0.23249299719887956,0.20871396362781525
0.22997748472177548,0.23216783216783216,0.20874813199043274
0.2302991315535542,0.23324022346368714,0.20876777172088623
0.2306207783853329,0.23291492329149233,0.20881111919879913
0.2309424252171116,0.23259052924791088,0.20882554352283478
0.23126407204889032,0.2336578581363004,0.20885103940963745
0.23158571888066903,0.23333333333333334,0.20887130498886108
0.23190736571244774,0.23300970873786409,0.20890933275222778
0.23222901254422643,0.23407202216066483,0.2089417278766632
0.23255065937600514,0.2351313969571231,0.2090074121952057
0.23287230620778385,0.2361878453038674,0.20902417600154877
0.23319395303956256,0.23724137931034484,0.20906037092208862
0.23351559987134127,0.2369146005509642,0.2090640515089035
0.23383724670311998,0.23658872077028886,0.20913228392601013
0.2341588935348987,0.23763736263736263,0.20916549861431122
0.2344805403666774,0.23868312757201646,0.20920249819755554
0.2348021871984561,0.23972602739726026,0.2092759758234024
0.2351238340302348,0.2393980848153215,0.2092863768339157
0.2354454808620135,0.24043715846994534,0.20930299162864685
0.2357671276937922,0.24147339699863574,0.20930694043636322
0.23608877452557092,0.24114441416893734,0.20931358635425568
0.23641042135734963,0.24217687074829933,0.20931459963321686
0.23673206818912834,0.24320652173913043,0.20932340621948242
0.23705371502090705,0.24287652645861602,0.20933006703853607
0.23737536185268576,0.24254742547425473,0.20933859050273895
0.23769700868446444,0.2435723951285521,0.2093742936849594
0.23801865551624315,0.2445945945945946,0.20939262211322784
0.23834030234802187,0.24426450742240216,0.20939502120018005
0.23866194917980058,0.24528301886792453,0.20939527451992035
0.23898359601157929,0.2449528936742934,0.20947948098182678
0.239305242843358,0.2446236559139785,0.20950442552566528
0.2396268896751367,0.24563758389261744,0.20953108370304108
0.23994853650691542,0.24664879356568364,0.20955558121204376
0.24027018333869413,0.2463186077643909,0.20955638587474823
0.2405918301704728,0.24598930481283424,0.20956777036190033
0.24091347700225152,0.24566088117489987,0.20957966148853302
0.24123512383403023,0.24533333333333332,0.20958322286605835
0.24155677066580894,0.24500665778961384,0.2095937728881836
0.24187841749758765,0.24468085106382978,0.20959436893463135
0.24220006432936636,0.24435590969455512,0.2095990628004074
0.24252171116114507,0.2440318302387268,0.2096439152956009
0.24284335799292378,0.24370860927152319,0.20968416333198547
0.24316500482470246,0.2447089947089947,0.20968462526798248
0.24348665165648117,0.24438573315719947,0.209706112742424
0.24380829848825988,0.24406332453825857,0.20971882343292236
0.2441299453200386,0.2450592885375494,0.20973044633865356
0.2444515921518173,0.24605263157894736,0.2097463458776474
0.24477323898359601,0.24704336399474375,0.2097661793231964
0.24509488581537472,0.24803149606299213,0.20986442267894745
0.24541653264715343,0.2490170380078637,0.20988783240318298
0.24573817947893214,0.25,0.2098913937807083
0.24605982631071083,0.2496732026143791,0.20991183817386627
0.24638147314248954,0.2506527415143603,0.20993207395076752
0.24670311997426825,0.2503259452411995,0.21002283692359924
0.24702476680604696,0.25,0.21003898978233337
0.24734641363782567,0.24967490247074123,0.2100580781698227
0.24766806046960438,0.24935064935064935,0.21006231009960175
0.2479897073013831,0.2503242542153048,0.21009671688079834
0.2483113541331618,0.25,0.2100977599620819
0.24863300096494048,0.24967658473479948,0.21012745797634125
0.2489546477967192,0.24935400516795866,0.2101372331380844
0.2492762946284979,0.24903225806451612,0.21022038161754608
0.2495979414602766,0.24871134020618557,0.21027809381484985
0.24991958829205532,0.24967824967824967,0.21027958393096924
0.250241235123834,0.2506426735218509,0.21028102934360504
0.2505628819556127,0.2503209242618742,0.21031604707241058
0.2508845287873914,0.25,0.2103278487920761
0.25120617561917014,0.2496798975672215,0.21035243570804596
0.25152782245094885,0.2506393861892583,0.21039925515651703
0.25184946928272756,0.2503192848020434,0.21041437983512878
0.25217111611450627,0.25,0.2104327231645584
0.252492762946285,0.24968152866242038,0.2104450911283493
0.2528144097780637,0.2506361323155216,0.2104516327381134
0.2531360566098424,0.25158831003811943,0.21047718822956085
0.2534577034416211,0.2512690355329949,0.21053145825862885
0.2537793502733998,0.2509505703422053,0.2105603665113449
0.2541009971051785,0.25063291139240507,0.21065957844257355
0.25442264393695724,0.2515802781289507,0.21066012978553772
0.25474429076873595,0.25126262626262624,0.21067604422569275
0.25506593760051466,0.2509457755359395,0.2106844037771225
0.25538758443229337,0.2518891687657431,0.2106994241476059
0.255709231264072,0.2528301886792453,0.21071435511112213
0.25603087809585073,0.25251256281407036,0.21073658764362335
0.25635252492762944,0.2521957340025094,0.2107723504304886
0.25667417175940815,0.2518796992481203,0.21077527105808258
0.25699581859118686,0.2528160200250313,0.21080107986927032
0.2573174654229656,0.2525,0.21080376207828522
0.2576391122547443,0.2534332084893883,0.21082375943660736
0.257960759086523,0.2543640897755611,0.21084889769554138
0.2582824059183017,0.25529265255292655,0.21087343990802765
0.2586040527500804,0.25497512437810943,0.21088169515132904
0.2589256995818591,0.25590062111801243,0.2109324038028717
0.25924734641363784,0.25682382133995035,0.2109343260526657
0.25956899324541655,0.2577447335811648,0.21093717217445374
0.25989064007719526,0.25742574257425743,0.21098318696022034
0.26021228690897397,0.2583436341161928,0.21098415553569794
0.2605339337407527,0.25925925925925924,0.21099218726158142
0.2608555805725314,0.2601726263871763,0.21102210879325867
0.26117722740431004,0.26108374384236455,0.2110266089439392
0.26149887423608875,0.26199261992619927,0.2110808938741684
0.26182052106786746,0.2616707616707617,0.21108238399028778
0.2621421678996462,0.2625766871165644,0.21108996868133545
0.2624638147314249,0.26348039215686275,0.2111099511384964
0.2627854615632036,0.2631578947368421,0.21114978194236755
0.2631071083949823,0.2628361858190709,0.2111956626176834
0.263428755226761,0.2625152625152625,0.21121741831302643
0.2637504020585397,0.2621951219512195,0.2112715244293213
0.26407204889031843,0.2630937880633374,0.21130825579166412
0.26439369572209714,0.2639902676399027,0.2113291323184967
0.26471534255387585,0.26366950182260024,0.2113456279039383
0.26503698938565456,0.2645631067961165,0.21135853230953217
0.2653586362174333,0.2642424242424242,0.21136260032653809
0.265680283049212,0.2639225181598063,0.21138334274291992
0.2660019298809907,0.26360338573155984,0.21143481135368347
0.2663235767127694,0.2644927536231884,0.21146175265312195
0.26664522354454806,0.26417370325693607,0.21148453652858734
0.26696687037632677,0.26506024096385544,0.2114872932434082
0.2672885172081055,0.26594464500601683,0.21148903667926788
0.2676101640398842,0.2668269230769231,0.21154779195785522
0.2679318108716629,0.26770708283313327,0.21156249940395355
0.2682534577034416,0.2685851318944844,0.21157419681549072
0.2685751045352203,0.2694610778443114,0.21158039569854736
0.26889675136699903,0.26913875598086123,0.21158862113952637
0.26921839819877774,0.26881720430107525,0.2116112858057022
0.26954004503055645,0.26968973747016706,0.21163932979106903
0.26986169186233516,0.2693682955899881,0.21167805790901184
0.2701833386941139,0.26904761904761904,0.21168388426303864
0.2705049855258926,0.2699167657550535,0.2117275595664978
0.2708266323576713,0.2695961995249406,0.21174108982086182
0.27114827918945,0.269276393831554,0.21176092326641083
0.2714699260212287,0.27014218009478674,0.2117624282836914
0.2717915728530074,0.2710059171597633,0.21177604794502258
0.2721132196847861,0.2718676122931442,0.21179187297821045
0.2724348665165648,0.2727272727272727,0.21182620525360107
0.2727565133483435,0.27240566037735847,0.2118643969297409
0.2730781601801222,0.27326266195524146,0.21186810731887817
0.2733998070119009,0.27294117647058824,0.2118697464466095
0.27372145384367963,0.27379553466509987,0.2119312584400177
0.27404310067545834,0.2734741784037559,0.21194693446159363
0.27436474750723705,0.2731535756154748,0.21198143064975739
0.27468639433901576,0.2728337236533958,0.21200692653656006
0.27500804117079447,0.27251461988304093,0.21201571822166443
0.2753296880025732,0.272196261682243,0.2120300978422165
0.2756513348343519,0.2718786464410735,0.21206608414649963
0.2759729816661306,0.2715617715617716,0.21214036643505096
0.2762946284979093,0.2712456344586729,0.2121463119983673
0.276616275329688,0.2709302325581395,0.21214689314365387
0.27693792216146673,0.2706155632984901,0.21219460666179657
0.27725956899324544,0.271461716937355,0.21220476925373077
0.2775812158250241,0.2711471610660487,0.21221891045570374
0.2779028626568028,0.2708333333333333,0.21221911907196045
0.2782245094885815,0.27167630057803466,0.21223199367523193
0.2785461563203602,0.27136258660508084,0.21223467588424683
0.27886780315213894,0.2710495963091119,0.2122708559036255
0.27918944998391765,0.271889400921659,0.2122737467288971
0.27951109681569636,0.2715765247410817,0.21229493618011475
0.27983274364747507,0.271264367816092,0.21230840682983398
0.2801543904792538,0.27210103329506313,0.21234756708145142
0.2804760373110325,0.2717889908256881,0.2123606652021408
0.2807976841428112,0.27147766323024053,0.21236686408519745
0.2811193309745899,0.2723112128146453,0.2123740166425705
0.2814409778063686,0.27314285714285713,0.21237781643867493
0.28176262463814733,0.2728310502283105,0.2123829573392868
0.28208427146992604,0.2725199543899658,0.21241608262062073
0.28240591830170475,0.2722095671981777,0.21247529983520508
0.28272756513348346,0.27303754266211605,0.21248666942119598
0.2830492119652621,0.27386363636363636,0.21250033378601074
0.2833708587970408,0.2735527809307605,0.21252481639385223
0.28369250562881954,0.2732426303854875,0.21254459023475647
0.28401415246059825,0.2729331823329558,0.21255642175674438
0.28433579929237696,0.27262443438914025,0.21259306371212006
0.28465744612415567,0.27231638418079096,0.21261028945446014
0.2849790929559344,0.27200902934537247,0.21270564198493958
0.2853007397877131,0.2717023675310034,0.21270751953125
0.2856223866194918,0.2713963963963964,0.21273331344127655
0.2859440334512705,0.27109111361079863,0.21273386478424072
0.2862656802830492,0.27191011235955054,0.212737575173378
0.28658732711482793,0.2716049382716049,0.21274371445178986
0.28690897394660664,0.2713004484304933,0.2127782702445984
0.28723062077838535,0.2721164613661814,0.21278804540634155
0.28755226761016406,0.27181208053691275,0.21279360353946686
0.28787391444194277,0.27262569832402234,0.21282188594341278
0.2881955612737215,0.27232142857142855,0.21284233033657074
0.28851720810550013,0.2731326644370123,0.21286460757255554
0.28883885493727884,0.2739420935412027,0.2129218578338623
0.28916050176905755,0.27474972191323693,0.2129247784614563
0.28948214860083626,0.27444444444444444,0.2129523605108261
0.289803795432615,0.2741398446170921,0.2129555642604828
0.2901254422643937,0.2749445676274945,0.21298304200172424
0.2904470890961724,0.2757475083056478,0.21302740275859833
0.2907687359279511,0.2754424778761062,0.21303808689117432
0.2910903827597298,0.2751381215469613,0.21303996443748474
0.2914120295915085,0.27483443708609273,0.2130662351846695
0.29173367642328724,0.2756339581036384,0.21308039128780365
0.29205532325506595,0.2753303964757709,0.2130814492702484
0.29237697008684466,0.2761276127612761,0.21310091018676758
0.29269861691862337,0.27582417582417584,0.21311955153942108
0.2930202637504021,0.27552140504939626,0.21314498782157898
0.2933419105821808,0.27631578947368424,0.2131536453962326
0.2936635574139595,0.27710843373493976,0.21315953135490417
0.29398520424573815,0.2778993435448578,0.21316666901111603
0.29430685107751686,0.27759562841530055,0.21318796277046204
0.2946284979092956,0.27838427947598254,0.2132069319486618
0.2949501447410743,0.2780806979280262,0.21321584284305573
0.295271791572853,0.2777777777777778,0.21322065591812134
0.2955934384046317,0.27747551686615884,0.21322324872016907
0.2959150852364104,0.2782608695652174,0.21322526037693024
0.2962367320681891,0.27904451682953313,0.21324920654296875
0.29655837889996783,0.2787418655097614,0.21325118839740753
0.29688002573174654,0.27952329360780065,0.21327592432498932
0.29720167256352525,0.2803030303030303,0.21329912543296814
0.29752331939530396,0.28,0.21331211924552917
0.2978449662270827,0.28077753779697623,0.21336010098457336
0.2981666130588614,0.2815533980582524,0.21338219940662384
0.2984882598906401,0.2823275862068966,0.2133951187133789
0.2988099067224188,0.28202368137782563,0.21340078115463257
0.2991315535541975,0.28279569892473116,0.2134014070034027
0.29945320038597617,0.2824919441460795,0.21345965564250946
0.2997748472177549,0.2821888412017167,0.21349473297595978
0.3000964940495336,0.2829581993569132,0.21353614330291748
0.3004181408813123,0.2837259100642398,0.21354004740715027
0.300739787713091,0.28342245989304815,0.21358215808868408
0.3010614345448697,0.2841880341880342,0.21363086998462677
0.30138308137664843,0.2838847385272145,0.21363520622253418
0.30170472820842714,0.2835820895522388,0.2136438935995102
0.30202637504020585,0.28434504792332266,0.21366848051548004
0.30234802187198456,0.2851063829787234,0.21369542181491852
0.3026696687037633,0.2858660998937301,0.21372826397418976
0.302991315535542,0.28662420382165604,0.21373963356018066
0.3033129623673207,0.2863202545068929,0.21374917030334473
0.3036346091990994,0.2860169491525424,0.21376463770866394
0.3039562560308781,0.2857142857142857,0.21376672387123108
0.3042779028626568,0.2864693446088795,0.21377477049827576
0.30459954969443553,0.28616684266103487,0.2137843370437622
0.30492119652621424,0.2858649789029536,0.21380092203617096
0.3052428433579929,0.285563751317176,0.21380992233753204
0.3055644901897716,0.2863157894736842,0.21381081640720367
0.3058861370215503,0.28601472134595163,0.21385450661182404
0.30620778385332903,0.2857142857142857,0.2138763666152954
0.30652943068510774,0.2864637985309549,0.2138780653476715
0.30685107751688645,0.2861635220125786,0.21390579640865326
0.30717272434866516,0.2869109947643979,0.21392954885959625
0.30749437118044387,0.28661087866108786,0.21398434042930603
0.3078160180122226,0.28735632183908044,0.21400809288024902
0.3081376648440013,0.2881002087682672,0.21403814852237701
0.30845931167578,0.28884254431699685,0.21406719088554382
0.3087809585075587,0.28958333333333336,0.21406926214694977
0.3091026053393374,0.2892819979188345,0.21407237648963928
0.30942425217111613,0.288981288981289,0.21407972276210785
0.30974589900289484,0.2897196261682243,0.21410398185253143
0.31006754583467355,0.29045643153526973,0.2141161412000656
0.31038919266645226,0.2911917098445596,0.21414099633693695
0.3107108394982309,0.2908902691511387,0.21415691077709198
0.3110324863300096,0.29162357807652534,0.2141571044921875
0.31135413316178834,0.29132231404958675,0.21417191624641418
0.31167577999356705,0.29102167182662536,0.21419771015644073
0.31199742682534576,0.29175257731958765,0.21421177685260773
0.31231907365712447,0.29145211122554066,0.21422046422958374
0.3126407204889032,0.29218106995884774,0.21424667537212372
0.3129623673206819,0.29290853031860226,0.21429525315761566
0.3132840141524606,0.2936344969199179,0.21431875228881836
0.3136056609842393,0.29435897435897435,0.21432046592235565
0.313927307816018,0.29405737704918034,0.2143331915140152
0.31424895464779673,0.2937563971340839,0.21437060832977295
0.31457060147957544,0.2934560327198364,0.21438631415367126
0.31489224831135415,0.2931562819203269,0.21443811058998108
0.31521389514313286,0.29285714285714287,0.2144632339477539
0.31553554197491157,0.29357798165137616,0.2144719660282135
0.3158571888066903,0.29327902240325865,0.21448904275894165
0.31617883563846894,0.29399796541200407,0.21450483798980713
0.31650048247024765,0.2936991869918699,0.2145572453737259
0.31682212930202636,0.29441624365482233,0.21456798911094666
0.31714377613380507,0.295131845841785,0.21457016468048096
0.3174654229655838,0.2948328267477204,0.21462386846542358
0.3177870697973625,0.29453441295546556,0.21463006734848022
0.3181087166291412,0.29524772497472196,0.21467047929763794
0.3184303634609199,0.29494949494949496,0.2146790772676468
0.3187520102926986,0.2946518668012109,0.21471622586250305
0.31907365712447733,0.29536290322580644,0.21472367644309998
0.31939530395625604,0.29506545820745217,0.2147718369960785
0.31971695078803475,0.2947686116700201,0.2147761732339859
0.32003859761981346,0.29547738693467335,0.2147980034351349
0.32036024445159217,0.29518072289156627,0.21482138335704803
0.3206818912833709,0.2948846539618857,0.21484552323818207
0.3210035381151496,0.2955911823647295,0.2148924022912979
0.3213251849469283,0.2952952952952953,0.2149096131324768
0.32164683177870695,0.296,0.21496355533599854
0.32196847861048566,0.2957042957042957,0.21498380601406097
0.3222901254422644,0.2964071856287425,0.2149849236011505
0.3226117722740431,0.2971086739780658,0.214991956949234
0.3229334191058218,0.2968127490039841,0.21508033573627472
0.3232550659376005,0.2965174129353234,0.21510815620422363
0.3235767127693792,0.2962226640159046,0.2151111662387848
0.3238983596011579,0.2959285004965243,0.21512341499328613
0.32422000643293664,0.29662698412698413,0.2151578664779663
0.32454165326471535,0.29732408325074333,0.2151591181755066
0.32486330009649406,0.297029702970297,0.21516375243663788
0.32518494692827277,0.29673590504451036,0.21522566676139832
0.3255065937600515,0.2964426877470356,0.21522670984268188
0.3258282405918302,0.29713721618953604,0.2152520716190338
0.3261498874236089,0.2968441814595661,0.2152726948261261
0.3264715342553876,0.296551724137931,0.21527571976184845
0.3267931810871663,0.297244094488189,0.2152809202671051
0.327114827918945,0.2969518190757129,0.2152937352657318
0.3274364747507237,0.29764243614931235,0.2153005748987198
0.3277581215825024,0.29735034347399414,0.21536222100257874
0.3280797684142811,0.2980392156862745,0.21536429226398468
0.3284014152460598,0.29774730656219395,0.215377077460289
0.3287230620778385,0.2974559686888454,0.2154010683298111
0.32904470890961723,0.29716520039100686,0.21541298925876617
0.32936635574139594,0.296875,0.21544574201107025
0.32968800257317465,0.2965853658536585,0.21549905836582184
0.33000964940495336,0.2962962962962963,0.21550363302230835
0.3303312962367321,0.29600778967867575,0.21552252769470215
0.3306529430685108,0.29669260700389105,0.21554924547672272
0.3309745899002895,0.29640427599611274,0.21556253731250763
0.3312962367320682,0.2961165048543689,0.21556445956230164
0.3316178835638469,0.29582929194956353,0.2155788242816925
0.3319395303956256,0.29651162790697677,0.2155991643667221
0.33226117722740434,0.2962245885769603,0.2156015932559967
0.332582824059183,0.29593810444874274,0.21560224890708923
0.3329044708909617,0.2956521739130435,0.21560406684875488
0.3332261177227404,0.29633204633204635,0.21561549603939056
0.3335477645545191,0.29604628736740596,0.21565109491348267
0.33386941138629783,0.29672447013487474,0.2156834900379181
0.33419105821807654,0.2964388835418672,0.2157139778137207
0.33451270504985525,0.2971153846153846,0.21572566032409668
0.33483435188163396,0.2968299711815562,0.21573607623577118
0.3351559987134127,0.2965451055662188,0.21573637425899506
0.3354776455451914,0.2972195589645254,0.21573850512504578
0.3357992923769701,0.2978927203065134,0.2157585322856903
0.3361209392087488,0.2985645933014354,0.21576686203479767
0.3364425860405275,0.29923518164435947,0.21583814918994904
0.3367642328723062,0.29894937917860553,0.21587534248828888
0.33708587970408493,0.29866412213740456,0.2158973067998886
0.33740752653586364,0.29837940896091514,0.21590301394462585
0.33772917336764235,0.2980952380952381,0.21590319275856018
0.338050820199421,0.2987630827783064,0.2159254252910614
0.3383724670311997,0.2994296577946768,0.21593251824378967
0.33869411386297843,0.29914529914529914,0.21594108641147614
0.33901576069475714,0.2998102466793169,0.21594609320163727
0.33933740752653585,0.3004739336492891,0.2159566581249237
0.33965905435831456,0.30113636363636365,0.21597111225128174
0.33998070119009327,0.3008514664143803,0.21598279476165771
0.340302348021872,0.3005671077504726,0.2160061150789261
0.3406239948536507,0.3012275731822474,0.21604208648204803
0.3409456416854294,0.3009433962264151,0.21604563295841217
0.3412672885172081,0.3016022620169651,0.21604683995246887
0.3415889353489868,0.3022598870056497,0.21607044339179993
0.34191058218076553,0.3029162746942615,0.21607159078121185
0.34223222901254424,0.3026315789473684,0.2161533385515213
0.34255387584432295,0.3032863849765258,0.21615362167358398
0.34287552267610166,0.30393996247654786,0.2161622941493988
0.3431971695078804,0.3045923149015933,0.21618567407131195
0.343518816339659,0.3052434456928839,0.21618978679180145
0.34384046317143774,0.3058933582787652,0.2161932736635208
0.34416211000321645,0.305607476635514,0.21622934937477112
0.34448375683499516,0.3062558356676004,0.21625462174415588
0.34480540366677387,0.3069029850746269,0.21627181768417358
0.3451270504985526,0.3066169617893756,0.2163417488336563
0.3454486973303313,0.30726256983240224,0.21637023985385895
0.34577034416211,0.30697674418604654,0.21645106375217438
0.3460919909938887,0.3076208178438662,0.21646423637866974
0.3464136378256674,0.3073351903435469,0.21647198498249054
0.34673528465744613,0.3079777365491651,0.2165011465549469
0.34705693148922484,0.3076923076923077,0.21650704741477966
0.34737857832100355,0.3074074074074074,0.21653594076633453
0.34770022515278226,0.3071230342275671,0.2165609449148178
0.34802187198456097,0.3068391866913124,0.21659336984157562
0.3483435188163397,0.30655586334256696,0.21662606298923492
0.3486651656481184,0.3062730627306273,0.2166493535041809
0.34898681247989705,0.30599078341013825,0.21667265892028809
0.34930845931167576,0.30570902394106814,0.21673458814620972
0.34963010614345447,0.3063477460901564,0.21673698723316193
0.3499517529752332,0.30606617647058826,0.21675048768520355
0.3502733998070119,0.30670339761248855,0.21677201986312866
0.3505950466387906,0.3073394495412844,0.2167794108390808
0.3509166934705693,0.307057745187901,0.21680982410907745
0.351238340302348,0.3076923076923077,0.2168273627758026
0.35155998713412673,0.3083257090576395,0.21685367822647095
0.35188163396590544,0.3080438756855576,0.21686053276062012
0.35220328079768415,0.308675799086758,0.21687915921211243
0.35252492762946286,0.3083941605839416,0.21690061688423157
0.35284657446124157,0.309024612579763,0.21690285205841064
0.3531682212930203,0.3087431693989071,0.21695205569267273
0.353489868124799,0.3093721565059145,0.21695935726165771
0.3538115149565777,0.31,0.21697424352169037
0.3541331617883564,0.3106267029972752,0.2169847935438156
0.35445480862013506,0.31125226860254085,0.21703502535820007
0.3547764554519138,0.3109700815956482,0.21709223091602325
0.3550981022836925,0.31068840579710144,0.21711133420467377
0.3554197491154712,0.31040723981900453,0.21712133288383484
0.3557413959472499,0.31103074141048825,0.21717070043087006
0.3560630427790286,0.3116531165311653,0.21717201173305511
0.3563846896108073,0.31137184115523464,0.217246875166893
0.35670633644258604,0.31109107303877365,0.21726934611797333
0.35702798327436475,0.3108108108108108,0.21732226014137268
0.35734963010614346,0.3114311431143114,0.21732604503631592
0.35767127693792217,0.31115107913669066,0.21734698116779327
0.3579929237697009,0.3108715184186882,0.21737220883369446
0.3583145706014796,0.3105924596050269,0.21737894415855408
0.3586362174332583,0.3112107623318386,0.21738490462303162
0.358957864265037,0.3118279569892473,0.217385396361351
0.3592795110968157,0.3115487914055506,0.21743658185005188
0.35960115792859443,0.3112701252236136,0.21748563647270203
0.3599228047603731,0.3118856121537087,0.21749147772789001
0.3602444515921518,0.3125,0.21753311157226562
0.3605660984239305,0.31222123104371097,0.21754729747772217
0.3608877452557092,0.31194295900178254,0.21759705245494843
0.3612093920874879,0.31255565449688333,0.21762503683567047
0.36153103891926663,0.31316725978647686,0.21764932572841644
0.36185268575104534,0.31377777777777777,0.21765056252479553
0.36217433258282405,0.31438721136767317,0.21765151619911194
0.36249597941460276,0.3149955634427684,0.2176642119884491
0.3628176262463815,0.31560283687943264,0.2176663726568222
0.3631392730781602,0.3153232949512843,0.21767805516719818
0.3634609199099389,0.31504424778761064,0.21772144734859467
0.3637825667417176,0.3156498673740053,0.21772749722003937
0.3641042135734963,0.31537102473498235,0.2177300751209259
0.364425860405275,0.31509267431597526,0.21773357689380646
0.36474750723705374,0.3148148148148148,0.21773383021354675
0.36506915406883245,0.31541850220264317,0.21775919198989868
0.3653908009006111,0.31514084507042256,0.21776074171066284
0.3657124477323898,0.31574318381706246,0.21776945888996124
0.3660340945641685,0.3154657293497364,0.21778574585914612
0.36635574139594723,0.3160667251975417,0.21779368817806244
0.36667738822772594,0.3157894736842105,0.21781298518180847
0.36699903505950465,0.31638913234005256,0.21781478822231293
0.36732068189128336,0.3169877408056042,0.21785716712474823
0.3676423287230621,0.31758530183727035,0.21786321699619293
0.3679639755548408,0.3181818181818182,0.21786879003047943
0.3682856223866195,0.31877729257641924,0.21787214279174805
0.3686072692183982,0.31849912739965097,0.21787767112255096
0.3689289160501769,0.3182214472537053,0.2179245501756668
0.3692505628819556,0.31881533101045295,0.21792487800121307
0.36957220971373433,0.3185378590078329,0.21796542406082153
0.36989385654551304,0.3182608695652174,0.21798479557037354
0.37021550337729175,0.3188531711555169,0.2179878056049347
0.37053715020907046,0.3185763888888889,0.21806398034095764
0.3708587970408492,0.3191673894189072,0.21807484328746796
0.37118044387262783,0.3197573656845754,0.21808573603630066
0.37150209070440654,0.3203463203463203,0.21809042990207672
0.37182373753618525,0.3209342560553633,0.21818526089191437
0.37214538436796396,0.320656871218669,0.21822012960910797
0.37246703119974267,0.32124352331606215,0.2182249128818512
0.3727886780315214,0.32182916307161347,0.2182282656431198
0.3731103248633001,0.32241379310344825,0.21823415160179138
0.3734319716950788,0.32213608957795004,0.2182440161705017
0.3737536185268575,0.3227194492254733,0.21824464201927185
0.3740752653586362,0.32244196044711954,0.21824517846107483
0.37439691219041493,0.32216494845360827,0.21826210618019104
0.37471855902219364,0.32274678111587984,0.2182644009590149
0.37504020585397235,0.32246998284734135,0.21827752888202667
0.37536185268575106,0.3221936589545844,0.21829800307750702
0.3756834995175298,0.3227739726027397,0.21830224990844727
0.3760051463493085,0.32335329341317365,0.21832124888896942
0.3763267931810872,0.3230769230769231,0.21833719313144684
0.37664844001286585,0.32365499573014517,0.21834364533424377
0.37697008684464456,0.32337883959044367,0.21837665140628815
0.37729173367642327,0.32395566922421143,0.21838974952697754
0.377613380508202,0.32367972742759793,0.218401238322258
0.3779350273399807,0.32340425531914896,0.2184087187051773
0.3782566741717594,0.3231292517006803,0.21842648088932037
0.3785783210035381,0.32285471537807986,0.21845297515392303
0.3788999678353168,0.3234295415959253,0.2184632569551468
0.37922161466709553,0.3240033927056828,0.21848563849925995
0.37954326149887424,0.32372881355932204,0.21852433681488037
0.37986490833065295,0.32430143945808637,0.21861957013607025
0.38018655516243166,0.3240270727580372,0.2187080979347229
0.38050820199421037,0.3245984784446323,0.2187543511390686
0.3808298488259891,0.32432432432432434,0.21879133582115173
0.3811514956577678,0.3240506329113924,0.21880286931991577
0.3814731424895465,0.32377740303541314,0.2188061624765396
0.3817947893213252,0.3243470935130581,0.2188097983598709
0.38211643615310387,0.32491582491582494,0.21884718537330627
0.3824380829848826,0.3246425567703953,0.2188614159822464
0.3827597298166613,0.32521008403361346,0.21886232495307922
0.38308137664844,0.32577665827036106,0.21888643503189087
0.3834030234802187,0.32550335570469796,0.21889908611774445
0.3837246703119974,0.32606873428331934,0.21891573071479797
0.38404631714377613,0.3257956448911223,0.2189411222934723
0.38436796397555484,0.3263598326359833,0.21898001432418823
0.38468961080733355,0.3269230769230769,0.21898618340492249
0.38501125763911226,0.3266499582289056,0.21899005770683289
0.38533290447089097,0.327212020033389,0.21900436282157898
0.3856545513026697,0.32777314428690574,0.2190360426902771
0.3859761981344484,0.3275,0.2190486341714859
0.3862978449662271,0.32722731057452126,0.2190675586462021
0.3866194917980058,0.3277870216306156,0.21908676624298096
0.3869411386297845,0.3283458021612635,0.21911099553108215
0.38726278546156323,0.3289036544850498,0.2191237360239029
0.3875844322933419,0.32946058091286307,0.21914911270141602
0.3879060791251206,0.32918739635157546,0.2191595435142517
0.3882277259568993,0.32891466445733225,0.2191622108221054
0.388549372788678,0.32864238410596025,0.21918822824954987
0.3888710196204567,0.3291976840363937,0.21919426321983337
0.38919266645223544,0.32892561983471075,0.2191953808069229
0.38951431328401415,0.32865400495458297,0.21921323239803314
0.38983596011579286,0.32838283828382836,0.2192278355360031
0.39015760694757157,0.32893652102225884,0.2193032056093216
0.3904792537793503,0.328665568369028,0.2193327248096466
0.390800900611129,0.32839506172839505,0.21936297416687012
0.3911225474429077,0.328125,0.21938027441501617
0.3914441942746864,0.3278553820870994,0.2193957418203354
0.3917658411064651,0.3275862068965517,0.2194279432296753
0.39208748793824383,0.3273174733388023,0.21944376826286316
0.39240913477002254,0.32786885245901637,0.2194504737854004
0.39273078160180125,0.3284193284193284,0.21946747601032257
0.3930524284335799,0.32896890343698854,0.21946939826011658
0.3933740752653586,0.3286999182338512,0.21957527101039886
0.3936957220971373,0.3284313725490196,0.2195926010608673
0.39401736892891603,0.3289795918367347,0.21959416568279266
0.39433901576069474,0.3295269168026101,0.21964401006698608
0.39466066259247345,0.3292583537082315,0.21964769065380096
0.39498230942425216,0.3298045602605863,0.2196500301361084
0.3953039562560309,0.3303498779495525,0.21967199444770813
0.3956256030878096,0.3300813008130081,0.21970969438552856
0.3959472499195883,0.330625507717303,0.2197236269712448
0.396268896751367,0.33035714285714285,0.21975335478782654
0.3965905435831457,0.3309002433090024,0.219760462641716
0.3969121904149244,0.33144246353322526,0.21976220607757568
0.39723383724670314,0.3319838056680162,0.21978044509887695
0.39755548407848185,0.33171521035598706,0.2197859138250351
0.39787713091026056,0.3314470493128537,0.21987345814704895
0.39819877774203927,0.33117932148626816,0.21987812221050262
0.3985204245738179,0.3309120258272801,0.21989093720912933
0.39884207140559663,0.33064516129032256,0.21990208327770233
0.39916371823737534,0.330378726833199,0.21993514895439148
0.39948536506915405,0.3309178743961353,0.21993795037269592
0.39980701190093276,0.33065164923572005,0.21994957327842712
0.4001286587327115,0.3311897106109325,0.21996280550956726
0.4004503055644902,0.3309236947791165,0.2199869155883789
0.4007719523962689,0.33146067415730335,0.21999672055244446
0.4010935992280476,0.33119486768243783,0.22003251314163208
0.4014152460598263,0.33092948717948717,0.22003313899040222
0.401736892891605,0.33146517213771015,0.22005857527256012
0.40205853972338373,0.332,0.22011910378932953
0.40238018655516244,0.3317346123101519,0.22013801336288452
0.40270183338694115,0.3314696485623003,0.2201484888792038
0.40302348021871987,0.3312051077414206,0.22015903890132904
0.4033451270504986,0.3317384370015949,0.22016926109790802
0.4036667738822773,0.3314741035856574,0.22021284699440002
0.40398842071405594,0.3320063694267516,0.22021494805812836
0.40431006754583465,0.3325377883850438,0.2202177196741104
0.40463171437761336,0.3322734499205087,0.22021786868572235
0.40495336120939207,0.33200953137410644,0.22023406624794006
0.4052750080411708,0.3325396825396825,0.22026357054710388
0.4055966548729495,0.33227597145122917,0.22027501463890076
0.4059183017047282,0.3328050713153724,0.22028577327728271
0.4062399485365069,0.3333333333333333,0.22032217681407928
0.4065615953682856,0.33306962025316456,0.22032283246517181
0.40688324220006433,0.33280632411067196,0.22033070027828217
0.40720488903184304,0.3333333333333333,0.22034962475299835
0.40752653586362175,0.3330702446724546,0.22038356959819794
0.40784818269540046,0.333596214511041,0.2204042375087738
0.4081698295271792,0.3341213553979511,0.22040784358978271
0.4084914763589579,0.33385826771653543,0.22044338285923004
0.4088131231907366,0.33438237608182536,0.22044694423675537
0.4091347700225153,0.3341194968553459,0.2205190807580948
0.40945641685429396,0.33464257659073054,0.22056740522384644
0.40977806368607267,0.33437990580847726,0.2206011414527893
0.4100997105178514,0.3341176470588235,0.22060854732990265
0.4104213573496301,0.3346394984326019,0.22062300145626068
0.4107430041814088,0.33437744714173845,0.2206248939037323
0.4110646510131875,0.33411580594679186,0.22064286470413208
0.4113862978449662,0.3346364347146208,0.2206462323665619
0.41170794467674493,0.334375,0.22068776190280914
0.41202959150852364,0.33489461358313816,0.2206963449716568
0.41235123834030235,0.3346333853354134,0.22073543071746826
0.41267288517208106,0.3343725643024162,0.22076819837093353
0.41299453200385977,0.3348909657320872,0.22077907621860504
0.4133161788356385,0.335408560311284,0.2208188772201538
0.4136378256674172,0.3359253499222395,0.2208533138036728
0.4139594724991959,0.33644133644133645,0.22085893154144287
0.4142811193309746,0.3361801242236025,0.22087432444095612
0.4146027661627533,0.33669511249030254,0.2208801656961441
0.414924412994532,0.3364341085271318,0.22090500593185425
0.4152460598263107,0.33694810224632066,0.22091296315193176
0.4155677066580894,0.336687306501548,0.22091586887836456
0.4158893534898681,0.337200309358082,0.22093360126018524
0.4162110003216468,0.3369397217928903,0.2209835797548294
0.41653264715342553,0.3366795366795367,0.22100181877613068
0.41685429398520424,0.33719135802469136,0.22102481126785278
0.41717594081698295,0.33770239013107173,0.22102519869804382
0.41749758764876166,0.337442218798151,0.22103872895240784
0.41781923448054037,0.3371824480369515,0.22103971242904663
0.4181408813123191,0.3376923076923077,0.22106175124645233
0.4184625281440978,0.3374327440430438,0.22109276056289673
0.4187841749758765,0.337173579109063,0.2211051881313324
0.4191058218076552,0.33691481197237144,0.22111859917640686
0.4194274686394339,0.3366564417177914,0.2211531698703766
0.41974911547121263,0.3363984674329502,0.2212691456079483
0.42007076230299134,0.33614088820826954,0.2212865799665451
0.42039240913477,0.3366488140780413,0.22129233181476593
0.4207140559665487,0.3363914373088685,0.22130030393600464
0.4210357027983274,0.33613445378151263,0.22131554782390594
0.4213573496301061,0.33587786259541985,0.22132453322410583
0.42167899646188484,0.3356216628527841,0.22132907807826996
0.42200064329366355,0.3361280487804878,0.2213360071182251
0.42232229012544226,0.33663366336633666,0.22137662768363953
0.42264393695722097,0.3363774733637747,0.2213890701532364
0.4229655837889997,0.3361216730038023,0.22139644622802734
0.4232872306207784,0.3366261398176292,0.22140714526176453
0.4236088774525571,0.3363705391040243,0.22142106294631958
0.4239305242843358,0.33611532625189683,0.22143027186393738
0.4242521711161145,0.33586050037907506,0.22147046029567719
0.42457381794789323,0.33560606060606063,0.22147372364997864
0.42489546477967194,0.33535200605601817,0.22149108350276947
0.42521711161145065,0.3350983358547655,0.2215098887681961
0.42553875844322936,0.3348450491307634,0.22151605784893036
0.425860405275008,0.33459214501510576,0.22151784598827362
0.4261820521067867,0.33433962264150946,0.22156332433223724
0.42650369893856543,0.334841628959276,0.22159656882286072
0.42682534577034414,0.33458929917106256,0.221612349152565
0.42714699260212285,0.33433734939759036,0.22163355350494385
0.42746863943390156,0.33483822422874343,0.22165444493293762
0.4277902862656803,0.33533834586466166,0.22174525260925293
0.428111933097459,0.33583771600300527,0.2217661291360855
0.4284335799292377,0.33633633633633636,0.2217860370874405
0.4287552267610164,0.3360840210052513,0.2218518704175949
0.4290768735927951,0.335832083958021,0.22189173102378845
0.4293985204245738,0.3355805243445693,0.22189569473266602
0.42972016725635254,0.33532934131736525,0.22191183269023895
0.43004181408813125,0.33507853403141363,0.22191353142261505
0.43036346091990996,0.33482810164424515,0.2219192236661911
0.43068510775168867,0.3345780433159074,0.2220490276813507
0.4310067545834674,0.33507462686567163,0.2220693975687027
0.43132840141524603,0.33557046979865773,0.2220800668001175
0.43165004824702474,0.3353204172876304,0.2220853716135025
0.43197169507880345,0.33581533879374537,0.22216796875
0.43229334191058216,0.33556547619047616,0.22219468653202057
0.4326149887423609,0.33605947955390336,0.22219492495059967
0.4329366355741396,0.33655274888558695,0.22219862043857574
0.4332582824059183,0.3363028953229399,0.2222079038619995
0.433579929237697,0.3367952522255193,0.22222168743610382
0.4339015760694757,0.33728687916975536,0.2222442626953125
0.4342232229012544,0.337037037037037,0.2222563624382019
0.43454486973303313,0.33678756476683935,0.22226600348949432
0.43486651656481184,0.33727810650887574,0.22226813435554504
0.43518816339659055,0.3377679231337768,0.22232449054718018
0.43550981022836927,0.33825701624815363,0.22237008810043335
0.435831457060148,0.3380073800738007,0.22238323092460632
0.4361531038919267,0.33849557522123896,0.22240474820137024
0.4364747507237054,0.33824613117170227,0.22243711352348328
0.4367963975554841,0.3379970544918999,0.22244048118591309
0.43711804438726276,0.33774834437086093,0.222488671541214
0.43743969121904147,0.3382352941176471,0.22252769768238068
0.4377613380508202,0.33798677443056574,0.2225412130355835
0.4380829848825989,0.3377386196769457,0.22254782915115356
0.4384046317143776,0.33822450476889215,0.2226230651140213
0.4387262785461563,0.3379765395894428,0.2226819545030594
0.439047925377935,0.33772893772893775,0.222688227891922
0.43936957220971373,0.3374816983894583,0.22269780933856964
0.43969121904149244,0.337966349670812,0.22270436584949493
0.44001286587327115,0.33771929824561403,0.22276484966278076
0.44033451270504986,0.337472607742878,0.222767636179924
0.4406561595368286,0.3372262773722628,0.22278906404972076
0.4409778063686073,0.33698030634573306,0.22280366718769073
0.441299453200386,0.33746355685131196,0.22280505299568176
0.4416211000321647,0.3372177713037145,0.2228112667798996
0.4419427468639434,0.33770014556040756,0.22284072637557983
0.4422643936957221,0.3381818181818182,0.222849503159523
0.4425860405275008,0.3379360465116279,0.22284968197345734
0.4429076873592795,0.33769063180827885,0.22285199165344238
0.4432293341910582,0.3381712626995646,0.2228771448135376
0.4435509810228369,0.3386511965192168,0.22290277481079102
0.4438726278546156,0.3391304347826087,0.22291912138462067
0.44419427468639433,0.3396089790007241,0.22293686866760254
0.44451592151817304,0.34008683068017365,0.2229968011379242
0.44483756834995175,0.3405639913232104,0.22300022840499878
0.44515921518173046,0.34104046242774566,0.22300375998020172
0.44548086201350917,0.3407942238267148,0.22301147878170013
0.4458025088452879,0.34054834054834054,0.22304409742355347
0.4461241556770666,0.3410237923576063,0.22304759919643402
0.4464458025088453,0.3414985590778098,0.2230563759803772
0.446767449340624,0.3419726421886249,0.22309798002243042
0.4470890961724027,0.34172661870503596,0.22311407327651978
0.44741074300418143,0.3421998562185478,0.22311607003211975
0.44773238983596014,0.3426724137931034,0.22311685979366302
0.4480540366677388,0.34242641780330224,0.22313626110553741
0.4483756834995175,0.3428981348637016,0.2231644093990326
0.4486973303312962,0.3433691756272401,0.22318631410598755
0.44901897716307493,0.3431232091690544,0.22323088347911835
0.44934062399485364,0.3435934144595562,0.22323276102542877
0.44966227082663235,0.3440629470672389,0.2232830971479416
0.44998391765841106,0.3438170121515368,0.2233055979013443
0.45030556449018977,0.3442857142857143,0.22330869734287262
0.4506272113219685,0.34475374732334046,0.22335609793663025
0.4509488581537472,0.34450784593437944,0.22338096797466278
0.4512705049855259,0.3442622950819672,0.22340141236782074
0.4515921518173046,0.344017094017094,0.22343416512012482
0.4519137986490833,0.3437722419928826,0.22347620129585266
0.45223544548086203,0.3442389758179232,0.22350814938545227
0.45255709231264074,0.34399431414356785,0.22355176508426666
0.45287873914441945,0.34375,0.22359205782413483
0.45320038597619816,0.34421575585521647,0.22359351813793182
0.4535220328079768,0.34397163120567376,0.22362510859966278
0.4538436796397555,0.34443656980864634,0.2236376851797104
0.45416532647153424,0.34419263456090654,0.22364720702171326
0.45448697330331295,0.3446567586694975,0.2236529141664505
0.45480862013509166,0.3451202263083451,0.22368137538433075
0.45513026696687037,0.3448763250883392,0.2237117886543274
0.4554519137986491,0.3453389830508475,0.22371292114257812
0.4557735606304278,0.3458009880028229,0.22372093796730042
0.4560952074622065,0.346262341325811,0.2237301766872406
0.4564168542939852,0.346723044397463,0.22377751767635345
0.4567385011257639,0.3464788732394366,0.22377808392047882
0.45706014795754263,0.3462350457424349,0.22379158437252045
0.45738179478932134,0.3466947960618847,0.22379937767982483
0.45770344162110005,0.34645115952213634,0.22380569577217102
0.45802508845287876,0.34691011235955055,0.223814457654953
0.45834673528465747,0.3473684210526316,0.22382096946239471
0.4586683821164362,0.34712482468443195,0.22383199632167816
0.45899002894821483,0.3475823405746321,0.2238803654909134
0.45931167577999354,0.3473389355742297,0.2239226996898651
0.45963332261177225,0.3477956613016095,0.22392308712005615
0.45995496944355097,0.34825174825174826,0.22392645478248596
0.4602766162753297,0.34870719776380155,0.2239285409450531
0.4605982631071084,0.34916201117318435,0.2239416241645813
0.4609199099388871,0.34891835310537334,0.22395631670951843
0.4612415567706658,0.3493723849372385,0.22397640347480774
0.4615632036024445,0.34982578397212544,0.22399888932704926
0.4618848504342232,0.34958217270194986,0.22400520741939545
0.46220649726600194,0.34933890048712596,0.22400568425655365
0.46252814409778065,0.34909596662030595,0.22404110431671143
0.46284979092955936,0.3488533703961084,0.2240445911884308
0.46317143776133807,0.3486111111111111,0.22408932447433472
0.4634930845931168,0.34906315058986814,0.22413764894008636
0.4638147314248955,0.34951456310679613,0.22414173185825348
0.4641363782566742,0.34996534996534995,0.22416356205940247
0.46445802508845285,0.35041551246537395,0.22417199611663818
0.46477967192023156,0.3508650519031142,0.2241804003715515
0.4651013187520103,0.35131396957123096,0.22422726452350616
0.465422965583789,0.3510711817553559,0.2242414951324463
0.4657446124155677,0.35151933701657456,0.22426137328147888
0.4660662592473464,0.35196687370600416,0.22426478564739227
0.4663879060791251,0.3524137931034483,0.22427985072135925
0.4667095529109038,0.35286009648518263,0.22429712116718292
0.46703119974268253,0.35330578512396693,0.2243262082338333
0.46735284657446124,0.3537508602890571,0.22440658509731293
0.46767449340623996,0.3535075653370014,0.22440898418426514
0.46799614023801867,0.3532646048109966,0.22442974150180817
0.4683177870697974,0.35370879120879123,0.2244359701871872
0.4686394339015761,0.3534660260809883,0.2244378924369812
0.4689610807333548,0.3532235939643347,0.22444592416286469
0.4692827275651335,0.35298149417409186,0.2244558185338974
0.4696043743969122,0.35342465753424657,0.22450588643550873
0.46992602122869087,0.3538672142368241,0.22453299164772034
0.4702476680604696,0.353625170998632,0.22453978657722473
0.4705693148922483,0.3533834586466165,0.22455136477947235
0.470890961724027,0.35382513661202186,0.22455959022045135
0.4712126085558057,0.3535836177474403,0.22456146776676178
0.4715342553875844,0.3533424283765348,0.22457033395767212
0.47185590221936313,0.35310156782549423,0.22459222376346588
0.47217754905114184,0.35354223433242504,0.22459959983825684
0.47249919588292055,0.35398230088495575,0.2246207296848297
0.47282084271469926,0.35374149659863946,0.22462227940559387
0.473142489546478,0.35350101971447995,0.22466593980789185
0.4734641363782567,0.3532608695652174,0.2246682345867157
0.4737857832100354,0.35369993211133743,0.22471459209918976
0.4741074300418141,0.3541383989145183,0.2247200608253479
0.4744290768735928,0.3545762711864407,0.22474245727062225
0.4747507237053715,0.35501355013550134,0.2247437983751297
0.47507237053715023,0.35545023696682465,0.22475896775722504
0.4753940173689289,0.35588633288227334,0.22477847337722778
0.4757156642007076,0.3556457065584855,0.22478815913200378
0.4760373110324863,0.3554054054054054,0.22478972375392914
0.476358957864265,0.3551654287643484,0.2247922718524933
0.47668060469604373,0.3549257759784076,0.22485055029392242
0.47700225152782244,0.35536075522589344,0.2248629629611969
0.47732389835960115,0.3551212938005391,0.2248711884021759
0.47764554519137986,0.3548821548821549,0.2248735874891281
0.47796719202315857,0.3546433378196501,0.2248801290988922
0.4782888388549373,0.35440484196368527,0.22495777904987335
0.478610485686716,0.3548387096774194,0.22500836849212646
0.4789321325184947,0.3552719946272666,0.22506576776504517
0.4792537793502734,0.35503355704697986,0.2250792682170868
0.4795754261820521,0.35479543930248153,0.22509226202964783
0.47989707301383083,0.3552278820375335,0.22509710490703583
0.48021871984560954,0.35565974547890156,0.2250979095697403
0.48054036667738825,0.35609103078982596,0.22511783242225647
0.4808620135091669,0.3565217391304348,0.22514721751213074
0.4811836603409456,0.35628342245989303,0.22515594959259033
0.48150530717272433,0.35671342685370744,0.22525480389595032
0.48182695400450304,0.35647530040053405,0.22528880834579468
0.48214860083628175,0.3562374916611074,0.22529412806034088
0.48247024766806046,0.356,0.22531141340732574
0.48279189449983917,0.3557628247834777,0.22531357407569885
0.4831135413316179,0.355525965379494,0.22532007098197937
0.4834351881633966,0.35595475715236197,0.22533614933490753
0.4837568349951753,0.355718085106383,0.22535279393196106
0.484078481826954,0.35614617940199333,0.22537893056869507
0.4844001286587327,0.3559096945551129,0.22539299726486206
0.48472177549051143,0.35633709356337095,0.2254040688276291
0.48504342232229014,0.356763925729443,0.22543101012706757
0.48536506915406885,0.35719019218025183,0.22549769282341003
0.48568671598584756,0.356953642384106,0.2255086600780487
0.48600836281762627,0.357379219060225,0.2255229502916336
0.4863300096494049,0.35714285714285715,0.22553595900535583
0.48665165648118364,0.35756774619960346,0.22557173669338226
0.48697330331296235,0.357331571994716,0.22558648884296417
0.48729495014474106,0.3570957095709571,0.22559264302253723
0.48761659697651977,0.35686015831134565,0.22560514509677887
0.4879382438082985,0.35662491760052734,0.22560636699199677
0.4882598906400772,0.3570487483530962,0.22560642659664154
0.4885815374718559,0.3568136932192232,0.2256169468164444
0.4889031843036346,0.35657894736842105,0.22562065720558167
0.4892248311354133,0.35700197238658776,0.22564859688282013
0.48954647796719203,0.3567674113009198,0.22565214335918427
0.48986812479897074,0.3571897570584373,0.2256575971841812
0.49018977163074945,0.3569553805774278,0.22566008567810059
0.49051141846252816,0.35672131147540986,0.2256649285554886
0.49083306529430687,0.35714285714285715,0.2256980538368225
0.4911547121260856,0.3575638506876228,0.2257162630558014
0.4914763589578643,0.35732984293193715,0.2257441133260727
0.49179800578964294,0.3577501635055592,0.22576329112052917
0.49211965262142165,0.3581699346405229,0.22576887905597687
0.49244129945320037,0.35793598954931416,0.22577331960201263
0.4927629462849791,0.358355091383812,0.225783571600914
0.4930845931167578,0.35812133072407043,0.2257838249206543
0.4934062399485365,0.3578878748370274,0.225798100233078
0.4937278867803152,0.3583061889250814,0.22588016092777252
0.4940495336120939,0.3587239583333333,0.22594134509563446
0.4943711804438726,0.3584905660377358,0.22594191133975983
0.49469282727565134,0.358257477243173,0.22600814700126648
0.49501447410743005,0.3586744639376218,0.22604231536388397
0.49533612093920876,0.35909090909090907,0.22608515620231628
0.49565776777098747,0.35885788449059053,0.2260967344045639
0.4959794146027662,0.35862516212710766,0.2260993868112564
0.4963010614345449,0.3590408295528192,0.22618511319160461
0.4966227082663236,0.3588082901554404,0.2261945754289627
0.4969443550981023,0.3592233009708738,0.2262248396873474
0.49726600192988096,0.35963777490297544,0.22623713314533234
0.4975876487616597,0.36005171299288946,0.2262820452451706
0.4979092955934384,0.35981912144702843,0.22628828883171082
0.4982309424252171,0.35958683021304066,0.22633515298366547
0.4985525892569958,0.36,0.22633734345436096
0.4988742360887745,0.36041263700838166,0.22634822130203247
0.4991958829205532,0.36082474226804123,0.22637994587421417
0.49951752975233193,0.36123631680618157,0.22639350593090057
0.49983917658411064,0.36164736164736166,0.22639936208724976
0.5001608234158893,0.36205787781350485,0.22641690075397491
0.500482470247668,0.36246786632390743,0.22644658386707306
0.5008041170794467,0.36287732819524726,0.22646722197532654
0.5011257639112254,0.3626444159178434,0.2265005260705948
0.5014474107430041,0.3624118024374599,0.22650818526744843
0.5017690575747829,0.36217948717948717,0.22650910913944244
0.5020907044065616,0.36258808456117875,0.2265091836452484
0.5024123512383403,0.36299615877080665,0.22651053965091705
0.502733998070119,0.36340371081253997,0.22651998698711395
0.5030556449018977,0.3631713554987212,0.22652271389961243
0.5033772917336764,0.36293929712460066,0.22652803361415863
0.5036989385654551,0.36334610472541506,0.22653619945049286
0.5040205853972338,0.3637523931078494,0.22655552625656128
0.5043422322290125,0.36415816326530615,0.2265632450580597
0.5046638790607912,0.3645634161886552,0.22661703824996948
0.50498552589257,0.364968152866242,0.2266414761543274
0.5053071727243487,0.3647358370464672,0.22666442394256592
0.5056288195561274,0.3651399491094148,0.2267204076051712
0.5059504663879061,0.36554354736172917,0.2267308235168457
0.5062721132196848,0.3653113087674714,0.2267334759235382
0.5065937600514635,0.3657142857142857,0.22673432528972626
0.5069154068832422,0.36611675126903553,0.22676661610603333
0.5072370537150209,0.3658845909955612,0.22678521275520325
0.5075587005467996,0.36628643852978454,0.22685761749744415
0.5078803473785783,0.36668777707409755,0.2268843948841095
0.508201994210357,0.36645569620253166,0.2269061803817749
0.5085236410421358,0.3668564199873498,0.22698542475700378
0.5088452878739145,0.3666245259165613,0.22700703144073486
0.5091669347056932,0.36702463676563485,0.22702649235725403
0.5094885815374719,0.3667929292929293,0.2270275056362152
0.5098102283692506,0.3665615141955836,0.2270553857088089
0.5101318752010293,0.3669609079445145,0.22705678641796112
0.510453522032808,0.3667296786389414,0.22707007825374603
0.5107751688645867,0.36649874055415615,0.22709281742572784
0.5110968156963653,0.3668974197608559,0.22711534798145294
0.511418462528144,0.3672955974842767,0.2271299660205841
0.5117401093599228,0.3670647391577624,0.22713248431682587
0.5120617561917015,0.36746231155778897,0.22717911005020142
0.5123834030234802,0.36785938480853736,0.22719153761863708
0.5127050498552589,0.3682559598494354,0.22719846665859222
0.5130266966870376,0.3686520376175549,0.2271992564201355
0.5133483435188163,0.36904761904761907,0.22720551490783691
0.513669990350595,0.3688165309956168,0.2272152304649353
0.5139916371823737,0.3685857321652065,0.22721560299396515
0.5143132840141524,0.3683552220137586,0.22721844911575317
0.5146349308459311,0.368125,0.22723935544490814
0.5149565776777099,0.3685196752029981,0.22725141048431396
0.5152782245094886,0.36891385767790263,0.2272583246231079
0.5155998713412673,0.36930754834684965,0.2272624373435974
0.515921518173046,0.3690773067331671,0.2272874116897583
0.5162431650048247,0.36884735202492214,0.22730311751365662
0.5165648118366034,0.36924034869240346,0.22731328010559082
0.5168864586683821,0.3690105787181083,0.2274308204650879
0.5172081055001608,0.3687810945273632,0.22744828462600708
0.5175297523319395,0.3685518955873213,0.22745327651500702
0.5178513991637183,0.36832298136645963,0.22746437788009644
0.518173045995497,0.3687150837988827,0.22751258313655853
0.5184946928272757,0.36910669975186106,0.22753088176250458
0.5188163396590544,0.36949783013019216,0.22753620147705078
0.5191379864908331,0.36926889714993805,0.22754962742328644
0.5194596333226118,0.3690402476780186,0.2275632619857788
0.5197812801543905,0.3694306930693069,0.22758768498897552
0.5201029269861692,0.3692022263450835,0.22762799263000488
0.5204245738179479,0.3689740420271941,0.227640300989151
0.5207462206497266,0.36936380481778874,0.22769397497177124
0.5210678674815054,0.3691358024691358,0.22773613035678864
0.5213895143132841,0.36952498457742133,0.22776252031326294
0.5217111611450628,0.3692971639950678,0.22776289284229279
0.5220328079768414,0.3690696241528035,0.22776338458061218
0.5223544548086201,0.3694581280788177,0.22777815163135529
0.5226761016403988,0.36923076923076925,0.2277800291776657
0.5229977484721775,0.36961869618696186,0.22778591513633728
0.5233193953039562,0.3693915181315304,0.22779032588005066
0.5236410421357349,0.3691646191646192,0.2279094159603119
0.5239626889675136,0.36955187231430325,0.227961927652359
0.5242843357992923,0.36993865030674844,0.22799448668956757
0.524605982631071,0.3703249540159411,0.22799688577651978
0.5249276294628498,0.3700980392156863,0.2280011624097824
0.5252492762946285,0.3698714023270055,0.22805601358413696
0.5255709231264072,0.37025703794369647,0.2280854731798172
0.5258925699581859,0.3706422018348624,0.22808939218521118
0.5262142167899646,0.37102689486552565,0.22812074422836304
0.5265358636217433,0.371411117898595,0.2281651794910431
0.526857510453522,0.3711843711843712,0.22817149758338928
0.5271791572853007,0.37095790115924343,0.22817812860012054
0.5275008041170794,0.37134146341463414,0.22820043563842773
0.5278224509488582,0.3717245581962218,0.22828567028045654
0.5281440977806369,0.37210718635809986,0.22832688689231873
0.5284657446124156,0.3724893487522824,0.22836412489414215
0.5287873914441943,0.3722627737226277,0.22837385535240173
0.529109038275973,0.3720364741641337,0.22839289903640747
0.5294306851077517,0.3718104495747266,0.22842895984649658
0.5297523319395304,0.3721918639951427,0.22845515608787537
0.5300739787713091,0.3725728155339806,0.22846652567386627
0.5303956256030878,0.37295330503335355,0.22848649322986603
0.5307172724348665,0.37333333333333335,0.22849711775779724
0.5310389192666453,0.3737129012719564,0.2284972369670868
0.531360566098424,0.3734866828087167,0.228500634431839
0.5316822129302027,0.3738656987295826,0.22850941121578217
0.5320038597619814,0.37424425634824665,0.22851043939590454
0.5323255065937601,0.3740181268882175,0.22851435840129852
0.5326471534255388,0.3743961352657005,0.22852635383605957
0.5329688002573174,0.3747736873868437,0.2285430133342743
0.5332904470890961,0.37454764776839566,0.22854602336883545
0.5336120939208748,0.3743218806509946,0.22861053049564362
0.5339337407526535,0.3740963855421687,0.2286178320646286
0.5342553875844323,0.374473208910295,0.22862927615642548
0.534577034416211,0.3742478941034898,0.22866852581501007
0.5348986812479897,0.3740228502705953,0.22869600355625153
0.5352203280797684,0.3737980769230769,0.22874435782432556
0.5355419749115471,0.37357357357357357,0.22875605523586273
0.5358636217433258,0.3739495798319328,0.22882336378097534
0.5361852685751045,0.3737252549490102,0.2288307249546051
0.5365069154068832,0.37410071942446044,0.22888579964637756
0.5368285622386619,0.3738765727980827,0.22888807952404022
0.5371502090704406,0.37365269461077844,0.22891859710216522
0.5374718559022194,0.3734290843806104,0.22896891832351685
0.5377935027339981,0.37320574162679426,0.22897900640964508
0.5381151495657768,0.3735803945008966,0.22899430990219116
0.5384367963975555,0.37335722819593786,0.22899726033210754
0.5387584432293342,0.373134328358209,0.22901883721351624
0.5390800900611129,0.373508353221957,0.22907118499279022
0.5394017368928916,0.37328562909958257,0.229083850979805
0.5397233837246703,0.3736591179976162,0.22908388078212738
0.540045030556449,0.37343656938653963,0.22910429537296295
0.5403666773882277,0.3738095238095238,0.22910846769809723
0.5406883242200065,0.3735871505056514,0.22911658883094788
0.5410099710517852,0.3733650416171225,0.22913868725299835
0.5413316178835639,0.37373737373737376,0.22914378345012665
0.5416532647153426,0.37410926365795727,0.22916512191295624
0.5419749115471213,0.37388724035608306,0.22917017340660095
0.5422965583789,0.37425860023724794,0.22919045388698578
0.5426182052106787,0.37403675163011263,0.22920173406600952
0.5429398520424574,0.37381516587677727,0.22923526167869568
0.5432614988742361,0.37418590882178804,0.2292391061782837
0.5435831457060148,0.3739644970414201,0.22927705943584442
0.5439047925377936,0.37433471318746303,0.22928486764431
0.5442264393695722,0.3747044917257683,0.22928932309150696
0.5445480862013509,0.37448316597755466,0.2293017953634262
0.5448697330331296,0.37485242030696575,0.22931326925754547
0.5451913798649083,0.3752212389380531,0.2293168008327484
0.545513026696687,0.3755896226415094,0.2293209731578827
0.5458346735284657,0.37536829699469654,0.22932811081409454
0.5461563203602444,0.3751472320376914,0.22934457659721375
0.5464779671920231,0.3755150088287228,0.22937893867492676
0.5467996140238018,0.37588235294117645,0.22938783466815948
0.5471212608555805,0.37624926513815404,0.22939588129520416
0.5474429076873593,0.37602820211515864,0.2294028401374817
0.547764554519138,0.37580739870816204,0.22946864366531372
0.5480862013509167,0.3755868544600939,0.22947098314762115
0.5484078481826954,0.37595307917888565,0.22947345674037933
0.5487294950144741,0.37631887456037516,0.22948172688484192
0.5490511418462528,0.37609841827768015,0.22948458790779114
0.5493727886780315,0.3758782201405152,0.22955800592899323
0.5496944355098102,0.3762434172030427,0.22959943115711212
0.5500160823415889,0.37660818713450295,0.22965507209300995
0.5503377291733677,0.37697253068381065,0.22965893149375916
0.5506593760051464,0.3773364485981308,0.22966541349887848
0.5509810228369251,0.37769994162288384,0.22966894507408142
0.5513026696687038,0.3774795799299883,0.22970017790794373
0.5516243165004825,0.37784256559766766,0.22972609102725983
0.5519459633322612,0.3776223776223776,0.22977617383003235
0.5522676101640399,0.37740244612696566,0.2297830581665039
0.5525892569958186,0.37718277066356226,0.2297949194908142
0.5529109038275973,0.3775450843513671,0.22979579865932465
0.553232550659376,0.37790697674418605,0.22981564700603485
0.5535541974911548,0.3776873910517141,0.22986723482608795
0.5538758443229335,0.3780487804878049,0.2298843264579773
0.5541974911547122,0.3784097504352873,0.22991110384464264
0.5545191379864909,0.37877030162412995,0.229919895529747
0.5548407848182696,0.37855072463768114,0.22993865609169006
0.5551624316500482,0.3783314020857474,0.22995798289775848
0.5554840784818269,0.37811233352634627,0.2299710512161255
0.5558057253136056,0.3784722222222222,0.23001708090305328
0.5561273721453843,0.3788316946211683,0.23006893694400787
0.556449018977163,0.3786127167630058,0.23009315133094788
0.5567706658089417,0.37897169266320047,0.2301054149866104
0.5570923126407205,0.3787528868360277,0.23011760413646698
0.5574139594724992,0.3791113675706867,0.2301625907421112
0.5577356063042779,0.37946943483275664,0.23022283613681793
0.5580572531360566,0.3792507204610951,0.23022682964801788
0.5583788999678353,0.3790322580645161,0.2302369773387909
0.558700546799614,0.3793897524467473,0.23024937510490417
0.5590221936313927,0.379746835443038,0.2302510291337967
0.5593438404631714,0.3801035077630822,0.2303011566400528
0.5596654872949501,0.38045977011494253,0.23032578825950623
0.5599871341267288,0.3808156232050546,0.2303449958562851
0.5603087809585076,0.3805970149253731,0.23035407066345215
0.5606304277902863,0.3803786574870912,0.2304127812385559
0.560952074622065,0.3801605504587156,0.23041488230228424
0.5612737214538437,0.3805157593123209,0.23045136034488678
0.5615953682856224,0.38029782359679265,0.2305368036031723
0.5619170151174011,0.38065254722381225,0.23056165874004364
0.5622386619491798,0.3804347826086957,0.23059764504432678
0.5625603087809585,0.38078902229845624,0.23064959049224854
0.5628819556127372,0.3811428571428571,0.23066458106040955
0.563203602444516,0.38092518560822386,0.2306748926639557
0.5635252492762947,0.3807077625570776,0.23068782687187195
0.5638468961080734,0.38106103822019394,0.23070017993450165
0.5641685429398521,0.3814139110604333,0.23070333898067474
0.5644901897716308,0.3811965811965812,0.23071186244487762
0.5648118366034095,0.3809794988610478,0.23072698712348938
0.5651334834351882,0.38076266363118955,0.23073306679725647
0.5654551302669669,0.38054607508532423,0.2307412028312683
0.5657767770987456,0.3808982376350199,0.2307451218366623
0.5660984239305242,0.38125,0.2307720184326172
0.5664200707623029,0.38160136286201024,0.230884850025177
0.5667417175940817,0.3819523269012486,0.2308988720178604
0.5670633644258604,0.3817356778218945,0.23090839385986328
0.5673850112576391,0.3820861678004535,0.230916365981102
0.5677066580894178,0.38243626062322944,0.23091864585876465
0.5680283049211965,0.3822197055492639,0.23092597723007202
0.5683499517529752,0.38256932654216186,0.23093262314796448
0.5686715985847539,0.38235294117647056,0.23094013333320618
0.5689932454165326,0.3821368004522329,0.23094312846660614
0.5693148922483113,0.38192090395480227,0.23096194863319397
0.56963653908009,0.38170525127046867,0.23097431659698486
0.5699581859118688,0.38205417607223474,0.23099173605442047
0.5702798327436475,0.3818386914833615,0.23102104663848877
0.5706014795754262,0.38162344983089064,0.23102392256259918
0.5709231264072049,0.3819718309859155,0.2310447096824646
0.5712447732389836,0.38175675675675674,0.23105725646018982
0.5715664200707623,0.38210467079347216,0.2310640811920166
0.571888066902541,0.38188976377952755,0.23109117150306702
0.5722097137343197,0.3822372119168072,0.23111332952976227
0.5725313605660984,0.38202247191011235,0.2312047779560089
0.5728530073978771,0.38180797304884895,0.23123085498809814
0.5731746542296559,0.38159371492704824,0.2312515825033188
0.5734963010614346,0.38137969713965225,0.23130758106708527
0.5738179478932133,0.3811659192825112,0.23134103417396545
0.574139594724992,0.3815126050420168,0.2313418686389923
0.5744612415567707,0.3812989921612542,0.23134319484233856
0.5747828883885494,0.38164521544487967,0.23134617507457733
0.5751045352203281,0.3814317673378076,0.23138073086738586
0.5754261820521068,0.38177752934600334,0.23138557374477386
0.5757478288838855,0.38212290502793295,0.23141086101531982
0.5760694757156642,0.3824678950307091,0.23143558204174042
0.576391122547443,0.3822544642857143,0.2314484864473343
0.5767127693792217,0.3820412716118238,0.23148776590824127
0.5770344162110003,0.38238573021181715,0.2315223217010498
0.577356063042779,0.38272980501392756,0.23152247071266174
0.5776777098745577,0.3825167037861915,0.23157081007957458
0.5779993567063364,0.3828603227601558,0.23160392045974731
0.5783210035381151,0.38264738598442716,0.23161038756370544
0.5786426503698938,0.38243468593663144,0.23161742091178894
0.5789642972016725,0.3827777777777778,0.23163054883480072
0.5792859440334512,0.38312048861743475,0.2316432148218155
0.57960759086523,0.3834628190899001,0.2316436916589737
0.5799292376970087,0.38325013865779256,0.23166601359844208
0.5802508845287874,0.3830376940133038,0.23167581856250763
0.5805725313605661,0.3828254847645429,0.2316831797361374
0.5808941781923448,0.3831672203765227,0.23168829083442688
0.5812158250241235,0.3829551743220808,0.2317114770412445
0.5815374718559022,0.3827433628318584,0.23172028362751007
0.5818591186876809,0.38308457711442784,0.23176760971546173
0.5821807655194596,0.3828729281767956,0.2317904382944107
0.5825024123512383,0.38321369409166206,0.23183628916740417
0.582824059183017,0.38355408388520973,0.2318926900625229
0.5831457060147958,0.38389409817981246,0.23190325498580933
0.5834673528465745,0.3836824696802646,0.2319035530090332
0.5837889996783532,0.3834710743801653,0.23190546035766602
0.5841106465101319,0.3838105726872247,0.23192237317562103
0.5844322933419106,0.38359933957072095,0.2319577932357788
0.5847539401736893,0.3833883388338834,0.23195914924144745
0.585075587005468,0.3837273227047828,0.2319919317960739
0.5853972338372467,0.3840659340659341,0.23199738562107086
0.5857188806690254,0.38385502471169686,0.23200953006744385
0.5860405275008042,0.38419319429198684,0.23202653229236603
0.5863621743325829,0.3839824465167307,0.23204036056995392
0.5866838211643616,0.38377192982456143,0.23204711079597473
0.5870054679961403,0.3841095890410959,0.23206397891044617
0.587327114827919,0.3838992332968237,0.23208901286125183
0.5876487616596977,0.3842364532019704,0.23209096491336823
0.5879704084914763,0.38402625820568925,0.23209966719150543
0.588292055323255,0.38381629305631493,0.23211733996868134
0.5886137021550337,0.3836065573770492,0.23213087022304535
0.5889353489868124,0.3839432004369197,0.23213258385658264
0.5892569958185911,0.38427947598253276,0.23214857280254364
0.5895786426503699,0.3840698308783415,0.23215323686599731
0.5899002894821486,0.38440567066521264,0.23215638101100922
0.5902219363139273,0.38419618528610355,0.23216001689434052
0.590543583145706,0.3839869281045752,0.23217542469501495
0.5908652299774847,0.38432226456178553,0.2321842610836029
0.5911868768092634,0.38465723612622416,0.23219820857048035
0.5915085236410421,0.3844480696030451,0.2321997582912445
0.5918301704728208,0.3847826086956522,0.23221290111541748
0.5921518173045995,0.3845736013036393,0.2322636991739273
0.5924734641363782,0.38436482084690554,0.2323017567396164
0.592795110968157,0.3846988605534455,0.23231667280197144
0.5931167577999357,0.38449023861171366,0.23231671750545502
0.5934384046317144,0.3842818428184282,0.23233191668987274
0.5937600514634931,0.38461538461538464,0.23235027492046356
0.5940816982952718,0.38494856524093124,0.23236721754074097
0.5944033451270505,0.3852813852813853,0.23238244652748108
0.5947249919588292,0.3850730124391563,0.2324090301990509
0.5950466387906079,0.3854054054054054,0.23242324590682983
0.5953682856223866,0.38519719070772557,0.23245061933994293
0.5956899324541653,0.3855291576673866,0.23245982825756073
0.5960115792859441,0.3858607663248786,0.2325422763824463
0.5963332261177228,0.3856526429341963,0.23255714774131775
0.5966548729495015,0.38598382749326143,0.23255783319473267
0.5969765197812802,0.3863146551724138,0.232570618391037
0.5972981666130589,0.386645126548196,0.23259811103343964
0.5976198134448376,0.38643702906350913,0.2326083481311798
0.5979414602766163,0.38676707907477137,0.2326369285583496
0.598263107108395,0.3865591397849462,0.2326512485742569
0.5985847539401737,0.3863514239656099,0.23266784846782684
0.5989064007719523,0.3861439312567132,0.23268356919288635
0.599228047603731,0.3864734299516908,0.23269140720367432
0.5995496944355098,0.38626609442060084,0.23270829021930695
0.5998713412672885,0.3865951742627346,0.2327524870634079
0.6001929880990672,0.38692390139335475,0.23276975750923157
0.6005146349308459,0.38671665773968933,0.23277728259563446
0.6008362817626246,0.38650963597430404,0.23283100128173828
0.6011579285944033,0.38630283574103796,0.23283635079860687
0.601479575426182,0.386096256684492,0.2328444868326187
0.6018012222579607,0.38588989845002675,0.23287221789360046
0.6021228690897394,0.38621794871794873,0.23289521038532257
0.6024445159215182,0.38601174586225306,0.23289979994297028
0.6027661627532969,0.3863393810032017,0.23290637135505676
0.6030878095850756,0.38613333333333333,0.2329193502664566
0.6034094564168543,0.3859275053304904,0.23295801877975464
0.603731103248633,0.3857218966435802,0.23298265039920807
0.6040527500804117,0.38604898828541,0.23298615217208862
0.6043743969121904,0.3863757317722193,0.23299996554851532
0.6046960437439691,0.38670212765957446,0.23300974071025848
0.6050176905757478,0.3864965443912812,0.23301224410533905
0.6053393374075265,0.38629117959617426,0.23303410410881042
0.6056609842393053,0.38661710037174724,0.23304495215415955
0.605982631071084,0.3869426751592357,0.2331051230430603
0.6063042779028627,0.386737400530504,0.23311050236225128
0.6066259247346414,0.3865323435843054,0.2331259846687317
0.6069475715664201,0.3868574456809751,0.23320046067237854
0.6072692183981988,0.3871822033898305,0.23320262134075165
0.6075908652299775,0.3869772366331392,0.23320446908473969
0.6079125120617562,0.38677248677248677,0.23327958583831787
0.6082341588935349,0.38656795346377576,0.23328259587287903
0.6085558057253136,0.38636363636363635,0.233313649892807
0.6088774525570924,0.3861595351294242,0.23335927724838257
0.6091990993888711,0.3864836325237592,0.23336178064346313
0.6095207462206498,0.38680738786279684,0.23339758813381195
0.6098423930524285,0.3871308016877637,0.233404278755188
0.6101640398842071,0.38692672641012127,0.23341181874275208
0.6104856867159858,0.38672286617492097,0.2334212362766266
0.6108073335477645,0.3865192206424434,0.23342932760715485
0.6111289803795432,0.3868421052631579,0.23344406485557556
0.6114506272113219,0.3871646501841136,0.2334546446800232
0.6117722740431006,0.3874868559411146,0.2334597110748291
0.6120939208748793,0.3872832369942196,0.23346906900405884
0.6124155677066581,0.3870798319327731,0.2335066944360733
0.6127372145384368,0.3868766404199475,0.23352541029453278
0.6130588613702155,0.38719832109129065,0.2335262894630432
0.6133805082019942,0.38751966439433666,0.23353584110736847
0.6137021550337729,0.38731656184486374,0.23359782993793488
0.6140238018655516,0.38763750654793083,0.23360997438430786
0.6143454486973303,0.3879581151832461,0.23363865911960602
0.614667095529109,0.3882783882783883,0.23366764187812805
0.6149887423608877,0.38859832635983266,0.23369285464286804
0.6153103891926665,0.3883951907997909,0.23369359970092773
0.6156320360244452,0.3881922675026123,0.23372520506381989
0.6159536828562239,0.38798955613577024,0.23373982310295105
0.6162753296880026,0.3883089770354906,0.23381651937961578
0.6165969765197813,0.3886280646844027,0.23382428288459778
0.61691862335156,0.38894681960375393,0.23382435739040375
0.6172402701833387,0.3887441375716519,0.23392823338508606
0.6175619170151174,0.3885416666666667,0.23394449055194855
0.6178835638468961,0.38885996876626755,0.2339790314435959
0.6182052106786748,0.3886576482830385,0.23399147391319275
0.6185268575104536,0.3889755590223609,0.2340204119682312
0.6188485043422323,0.3892931392931393,0.23402218520641327
0.619170151174011,0.3890909090909091,0.23403850197792053
0.6194917980057897,0.3888888888888889,0.23404110968112946
0.6198134448375684,0.38920601971977165,0.2340732365846634
0.6201350916693471,0.38900414937759337,0.23407955467700958
0.6204567385011258,0.3893208916537066,0.2341170310974121
0.6207783853329045,0.389119170984456,0.23415304720401764
0.6211000321646831,0.3894355256343863,0.23419687151908875
0.6214216789964618,0.38923395445134573,0.2342149019241333
0.6217433258282405,0.38903259182617694,0.23421545326709747
0.6220649726600193,0.38883143743536713,0.23428961634635925
0.622386619491798,0.3891472868217054,0.2342994511127472
0.6227082663235767,0.3894628099173554,0.23430269956588745
0.6230299131553554,0.38977800722767164,0.23430702090263367
0.6233515599871341,0.39009287925696595,0.2343205064535141
0.6236732068189128,0.3898916967509025,0.23433001339435577
0.6239948536506915,0.3902061855670103,0.2344340831041336
0.6243165004824702,0.39000515198351365,0.23444244265556335
0.6246381473142489,0.3903192584963955,0.2344626784324646
0.6249597941460276,0.3906330416881112,0.2344646453857422
0.6252814409778064,0.39094650205761317,0.23447363078594208
0.6256030878095851,0.39125964010282777,0.23448960483074188
0.6259247346413638,0.3910585817060637,0.2345278114080429
0.6262463814731425,0.3908577298407807,0.23456059396266937
0.6265680283049212,0.39117043121149897,0.23456071317195892
0.6268896751366999,0.3909697280656747,0.23456132411956787
0.6272113219684786,0.39076923076923076,0.23456236720085144
0.6275329688002573,0.3910814966683752,0.23457704484462738
0.627854615632036,0.39139344262295084,0.2345857322216034
0.6281762624638147,0.3911930363543267,0.23459243774414062
0.6284979092955935,0.3915046059365404,0.2345946729183197
0.6288195561273722,0.3918158567774936,0.23459872603416443
0.6291412029591509,0.39161554192229037,0.23463422060012817
0.6294628497909296,0.39141543178334187,0.2346516102552414
0.6297844966227083,0.39121552604698673,0.23467135429382324
0.630106143454487,0.39101582440020416,0.2347143292427063
0.6304277902862657,0.39132653061224487,0.23477627336978912
0.6307494371180444,0.3916369199388067,0.23485855758190155
0.6310710839498231,0.39143730886850153,0.23487356305122375
0.6313927307816019,0.39174732552215996,0.23494814336299896
0.6317143776133806,0.3920570264765784,0.23497554659843445
0.6320360244451592,0.39236641221374047,0.23498061299324036
0.6323576712769379,0.392675483214649,0.23499822616577148
0.6326793181087166,0.3929842399593289,0.23500052094459534
0.6330009649404953,0.3932926829268293,0.23500989377498627
0.633322611772274,0.3930929405789741,0.23501242697238922
0.6336442586040527,0.3934010152284264,0.23501542210578918
0.6339659054358314,0.3937087772704211,0.23505330085754395
0.6342875522676101,0.3935091277890467,0.23506513237953186
0.6346091990993888,0.3938165230613279,0.2350950688123703
0.6349308459311676,0.3941236068895643,0.23509947955608368
0.6352524927629463,0.3944303797468354,0.23512208461761475
0.635574139594725,0.3942307692307692,0.23514001071453094
0.6358957864265037,0.39403136064744565,0.2351575493812561
0.6362174332582824,0.3943377148634985,0.23520700633525848
0.6365390800900611,0.39413845376452755,0.23522424697875977
0.6368607269218398,0.39444444444444443,0.23524175584316254
0.6371823737536185,0.39424533064109035,0.23526091873645782
0.6375040205853972,0.39455095862764883,0.2352810949087143
0.637825667417176,0.394856278366112,0.23530511558055878
0.6381473142489547,0.3946572580645161,0.23533686995506287
0.6384689610807334,0.39445843828715366,0.2353496253490448
0.6387906079125121,0.3942598187311178,0.2353672832250595
0.6391122547442908,0.39406139909411175,0.23538610339164734
0.6394339015760695,0.3938631790744467,0.23546826839447021
0.6397555484078482,0.3941679235796883,0.2354843020439148
0.6400771952396269,0.39396984924623113,0.23548541963100433
0.6403988420714056,0.3937719738824711,0.23550157248973846
0.6407204889031843,0.39407630522088355,0.23550660908222198
0.641042135734963,0.3938785750125439,0.23552305996418
0.6413637825667418,0.39418254764292876,0.23552899062633514
0.6416854293985205,0.3944862155388471,0.23553287982940674
0.6420070762302992,0.3942885771543086,0.23555901646614075
0.6423287230620779,0.3940911367050576,0.23560108244419098
0.6426503698938566,0.3938938938938939,0.23562856018543243
0.6429720167256352,0.39419709854927465,0.23562903702259064
0.6432936635574139,0.3945,0.23568543791770935
0.6436153103891926,0.39430284857571213,0.23575694859027863
0.6439369572209713,0.3946053946053946,0.23577803373336792
0.64425860405275,0.3944083874188717,0.23582389950752258
0.6445802508845287,0.39421157684630737,0.23583941161632538
0.6449018977163075,0.3945137157107232,0.23584221303462982
0.6452235445480862,0.39431704885343966,0.23584802448749542
0.6455451913798649,0.3941205779770802,0.2358732372522354
0.6458668382116436,0.3939243027888446,0.23589302599430084
0.6461884850434223,0.39372822299651566,0.23590514063835144
0.646510131875201,0.3940298507462687,0.23591049015522003
0.6468317787069797,0.39383391347588265,0.23596474528312683
0.6471534255387584,0.39363817097415504,0.23597626388072968
0.6474750723705371,0.3939393939393939,0.23602445423603058
0.6477967192023159,0.394240317775571,0.23603613674640656
0.6481183660340946,0.3945409429280397,0.2360425591468811
0.6484400128658733,0.3948412698412698,0.2360810935497284
0.648761659697652,0.39464551313832424,0.2361520677804947
0.6490833065294307,0.3949454905847374,0.23615510761737823
0.6494049533612094,0.3952451708766716,0.23615571856498718
0.6497266001929881,0.39504950495049507,0.236175537109375
0.6500482470247668,0.3953488372093023,0.23622256517410278
0.6503698938565455,0.39564787339268054,0.2362327128648758
0.6506915406883242,0.39594661393969355,0.23627178370952606
0.651013187520103,0.39624505928853754,0.23628363013267517
0.6513348343518817,0.39654320987654323,0.23634140193462372
0.6516564811836604,0.3963474827245805,0.23634842038154602
0.6519781280154391,0.39615194869264925,0.2363618016242981
0.6522997748472178,0.39644970414201186,0.2363865226507187
0.6526214216789965,0.39674716609167077,0.23639805614948273
0.6529430685107752,0.39655172413793105,0.2364063858985901
0.6532647153425539,0.396848842934515,0.2364276647567749
0.6535863621743326,0.3971456692913386,0.23643314838409424
0.6539080090061112,0.397442203639941,0.23646481335163116
0.65422965583789,0.3977384464110128,0.2364821434020996
0.6545513026696687,0.39803439803439805,0.23649193346500397
0.6548729495014474,0.3983300589390963,0.23652677237987518
0.6551945963332261,0.39813451153657337,0.2365397959947586
0.6555162431650048,0.39842983316977426,0.23654206097126007
0.6558378899967835,0.3987248651299657,0.23659758269786835
0.6561595368285622,0.3990196078431373,0.2366061955690384
0.6564811836603409,0.3993140617344439,0.23660854995250702
0.6568028304921196,0.39960822722820766,0.23661375045776367
0.6571244773238983,0.39941262848751835,0.23662739992141724
0.657446124155677,0.39921722113502933,0.23663370311260223
0.6577677709874558,0.3990220048899755,0.23663438856601715
0.6580894178192345,0.3993157380254154,0.23665650188922882
0.6584110646510132,0.3991206643869077,0.23666280508041382
0.6587327114827919,0.3994140625,0.2366899996995926
0.6590543583145706,0.39921913128355296,0.2367614507675171
0.6593760051463493,0.39902439024390246,0.23678898811340332
0.659697651978128,0.3993174061433447,0.23681922256946564
0.6600192988099067,0.3996101364522417,0.23684334754943848
0.6603409456416854,0.3994154895275207,0.23691622912883759
0.6606625924734641,0.39922103213242455,0.2369779348373413
0.6609842393052429,0.3995133819951338,0.23699486255645752
0.6613058861370216,0.39931906614785995,0.23699919879436493
0.6616275329688003,0.39912493923189113,0.23707334697246552
0.661949179800579,0.39941690962099125,0.23713232576847076
0.6622708266323577,0.3992229237493929,0.23714616894721985
0.6625924734641364,0.3990291262135922,0.23716139793395996
0.6629141202959151,0.3988355167394469,0.2371949404478073
0.6632357671276938,0.39864209505334625,0.2372341752052307
0.6635574139594725,0.3984488608822104,0.2372654527425766
0.6638790607912513,0.39825581395348836,0.23727376759052277
0.66420070762303,0.3980629539951574,0.23729117214679718
0.6645223544548087,0.3983543078412391,0.23733460903167725
0.6648440012865873,0.39816158684083214,0.23734253644943237
0.665165648118366,0.3984526112185687,0.2373659759759903
0.6654872949501447,0.3982600289995167,0.23737257719039917
0.6658089417819234,0.39855072463768115,0.237378790974617
0.6661305886137021,0.39835828102366005,0.23741981387138367
0.6664522354454808,0.3981660231660232,0.23743103444576263
0.6667738822772595,0.3979739507959479,0.23744893074035645
0.6670955291090382,0.3982642237222758,0.23751461505889893
0.667417175940817,0.3980722891566265,0.23752059042453766
0.6677388227725957,0.3983622350674374,0.23752938210964203
0.6680604696043744,0.39817043813192105,0.23753848671913147
0.6683821164361531,0.3979788257940327,0.2375565469264984
0.6687037632679318,0.3977873977873978,0.23756162822246552
0.6690254100997105,0.3975961538461538,0.23758268356323242
0.6693470569314892,0.39740509370494953,0.23759816586971283
0.6696687037632679,0.3976945244956772,0.23761214315891266
0.6699903505950466,0.39798367738838214,0.2377510666847229
0.6703119974268253,0.3982725527831094,0.23775611817836761
0.6706336442586041,0.3985611510791367,0.23775875568389893
0.6709552910903828,0.39884947267497606,0.23776406049728394
0.6712769379221615,0.3986583612841399,0.2377999722957611
0.6715985847539402,0.39846743295019155,0.23780818283557892
0.6719202315857189,0.39827668741024413,0.23781049251556396
0.6722418784174976,0.3985645933014354,0.2378675937652588
0.6725635252492763,0.3983739837398374,0.23787270486354828
0.672885172081055,0.39818355640535374,0.23788194358348846
0.6732068189128337,0.3979933110367893,0.23788531124591827
0.6735284657446124,0.3982808022922636,0.2379104644060135
0.6738501125763912,0.39856801909307876,0.23799195885658264
0.6741717594081699,0.39837786259541985,0.2380746454000473
0.6744934062399486,0.3986647591797806,0.23809616267681122
0.6748150530717273,0.3984747378455672,0.23810692131519318
0.675136699903506,0.3987613149118628,0.2381170094013214
0.6754583467352847,0.39904761904761904,0.23812226951122284
0.6757799935670634,0.39933365064255116,0.2381746768951416
0.676101640398842,0.39914367269267365,0.2381829023361206
0.6764232872306207,0.39942938659058486,0.2382153421640396
0.6767449340623994,0.39923954372623577,0.23825137317180634
0.6770665808941781,0.3990498812351544,0.23826031386852264
0.6773882277259569,0.399335232668566,0.2382608950138092
0.6777098745577356,0.39914570479354533,0.2382688820362091
0.6780315213895143,0.3989563567362429,0.23827555775642395
0.678353168221293,0.3992413466097677,0.23828066885471344
0.6786748150530717,0.3990521327014218,0.238318532705307
0.6789964618848504,0.3988630980577925,0.23834916949272156
0.6793181087166291,0.39867424242424243,0.23834972083568573
0.6796397555484078,0.3984855655466162,0.23836620151996613
0.6799614023801865,0.39829706717123936,0.2383948713541031
0.6802830492119653,0.39858156028368796,0.23842422664165497
0.680604696043744,0.3983931947069943,0.23842808604240417
0.6809263428755227,0.39867737364194616,0.23845675587654114
0.6812479897073014,0.39896128423040605,0.23847737908363342
0.6815696365390801,0.3992449268522888,0.2385127693414688
0.6818912833708588,0.39905660377358493,0.23851412534713745
0.6822129302026375,0.3988684582743989,0.2385500818490982
0.6825345770344162,0.3986804901036758,0.2385779172182083
0.6828562238661949,0.39849269901083373,0.23858879506587982
0.6831778706979736,0.3983050847457627,0.23862643539905548
0.6834995175297524,0.3981176470588235,0.2386668622493744
0.6838211643615311,0.39793038570084666,0.23867012560367584
0.6841428111933098,0.39821344616831217,0.23870524764060974
0.6844644580250885,0.39849624060150374,0.2387385219335556
0.6847861048568672,0.39877876937529355,0.23874761164188385
0.6851077516886459,0.39906103286384975,0.23878884315490723
0.6854293985204246,0.3993430314406382,0.23879730701446533
0.6857510453522033,0.399155722326454,0.23880429565906525
0.686072692183982,0.39943741209563993,0.2388177216053009
0.6863943390157607,0.39971883786316775,0.23882482945919037
0.6867159858475395,0.4,0.23882609605789185
0.687037632679318,0.4002808988764045,0.23882855474948883
0.6873592795110968,0.400561534861956,0.23885978758335114
0.6876809263428755,0.4008419083255379,0.23899196088314056
0.6880025731746542,0.4011220196353436,0.23900091648101807
0.6883242200064329,0.4009345794392523,0.23900508880615234
0.6886458668382116,0.4012143858010276,0.23903228342533112
0.6889675136699903,0.40149393090569563,0.23904617130756378
0.689289160501769,0.40130657956136256,0.23905909061431885
0.6896108073335477,0.40111940298507465,0.23906013369560242
0.6899324541653264,0.4013986013986014,0.23911602795124054
0.6902541009971052,0.4016775396085741,0.23913341760635376
0.6905757478288839,0.4014904517931998,0.23914872109889984
0.6908973946606626,0.40130353817504655,0.23916858434677124
0.6912190414924413,0.40111679851093535,0.2391778826713562
0.69154068832422,0.40093023255813953,0.2392451912164688
0.6918623351559987,0.401208740120874,0.239289328455925
0.6921839819877774,0.4010223048327137,0.23931126296520233
0.6925056288195561,0.40083604273107293,0.2393488883972168
0.6928272756513348,0.4011142061281337,0.2393837720155716
0.6931489224831135,0.4013921113689095,0.23939789831638336
0.6934705693148923,0.40120593692022266,0.23939840495586395
0.693792216146671,0.4010199350950394,0.239402174949646
0.6941138629784497,0.4008341056533828,0.23942789435386658
0.6944355098102284,0.4006484483557202,0.239436075091362
0.6947571566420071,0.4009259259259259,0.23946502804756165
0.6950788034737858,0.4012031466913466,0.23946645855903625
0.6954004503055645,0.40148011100832565,0.23948456346988678
0.6957220971373432,0.4017568192325474,0.23949968814849854
0.6960437439691219,0.4020332717190388,0.2395133674144745
0.6963653908009007,0.4018475750577367,0.23951691389083862
0.6966870376326794,0.402123730378578,0.2395273745059967
0.6970086844644581,0.40239963082602676,0.23955005407333374
0.6973303312962368,0.4022140221402214,0.23963947594165802
0.6976519781280155,0.4024896265560166,0.2396797239780426
0.6979736249597941,0.4023041474654378,0.23968903720378876
0.6982952717915728,0.40211883924458774,0.23970703780651093
0.6986169186233515,0.40239410681399634,0.23972280323505402
0.6989385654551302,0.40220892774965483,0.2397749125957489
0.6992602122869089,0.40248390064397427,0.23978020250797272
0.6995818591186876,0.4027586206896552,0.23978671431541443
0.6999035059504664,0.4025735294117647,0.23982323706150055
0.7002251527822451,0.40238860817638955,0.23987869918346405
0.7005467996140238,0.40266299357208446,0.23988394439220428
0.7008684464458025,0.40247820100963744,0.23988594114780426
0.7011900932775812,0.4022935779816514,0.2399071753025055
0.7015117401093599,0.40256762952773956,0.23991549015045166
0.7018333869411386,0.40284142988084326,0.23992089927196503
0.7021550337729173,0.4031149793861658,0.23998072743415833
0.702476680604696,0.40293040293040294,0.23998333513736725
0.7027983274364747,0.40274599542334094,0.2400570660829544
0.7031199742682535,0.4025617566331198,0.2401091307401657
0.7034416211000322,0.4023776863283036,0.2401575744152069
0.7037632679318109,0.4026508226691042,0.24016644060611725
0.7040849147635896,0.4029237094563728,0.24019889533519745
0.7044065615953683,0.4031963470319635,0.24021679162979126
0.704728208427147,0.40346873573710634,0.24024033546447754
0.7050498552589257,0.4032846715328467,0.24024656414985657
0.7053715020907044,0.40355677154582764,0.24026811122894287
0.7056931489224831,0.4033728350045579,0.24030351638793945
0.7060147957542618,0.40364464692482915,0.24033206701278687
0.7063364425860406,0.4039162112932605,0.24039509892463684
0.7066580894178193,0.40373236231224396,0.24041619896888733
0.706979736249598,0.40400363967242947,0.2404271960258484
0.7073013830813767,0.4038199181446112,0.24045430123806
0.7076230299131554,0.4040909090909091,0.2404765784740448
0.7079446767449341,0.40390731485688325,0.24047720432281494
0.7082663235767128,0.40372388737511355,0.24048906564712524
0.7085879704084915,0.403994552882433,0.24049609899520874
0.7089096172402701,0.4042649727767695,0.24050073325634003
0.7092312640720488,0.40453514739229024,0.2405570149421692
0.7095529109038275,0.4043517679057117,0.24056211113929749
0.7098745577356063,0.4046216583597644,0.2405722737312317
0.710196204567385,0.4048913043478261,0.24064365029335022
0.7105178513991637,0.4047080126754187,0.24064888060092926
0.7108394982309424,0.40497737556561086,0.24068602919578552
0.7111611450627211,0.4052464947987336,0.24073131382465363
0.7114827918944998,0.4050632911392405,0.2407461404800415
0.7118044387262785,0.4053321283325802,0.24074895679950714
0.7121260855580572,0.4056007226738934,0.24075156450271606
0.7124477323898359,0.4058690744920993,0.24075667560100555
0.7127693792216147,0.40613718411552346,0.24077990651130676
0.7130910260533934,0.40640505187189896,0.24079135060310364
0.7134126728851721,0.4066726780883679,0.24079278111457825
0.7137343197169508,0.4064894096439838,0.2408658117055893
0.7140559665487295,0.40675675675675677,0.24087856709957123
0.7143776133805082,0.40657361548851867,0.2409178763628006
0.7146992602122869,0.4063906390639064,0.24092260003089905
0.7150209070440656,0.40620782726045884,0.2409593164920807
0.7153425538758443,0.4064748201438849,0.24098272621631622
0.715664200707623,0.4067415730337079,0.24099436402320862
0.7159858475394018,0.40700808625336926,0.2410186231136322
0.7163074943711805,0.4072743601257297,0.24102331697940826
0.7166291412029592,0.40754039497307004,0.24104751646518707
0.7169507880347379,0.4073575594436967,0.24105525016784668
0.7172724348665166,0.40762331838565025,0.2410842925310135
0.7175940816982953,0.40788883908561185,0.24108609557151794
0.717915728530074,0.4081541218637993,0.24113082885742188
0.7182373753618527,0.4084191670398567,0.24113759398460388
0.7185590221936314,0.40823634735899733,0.24114032089710236
0.7188806690254101,0.4085011185682327,0.24114708602428436
0.7192023158571889,0.4083184257602862,0.24117109179496765
0.7195239626889676,0.4085829235583371,0.24119003117084503
0.7198456095207462,0.40884718498659517,0.24121400713920593
0.7201672563525249,0.4086645824028584,0.2412407100200653
0.7204889031843036,0.40848214285714285,0.241288423538208
0.7208105500160823,0.40829986613119146,0.24132108688354492
0.721132196847861,0.4085637823371989,0.24136662483215332
0.7214538436796397,0.4083816317432011,0.24137252569198608
0.7217754905114184,0.40819964349376114,0.2413838505744934
0.7220971373431971,0.4084632516703786,0.24141941964626312
0.7224187841749758,0.40828138913624223,0.241423562169075
0.7227404310067546,0.40854472630173566,0.24148167669773102
0.7230620778385333,0.40880782918149466,0.24152332544326782
0.723383724670312,0.40907069808803914,0.24155747890472412
0.7237053715020907,0.4093333333333333,0.24158689379692078
0.7240270183338694,0.40915148822745445,0.2416311353445053
0.7243486651656481,0.40941385435168737,0.2417757660150528
0.7246703119974268,0.40967598757212603,0.24178510904312134
0.7249919588292055,0.40993788819875776,0.24178843200206757
0.7253136056609842,0.41019955654101997,0.2418321818113327
0.725635252492763,0.4104609929078014,0.2418351024389267
0.7259568993245417,0.4107221976074435,0.24183626472949982
0.7262785461563204,0.41054030115146145,0.24184399843215942
0.7266001929880991,0.41080123948649844,0.24185889959335327
0.7269218398198778,0.41061946902654867,0.24188067018985748
0.7272434866516565,0.41088014153029634,0.2419246882200241
0.7275651334834352,0.41114058355437666,0.24194328486919403
0.7278867803152139,0.41140079540433055,0.24198506772518158
0.7282084271469926,0.411660777385159,0.2420269399881363
0.7285300739787713,0.41147902869757175,0.24206842482089996
0.72885172081055,0.411297440423654,0.24207530915737152
0.7291733676423288,0.41155712395235994,0.24207977950572968
0.7294950144741075,0.4113756613756614,0.24211665987968445
0.7298166613058862,0.4111943587483473,0.24212223291397095
0.7301383081376649,0.41101321585903083,0.242125004529953
0.7304599549694436,0.4112725671510348,0.2421453595161438
0.7307816018012222,0.4110915492957746,0.24221140146255493
0.7311032486330009,0.41091069071711395,0.2422492355108261
0.7314248954647796,0.41072999120492526,0.24231351912021637
0.7317465422965583,0.4105494505494505,0.2423311322927475
0.732068189128337,0.4108084358523726,0.24235640466213226
0.7323898359601158,0.41106719367588934,0.2423730492591858
0.7327114827918945,0.4108867427568042,0.2424023598432541
0.7330331296236732,0.410706450197455,0.24243755638599396
0.7333547764554519,0.4105263157894737,0.24252952635288239
0.7336764232872306,0.41078474353353794,0.24253587424755096
0.7339980701190093,0.41060473269062225,0.2425805628299713
0.734319716950788,0.4108628996933859,0.2426195740699768
0.7346413637825667,0.4106830122591944,0.24262918531894684
0.7349630106143454,0.41094091903719915,0.24265018105506897
0.7352846574461241,0.4111986001749781,0.2426508367061615
0.7356063042779029,0.4114560559685177,0.24265088140964508
0.7359279511096816,0.4117132867132867,0.2426714152097702
0.7362495979414603,0.4119702927042377,0.24268394708633423
0.736571244773239,0.41179039301310044,0.24269212782382965
0.7368928916050177,0.411610650371017,0.24269942939281464
0.7372145384367964,0.4118673647469459,0.24270407855510712
0.7375361852685751,0.4121238552115133,0.24272127449512482
0.7378578321003538,0.41238012205754143,0.24274271726608276
0.7381794789321325,0.41263616557734206,0.2427678257226944
0.7385011257639112,0.4124564459930314,0.24278540909290314
0.73882277259569,0.41227688289072706,0.24278753995895386
0.7391444194274687,0.412532637075718,0.2427934855222702
0.7394660662592474,0.41235319704219225,0.24280576407909393
0.7397877130910261,0.4126086956521739,0.24287380278110504
0.7401093599228048,0.41286397218600607,0.24294623732566833
0.7404310067545835,0.41311902693310165,0.24295376241207123
0.7407526535863622,0.41293964394268345,0.2429886907339096
0.7410743004181409,0.4131944444444444,0.24307529628276825
0.7413959472499196,0.4134490238611714,0.24309633672237396
0.7417175940816984,0.4137033824804857,0.24312393367290497
0.742039240913477,0.4135240572171652,0.24314936995506287
0.7423608877452557,0.41334488734835356,0.24318546056747437
0.7426825345770344,0.4135989605889996,0.24323074519634247
0.7430041814088131,0.4134199134199134,0.24324250221252441
0.7433258282405918,0.4136737343141497,0.24325819313526154
0.7436474750723705,0.4134948096885813,0.24327941238880157
0.7439691219041492,0.4133160397751837,0.24328647553920746
0.7442907687359279,0.4135695764909248,0.2432938814163208
0.7446124155677066,0.41339092872570193,0.24329593777656555
0.7449340623994853,0.41321243523316065,0.24334117770195007
0.745255709231264,0.4134656883901597,0.24339129030704498
0.7455773560630428,0.41371872303710094,0.2433934509754181
0.7458990028948215,0.41354031910306166,0.24341343343257904
0.7462206497266002,0.41379310344827586,0.2434317022562027
0.7465422965583789,0.4140456699698406,0.24346409738063812
0.7468639433901576,0.41386735572782085,0.2434650957584381
0.7471855902219363,0.4136891950064572,0.2435271143913269
0.747507237053715,0.4139414802065404,0.24356575310230255
0.7478288838854937,0.41419354838709677,0.2436099797487259
0.7481505307172724,0.4140154772141015,0.243619903922081
0.7484721775490512,0.4142672969488612,0.24362696707248688
0.7487938243808299,0.41408934707903783,0.24370428919792175
0.7491154712126086,0.41434091884929153,0.243724063038826
0.7494371180443873,0.4145922746781116,0.2437373846769333
0.749758764876166,0.41484341484341486,0.24373933672904968
0.7500804117079447,0.41509433962264153,0.24377278983592987
0.7504020585397234,0.4153450492927561,0.24380046129226685
0.7507237053715021,0.4155955441302485,0.24382862448692322
0.7510453522032808,0.4158458244111349,0.24387314915657043
0.7513669990350595,0.4156678082191781,0.24387528002262115
0.7516886458668383,0.4159178433889602,0.2438902109861374
0.752010292698617,0.4161676646706587,0.24390406906604767
0.7523319395303957,0.41641727233860626,0.24394665658473969
0.7526535863621744,0.41623931623931626,0.2439887523651123
0.752975233193953,0.41648868005126016,0.24400800466537476
0.7532968800257317,0.41673783091374894,0.24403776228427887
0.7536185268575104,0.4165599658557405,0.24403822422027588
0.7539401736892891,0.41680887372013653,0.2440607100725174
0.7542618205210678,0.4170575692963753,0.24408568441867828
0.7545834673528465,0.41687979539641945,0.24415554106235504
0.7549051141846252,0.4171282488282914,0.24417105317115784
0.755226761016404,0.4169505962521295,0.2441905289888382
0.7555484078481827,0.4167730949340145,0.24419452250003815
0.7558700546799614,0.4165957446808511,0.2442225068807602
0.7561917015117401,0.4164185452998724,0.2442428022623062
0.7565133483435188,0.4166666666666667,0.244277223944664
0.7568349951752975,0.4169145771355716,0.24432143568992615
0.7571566420070762,0.41716227697536107,0.24433690309524536
0.7574782888388549,0.4169851380042463,0.24435725808143616
0.7577999356706336,0.41723259762309,0.2444077730178833
0.7581215825024124,0.41747984726347054,0.2444179803133011
0.7584432293341911,0.4173027989821883,0.24442748725414276
0.7587648761659698,0.4175498092412039,0.2444709986448288
0.7590865229977485,0.41779661016949154,0.24448846280574799
0.7594081698295272,0.4176196526895383,0.24451524019241333
0.7597298166613059,0.4174428450465707,0.2445489466190338
0.7600514634930846,0.4172661870503597,0.2446235716342926
0.7603731103248633,0.4170896785109983,0.2446550577878952
0.760694757156642,0.4169133192389006,0.24465733766555786
0.7610164039884207,0.4171597633136095,0.24465925991535187
0.7613380508201995,0.41698352344740175,0.2446601241827011
0.7616596976519782,0.41680743243243246,0.24466213583946228
0.7619813444837569,0.41705360911777123,0.24467289447784424
0.7623029913155356,0.41687763713080167,0.24467714130878448
0.7626246381473143,0.4171235765499789,0.24468138813972473
0.762946284979093,0.4173693086003373,0.24469134211540222
0.7632679318108717,0.41761483354403706,0.24469417333602905
0.7635895786426504,0.41743892165122154,0.24474091827869415
0.763911225474429,0.41726315789473684,0.2447412610054016
0.7642328723062077,0.41708754208754206,0.24479103088378906
0.7645545191379864,0.41691207404291125,0.24479253590106964
0.7648761659697652,0.41715727502102606,0.24480004608631134
0.7651978128015439,0.4169819251786465,0.24481716752052307
0.7655194596333226,0.41722689075630254,0.2448284775018692
0.7658411064651013,0.41705165896682067,0.2448498010635376
0.76616275329688,0.417296389588581,0.24485105276107788
0.7664844001286587,0.4175409148132606,0.24497419595718384
0.7668060469604374,0.4173657718120805,0.24502748250961304
0.7671276937922161,0.4176100628930818,0.2450461983680725
0.7674493406239948,0.4178541492036882,0.2450699508190155
0.7677709874557735,0.4176790950984499,0.24508516490459442
0.7680926342875523,0.41792294807370184,0.24509049952030182
0.768414281119331,0.41816659690246966,0.24511289596557617
0.7687359279511097,0.41841004184100417,0.24512729048728943
0.7690575747828884,0.41823504809703055,0.24512800574302673
0.7693792216146671,0.4180602006688963,0.2451295554637909
0.7697008684464458,0.4183033848725449,0.24513019621372223
0.7700225152782245,0.41812865497076024,0.2451344132423401
0.7703441621100032,0.4183716075156576,0.24515995383262634
0.7706658089417819,0.41819699499165275,0.2451951503753662
0.7709874557735606,0.41802252816020025,0.24522411823272705
0.7713091026053394,0.4178482068390325,0.24530178308486938
0.7716307494371181,0.4180908711963318,0.24532285332679749
0.7719523962688968,0.41833333333333333,0.24535758793354034
0.7722740431006755,0.41815910037484383,0.24545256793498993
0.7725956899324542,0.4184013322231474,0.24546922743320465
0.7729173367642329,0.4186433624635872,0.24555768072605133
0.7732389835960116,0.41888519134775376,0.24557019770145416
0.7735606304277903,0.41912681912681915,0.24560721218585968
0.773882277259569,0.41936824605153783,0.2457217127084732
0.7742039240913478,0.4196094723722476,0.2457338273525238
0.7745255709231265,0.41985049833887045,0.2457444816827774
0.7748472177549051,0.41967621419676215,0.245786651968956
0.7751688645866838,0.4195020746887967,0.24580909311771393
0.7754905114184625,0.41932807963500623,0.2458091527223587
0.7758121582502412,0.4191542288557214,0.24581016600131989
0.7761338050820199,0.419394944053046,0.24583353102207184
0.7764554519137986,0.41922120961060483,0.24594664573669434
0.7767770987455773,0.41904761904761906,0.2460218369960785
0.777098745577356,0.41887417218543044,0.24602648615837097
0.7774203924091347,0.4187008688456765,0.2460530698299408
0.7777420392409135,0.41894127377998347,0.24605758488178253
0.7780636860726922,0.41918147995039273,0.24618060886859894
0.7783853329044709,0.4194214876033058,0.24619430303573608
0.7787069797362496,0.41924824452705495,0.2461967021226883
0.7790286265680283,0.4190751445086705,0.24627622961997986
0.779350273399807,0.4193148988856789,0.2463126927614212
0.7796719202315857,0.41955445544554454,0.24631547927856445
0.7799935670633644,0.4197938144329897,0.24634912610054016
0.7803152138951431,0.41962077493816985,0.2463580220937729
0.7806368607269218,0.41944787803873096,0.24636894464492798
0.7809585075587006,0.41927512355848434,0.24637864530086517
0.7812801543904793,0.41951420337587486,0.24640104174613953
0.781601801222258,0.41934156378600823,0.24645596742630005
0.7819234480540367,0.4195804195804196,0.24649427831172943
0.7822450948858154,0.4194078947368421,0.24650858342647552
0.7825667417175941,0.4192355117139334,0.2465273141860962
0.7828883885493728,0.41947411668036155,0.24654725193977356
0.7832100353811515,0.4197125256673511,0.2465980350971222
0.7835316822129302,0.41954022988505746,0.2466253936290741
0.783853329044709,0.4193680755026672,0.24662546813488007
0.7841749758764877,0.4191960623461854,0.24666495621204376
0.7844966227082664,0.4194341943419434,0.24668200314044952
0.7848182695400451,0.4192622950819672,0.24671974778175354
0.7851399163718238,0.4190905366653011,0.246720090508461
0.7854615632036025,0.4189189189189189,0.24674329161643982
0.7857832100353811,0.41915677445763405,0.24674943089485168
0.7861048568671598,0.41939443535188214,0.24676556885242462
0.7864265036989385,0.41922290388548056,0.24681197106838226
0.7867481505307172,0.41905151267375307,0.24684329330921173
0.7870697973624959,0.41888026154474867,0.2468438744544983
0.7873914441942746,0.41911764705882354,0.24684707820415497
0.7877130910260534,0.41935483870967744,0.24688223004341125
0.7880347378578321,0.41959183673469386,0.24688687920570374
0.7883563846896108,0.41982864137086906,0.2469378411769867
0.7886780315213895,0.4200652528548124,0.24697403609752655
0.7889996783531682,0.42030167142274766,0.246998131275177
0.7893213251849469,0.4201303993480033,0.24704933166503906
0.7896429720167256,0.419959266802444,0.24706973135471344
0.7899646188485043,0.4197882736156352,0.247088223695755
0.790286265680283,0.42002442002442003,0.24709264934062958
0.7906079125120618,0.42026037428803903,0.2471141517162323
0.7909295593438405,0.42049613664091096,0.24713867902755737
0.7912512061756192,0.42073170731707316,0.2471470832824707
0.7915728530073979,0.42096708655018283,0.24717219173908234
0.7918944998391766,0.42120227457351744,0.24717997014522552
0.7922161466709553,0.42143727161997563,0.2471843957901001
0.792537793502734,0.4212662337662338,0.24723903834819794
0.7928594403345127,0.4210953346855984,0.24725373089313507
0.7931810871662914,0.4209245742092457,0.24727176129817963
0.7935027339980701,0.4207539521686259,0.24727274477481842
0.7938243808298489,0.4205834683954619,0.2473285049200058
0.7941460276616276,0.4208181449979749,0.24736832082271576
0.7944676744934063,0.4206477732793522,0.24740058183670044
0.794789321325185,0.4208822339133954,0.24740172922611237
0.7951109681569637,0.4211165048543689,0.2474343329668045
0.7954326149887424,0.42094621916700364,0.24746690690517426
0.7957542618205211,0.4211802748585287,0.2474924474954605
0.7960759086522998,0.4214141414141414,0.24749454855918884
0.7963975554840785,0.4212439418416801,0.24753545224666595
0.7967192023158571,0.4214775938635446,0.24753595888614655
0.7970408491476358,0.42171105730427766,0.2475363165140152
0.7973624959794146,0.42154094392900365,0.24753694236278534
0.7976841428111933,0.4213709677419355,0.24756912887096405
0.798005789642972,0.4212011285771866,0.24762430787086487
0.7983274364747507,0.42143432715551976,0.24766142666339874
0.7986490833065294,0.4212645992750705,0.24772946536540985
0.7989707301383081,0.4214975845410628,0.24774692952632904
0.7992923769700868,0.4217303822937626,0.24777477979660034
0.7996140238018655,0.42156074014481093,0.24784350395202637
0.7999356706336442,0.4213912344189787,0.2478887140750885
0.800257317465423,0.4212218649517685,0.24792048335075378
0.8005789642972017,0.42145439935717155,0.24797026813030243
0.8009006111289804,0.42168674698795183,0.2479824721813202
0.8012222579607591,0.42151746286631875,0.2480299472808838
0.8015439047925378,0.42174959871589085,0.2480691522359848
0.8018655516243165,0.4215804251905335,0.24810203909873962
0.8021871984560952,0.42181234963913394,0.24810610711574554
0.8025088452878739,0.4220440881763527,0.24816398322582245
0.8028304921196526,0.421875,0.24816517531871796
0.8031521389514313,0.4221065278334001,0.24818754196166992
0.80347378578321,0.42193755004003203,0.24819841980934143
0.8037954326149888,0.4221688675470188,0.2482733577489853
0.8041170794467675,0.4224,0.24832868576049805
0.8044387262785462,0.4226309476209516,0.24835556745529175
0.8047603731103249,0.4228617106314948,0.2483985424041748
0.8050820199421036,0.42269276867758687,0.24843505024909973
0.8054036667738823,0.4229233226837061,0.2484932541847229
0.805725313605661,0.4227544910179641,0.24856072664260864
0.8060469604374397,0.4229848363926576,0.24858328700065613
0.8063686072692184,0.4232149980055844,0.2485887110233307
0.8066902541009972,0.4230462519936204,0.24860358238220215
0.8070119009327759,0.42287764049422083,0.24862492084503174
0.8073335477645546,0.42270916334661357,0.24863415956497192
0.8076551945963333,0.42254082039028273,0.24863608181476593
0.8079768414281119,0.42277070063694266,0.2486644983291626
0.8082984882598906,0.4226024671707123,0.24870096147060394
0.8086201350916693,0.4224343675417661,0.2487095296382904
0.808941781923448,0.4226640159045726,0.24877715110778809
0.8092634287552267,0.42289348171701113,0.24880638718605042
0.8095850755870054,0.4231227651966627,0.24882039427757263
0.8099067224187841,0.4233518665607625,0.2488338053226471
0.8102283692505629,0.42358078602620086,0.2488609254360199
0.8105500160823416,0.4238095238095238,0.24889256060123444
0.8108716629141203,0.42364141213804046,0.24892333149909973
0.811193309745899,0.4238699444885012,0.24894393980503082
0.8115149565776777,0.42409829567974633,0.24895061552524567
0.8118366034094564,0.42393026941362916,0.24896734952926636
0.8121582502412351,0.42415841584158415,0.24902509152889252
0.8124798970730138,0.42399049881235157,0.24903710186481476
0.8128015439047925,0.42382271468144045,0.24913842976093292
0.8131231907365712,0.4240506329113924,0.24921554327011108
0.81344483756835,0.42427837089758796,0.24921907484531403
0.8137664844001287,0.42450592885375493,0.24923007190227509
0.8140881312319074,0.4243382062425919,0.24925172328948975
0.8144097780636861,0.42417061611374407,0.2492530792951584
0.8147314248954648,0.4243979470983024,0.24926966428756714
0.8150530717272435,0.42423046566692973,0.24935282766819
0.8153747185590222,0.4240631163708087,0.2494451403617859
0.8156963653908009,0.4242902208201893,0.24947215616703033
0.8160180122225796,0.42451714623571146,0.2494819611310959
0.8163396590543583,0.4247438928289992,0.24950942397117615
0.8166613058861371,0.42497046081134304,0.24952667951583862
0.8169829527179158,0.4251968503937008,0.24953247606754303
0.8173045995496945,0.42502951593860683,0.24956248700618744
0.8176262463814732,0.42486231313926043,0.2495880424976349
0.8179478932132519,0.42469524184034607,0.24965126812458038
0.8182695400450306,0.42452830188679247,0.24966594576835632
0.8185911868768093,0.4243614931237721,0.24967072904109955
0.8189128337085879,0.42458758837391986,0.24972523748874664
0.8192344805403666,0.4244208873184138,0.24972893297672272
0.8195561273721453,0.42425431711145994,0.24973411858081818
0.819877774203924,0.42448018830914086,0.24974648654460907
0.8201994210357028,0.42470588235294116,0.24978794157505035
0.8205210678674815,0.4245393963151705,0.2498106062412262
0.8208427146992602,0.42476489028213166,0.24987898766994476
0.8211643615310389,0.42499020759890327,0.24993984401226044
0.8214860083628176,0.42482380579483164,0.24994632601737976
0.8218076551945963,0.4246575342465753,0.2499963343143463
0.822129302026375,0.42488262910798125,0.25002187490463257
0.8224509488581537,0.4247164646069613,0.25004592537879944
0.8227725956899324,0.4245504300234558,0.25008806586265564
0.8230942425217112,0.42477530285267684,0.2501037120819092
0.8234158893534899,0.425,0.2501300573348999
0.8237375361852686,0.42483404919953144,0.25016024708747864
0.8240591830170473,0.4246682279469165,0.25018733739852905
0.824380829848826,0.4248927038626609,0.25024348497390747
0.8247024766806047,0.4247269890795632,0.2502453327178955
0.8250241235123834,0.4249512670565302,0.2502828538417816
0.8253457703441621,0.42517537022603274,0.2502868175506592
0.8256674171759408,0.4250097389949357,0.2502966821193695
0.8259890640077195,0.4252336448598131,0.2504425644874573
0.8263107108394983,0.4250681198910082,0.25045865774154663
0.826632357671277,0.4252918287937743,0.2504640221595764
0.8269540045030557,0.42551536367172305,0.2504766583442688
0.8272756513348344,0.42534992223950235,0.2504846751689911
0.8275972981666131,0.4255732607850758,0.25049999356269836
0.8279189449983918,0.4254079254079254,0.2505301535129547
0.8282405918301705,0.42563106796116507,0.2505628168582916
0.8285622386619492,0.42585403726708076,0.25056326389312744
0.8288838854937279,0.42568878540939076,0.2505743205547333
0.8292055323255066,0.42552366175329714,0.2505822777748108
0.8295271791572854,0.42535866614967044,0.25066280364990234
0.829848825989064,0.4251937984496124,0.2507707476615906
0.8301704728208427,0.4254165052305308,0.2507837414741516
0.8304921196526214,0.42563903950426024,0.2508222758769989
0.8308137664844001,0.4258614014711576,0.2508262097835541
0.8311354133161788,0.42569659442724456,0.25087079405784607
0.8314570601479575,0.425531914893617,0.25087690353393555
0.8317787069797362,0.4253673627223511,0.2508855164051056
0.8321003538115149,0.42520293776575185,0.2509150803089142
0.8324220006432936,0.42542503863987635,0.2509319484233856
0.8327436474750723,0.42526071842410196,0.25093939900398254
0.8330652943068511,0.4250965250965251,0.2509568929672241
0.8333869411386298,0.4253184098803551,0.25102904438972473
0.8337085879704085,0.4255401234567901,0.2510928511619568
0.8340302348021872,0.4257616660239105,0.2511008083820343
0.8343518816339659,0.42598303777949115,0.2511040270328522
0.8346735284657446,0.42620423892100195,0.2511337995529175
0.8349951752975233,0.42604006163328195,0.25114619731903076
0.835316822129302,0.4262610704659222,0.2511633634567261
0.8356384689610807,0.42609699769053117,0.25119873881340027
0.8359601157928594,0.42593305117352825,0.2512702941894531
0.8362817626246382,0.42615384615384616,0.25130578875541687
0.8366034094564169,0.4259900038446751,0.2513226866722107
0.8369250562881956,0.42621060722521137,0.25133615732192993
0.8372467031199743,0.42643104110641566,0.25140970945358276
0.837568349951753,0.42665130568356374,0.2514163553714752
0.8378899967835317,0.4264875239923225,0.25142842531204224
0.8382116436153104,0.42670759785111284,0.2514456808567047
0.8385332904470891,0.4265439202148063,0.25147825479507446
0.8388549372788678,0.4267638036809816,0.25148749351501465
0.8391765841106466,0.4266002299731698,0.25150740146636963
0.8394982309424253,0.42681992337164754,0.251519113779068
0.839819877774204,0.4270394484871697,0.2515418231487274
0.8401415246059827,0.4268759571209801,0.2515523433685303
0.8404631714377614,0.42709529276693453,0.25159332156181335
0.84078481826954,0.4273144605967865,0.2516027092933655
0.8411064651013187,0.42715105162523903,0.2516340911388397
0.8414281119330974,0.42737003058103973,0.25166353583335876
0.8417497587648761,0.4275888421857088,0.2517094016075134
0.8420714055966548,0.42780748663101603,0.2517150044441223
0.8423930524284335,0.42802596410843835,0.2517334520816803
0.8427146992602123,0.42824427480916033,0.2517995834350586
0.843036346091991,0.42808088515833653,0.2518237233161926
0.8433579929237697,0.4279176201372998,0.2518937587738037
0.8436796397555484,0.42775447960350743,0.25197330117225647
0.8440012865873271,0.42797256097560976,0.2520492374897003
0.8443229334191058,0.4281904761904762,0.25208112597465515
0.8446445802508845,0.4284082254379284,0.2520816922187805
0.8449662270826632,0.4286258089074991,0.2520972490310669
0.8452878739144419,0.4284627092846271,0.2521063983440399
0.8456095207462206,0.42829973373906427,0.25213080644607544
0.8459311675779994,0.4285171102661597,0.2522082030773163
0.8462528144097781,0.42873432155074115,0.25226035714149475
0.8465744612415568,0.428951367781155,0.25232771039009094
0.8468961080733355,0.42878845423471323,0.2523382008075714
0.8472177549051142,0.4286256643887623,0.25235527753829956
0.8475394017368929,0.4284629981024668,0.25236982107162476
0.8478610485686716,0.4283004552352049,0.25242292881011963
0.8481826954004503,0.42813803564656805,0.25243228673934937
0.848504342232229,0.42835481425322214,0.25246578454971313
0.8488259890640077,0.42857142857142855,0.2525004744529724
0.8491476358957865,0.4287878787878788,0.252534955739975
0.8494692827275652,0.4290041650889814,0.25254732370376587
0.8497909295593439,0.429220287660863,0.25255411863327026
0.8501125763911226,0.42905788876276957,0.25255444645881653
0.8504342232229013,0.4288956127080182,0.2525816261768341
0.85075587005468,0.42911153119092627,0.25263622403144836
0.8510775168864587,0.4293272864701436,0.2526363134384155
0.8513991637182374,0.42916509255761237,0.25263744592666626
0.851720810550016,0.42938066465256797,0.25264087319374084
0.8520424573817947,0.4292185730464326,0.2526499927043915
0.8523641042135734,0.4294339622641509,0.2526814937591553
0.8526857510453522,0.4296491889852886,0.25268295407295227
0.8530073978771309,0.42948717948717946,0.2526830732822418
0.8533290447089096,0.42970222389747453,0.25271937251091003
0.8536506915406883,0.42991710625470986,0.25272953510284424
0.853972338372467,0.43013182674199624,0.2528282403945923
0.8542939852042457,0.4299698795180723,0.2528327405452728
0.8546156320360244,0.4301844185171246,0.252839595079422
0.8549372788678031,0.43002257336343114,0.2528700828552246
0.8552589256995818,0.43023693117713424,0.2529841959476471
0.8555805725313606,0.43045112781954886,0.2530011534690857
0.8559022193631393,0.4306651634723788,0.253009170293808
0.856223866194918,0.43050338091660406,0.2530200481414795
0.8565455130266967,0.4303417198648141,0.25307008624076843
0.8568671598584754,0.4305555555555556,0.25316646695137024
0.8571888066902541,0.4307692307692308,0.253275066614151
0.8575104535220328,0.43060765191297823,0.25329333543777466
0.8578321003538115,0.43082114735658045,0.25332191586494446
0.8581537471855902,0.43103448275862066,0.25335389375686646
0.8584753940173689,0.43124765829898837,0.25336164236068726
0.8587970408491477,0.4314606741573034,0.25338196754455566
0.8591186876809264,0.43129913889928867,0.25339171290397644
0.8594403345127051,0.4315119760479042,0.25342267751693726
0.8597619813444838,0.43172465394687615,0.2534779906272888
0.8600836281762625,0.43156320119670905,0.2534826099872589
0.8604052750080412,0.4314018691588785,0.2534931004047394
0.8607269218398199,0.4312406576980568,0.25363266468048096
0.8610485686715986,0.4310795666791184,0.2536516487598419
0.8613702155033773,0.4312920089619119,0.25368648767471313
0.861691862335156,0.4315042926465099,0.2537226974964142
0.8620135091669348,0.43134328358208956,0.25375717878341675
0.8623351559987135,0.43155538977993285,0.2537775933742523
0.8626568028304921,0.4313944817300522,0.25388839840888977
0.8629784496622708,0.4316064107342527,0.2539067268371582
0.8633000964940495,0.4314456035767511,0.2539210021495819
0.8636217433258282,0.43165735567970204,0.25393837690353394
0.8639433901576069,0.43149664929262843,0.25396624207496643
0.8642650369893856,0.4313360625232601,0.2540092170238495
0.8645866838211643,0.43154761904761907,0.254041463136673
0.864908330652943,0.43138713276310897,0.2540610730648041
0.8652299774847217,0.4312267657992565,0.25408151745796204
0.8655516243165005,0.43106651802303975,0.25409093499183655
0.8658732711482792,0.4312778603268945,0.2541016638278961
0.8661949179800579,0.43148904567396956,0.25411298871040344
0.8665165648118366,0.43132887899034894,0.2541418969631195
0.8668382116436153,0.43153988868274584,0.2541796863079071
0.867159858475394,0.431379821958457,0.25418490171432495
0.8674815053071727,0.43121987393400074,0.2542339563369751
0.8678031521389514,0.4314306893995552,0.25429946184158325
0.8681247989707301,0.43164134864764725,0.2543160021305084
0.8684464458025088,0.43148148148148147,0.25441938638687134
0.8687680926342876,0.4313217326915957,0.2544558048248291
0.8690897394660663,0.43153219837157664,0.2544601857662201
0.869411386297845,0.43137254901960786,0.2544782757759094
0.8697330331296237,0.4312130177514793,0.25448161363601685
0.8700546799614024,0.4310536044362292,0.2545326352119446
0.8703763267931811,0.43089430894308944,0.25463223457336426
0.8706979736249598,0.43073513114148504,0.25464344024658203
0.8710196204567385,0.43057607090103395,0.25468218326568604
0.8713412672885172,0.43078626799557035,0.2547154426574707
0.871662914120296,0.4309963099630996,0.2548515200614929
0.8719845609520747,0.43083732939874586,0.25499120354652405
0.8723062077838534,0.4306784660766962,0.2550068795681
0.8726278546156321,0.4305197198673056,0.2550596594810486
0.8729495014474108,0.4307295504789978,0.255060076713562
0.8732711482791895,0.430939226519337,0.2551436126232147
0.8735927951109682,0.43078055964653905,0.25519174337387085
0.8739144419427468,0.43099006256900996,0.25521281361579895
0.8742360887745255,0.4311994113318617,0.2552151679992676
0.8745577356063042,0.4314086061051857,0.25525137782096863
0.8748793824380829,0.43125,0.25525185465812683
0.8752010292698617,0.4314590224182286,0.2553270757198334
0.8755226761016404,0.4313005143277002,0.25533726811408997
0.8758443229334191,0.4315093646713184,0.2553594708442688
0.8761659697651978,0.43171806167400884,0.2553606629371643
0.8764876165969765,0.43192660550458717,0.25542059540748596
0.8768092634287552,0.43213499633162145,0.2554437220096588
0.8771309102605339,0.43234323432343236,0.2554505169391632
0.8774525570923126,0.43255131964809385,0.25546035170555115
0.8777742039240913,0.4327592524734335,0.25548693537712097
0.87809585075587,0.4326007326007326,0.255515456199646
0.8784174975876488,0.43244232881728306,0.2555238604545593
0.8787391444194275,0.43265007320644217,0.25556522607803345
0.8790607912512062,0.4328576655689718,0.2556281089782715
0.8793824380829849,0.43269934162399415,0.25568583607673645
0.8797040849147636,0.43290676416819013,0.25569602847099304
0.8800257317465423,0.4331140350877193,0.2557118237018585
0.880347378578321,0.432955791012057,0.25571495294570923
0.8806690254100997,0.4331628926223521,0.2557237148284912
0.8809906722418784,0.4330047462577583,0.2557459771633148
0.8813123190736571,0.4332116788321168,0.25575700402259827
0.8816339659054359,0.43305363006202113,0.25580593943595886
0.8819556127372146,0.43326039387308535,0.25580674409866333
0.8822772595689933,0.4331024425811156,0.25581759214401245
0.882598906400772,0.43330903790087466,0.2558262050151825
0.8829205532325507,0.4331511839708561,0.2558272182941437
0.8832422000643294,0.43299344501092496,0.2558308243751526
0.8835638468961081,0.43283582089552236,0.25588279962539673
0.8838854937278868,0.4326783114992722,0.25588682293891907
0.8842071405596655,0.43252091669698073,0.25590163469314575
0.8845287873914442,0.43236363636363634,0.25596240162849426
0.8848504342232228,0.43256997455470736,0.2559933662414551
0.8851720810550016,0.4327761627906977,0.25602635741233826
0.8854937278867803,0.43298220123501635,0.25603145360946655
0.885815374718559,0.4328249818445897,0.2560339570045471
0.8861370215503377,0.4326678765880218,0.25610417127609253
0.8864586683821164,0.432510885341074,0.25613781809806824
0.8867803152138951,0.43271672107363074,0.2561472952365875
0.8871019620456738,0.4325598259608412,0.25616011023521423
0.8874236088774525,0.4324030445813701,0.25622984766960144
0.8877452557092312,0.4322463768115942,0.25623390078544617
0.88806690254101,0.43208982252806954,0.25623947381973267
0.8883885493727887,0.43229543808834175,0.2563266456127167
0.8887101962045674,0.4325009048136084,0.2563852071762085
0.8890318430363461,0.43270622286541244,0.25641486048698425
0.8893534898681248,0.43291139240506327,0.2564253509044647
0.8896751366999035,0.433116413593637,0.2564461827278137
0.8899967835316822,0.4333212865919769,0.2564665675163269
0.8903184303634609,0.4331647398843931,0.2564910054206848
0.8906400771952396,0.4330083062477429,0.25662416219711304
0.8909617240270183,0.4332129963898917,0.2566930055618286
0.891283370858797,0.43341753879465894,0.25674518942832947
0.8916050176905758,0.43362193362193363,0.2567741274833679
0.8919266645223545,0.433465560764515,0.2567879259586334
0.8922483113541332,0.4336697909156453,0.2567969858646393
0.8925699581859119,0.4338738738738739,0.25681668519973755
0.8928916050176906,0.43371757925072046,0.25684496760368347
0.8932132518494693,0.43356139719121356,0.25684940814971924
0.893534898681248,0.43376529877609793,0.2569626271724701
0.8938565455130267,0.4339690536164088,0.2569883167743683
0.8941781923448054,0.43381294964028777,0.256996214389801
0.8944998391765842,0.4336569579288026,0.25703200697898865
0.8948214860083629,0.4338605319913731,0.2570517659187317
0.8951431328401416,0.43370463528566294,0.2570592164993286
0.8954647796719203,0.43354885057471265,0.2571490406990051
0.8957864265036989,0.4333931777378815,0.25717693567276
0.8961080733354776,0.4335965541995693,0.25724291801452637
0.8964297201672563,0.4334409759598134,0.2573154866695404
0.896751366999035,0.4336441893830703,0.25736474990844727
0.8970730138308137,0.43384725708139116,0.2573966979980469
0.8973946606625924,0.4336917562724014,0.25741204619407654
0.8977163074943711,0.4338946614116804,0.25742143392562866
0.8980379543261499,0.4340974212034384,0.25742635130882263
0.8983596011579286,0.4339419978517723,0.25746235251426697
0.8986812479897073,0.4337866857551897,0.2574961185455322
0.899002894821486,0.4339892665474061,0.25750476121902466
0.8993245416532647,0.43383404864091557,0.25752148032188416
0.8996461884850434,0.4336789417232749,0.25752580165863037
0.8999678353168221,0.43352394567548247,0.25755059719085693
0.9002894821486008,0.43372633083244017,0.2576586902141571
0.9006111289803795,0.43357142857142855,0.2576773762702942
0.9009327758121582,0.43341663691538734,0.2576979994773865
0.901254422643937,0.4336188436830835,0.25770971179008484
0.9015760694757157,0.43346414555833035,0.2577551603317261
0.9018977163074944,0.4333095577746077,0.25785863399505615
0.9022193631392731,0.43315508021390375,0.25788700580596924
0.9025410099710518,0.4333570919458304,0.25788766145706177
0.9028626568028305,0.43320270751692197,0.25793135166168213
0.9031843036346092,0.43304843304843305,0.2579578161239624
0.9035059504663879,0.43289426842292633,0.257999449968338
0.9038275972981666,0.4327402135231317,0.2580050826072693
0.9041492441299454,0.4325862682319459,0.2580684721469879
0.9044708909617241,0.43278805120910385,0.2581053376197815
0.9047925377935028,0.43263419836473516,0.2581598162651062
0.9051141846252815,0.43248045486851455,0.2581671178340912
0.9054358314570602,0.4326820603907638,0.2581695020198822
0.9057574782888389,0.4328835227272727,0.2581745386123657
0.9060791251206176,0.43308484203052894,0.25822216272354126
0.9064007719523963,0.43293115684882894,0.2582225203514099
0.9067224187841749,0.4331323164242639,0.2582428753376007
0.9070440656159536,0.43333333333333335,0.25830191373825073
0.9073657124477323,0.43353420772775614,0.2584467828273773
0.907687359279511,0.43373493975903615,0.2584594488143921
0.9080090061112898,0.43358129649309246,0.25850585103034973
0.9083306529430685,0.4337818696883853,0.2585180699825287
0.9086522997748472,0.43398230088495576,0.25857478380203247
0.9089739466066259,0.43418259023354566,0.25862476229667664
0.9092955934384046,0.4340290060134418,0.2586442828178406
0.9096172402701833,0.4338755304101839,0.25865843892097473
0.909938887101962,0.4337221633085896,0.25872576236724854
0.9102605339337407,0.43392226148409896,0.2587319016456604
0.9105821807655194,0.43376898622394916,0.2587759494781494
0.9109038275972982,0.4336158192090395,0.2588329613208771
0.9112254744290769,0.43346276032474407,0.25884926319122314
0.9115471212608556,0.43366266760762173,0.2588542103767395
0.9118687680926343,0.43386243386243384,0.2588568925857544
0.912190414924413,0.43370944992947813,0.25897112488746643
0.9125120617561917,0.4335565738456116,0.2591426372528076
0.9128337085879704,0.43375616631430586,0.259291410446167
0.9131553554197491,0.4336033814723494,0.2592923045158386
0.9134770022515278,0.43380281690140843,0.2593098282814026
0.9137986490833065,0.4336501231960577,0.25931334495544434
0.9141202959150853,0.4338494018296974,0.2593296468257904
0.914441942746864,0.4340485402743581,0.2593379318714142
0.9147635895786427,0.43424753867791843,0.2593918442726135
0.9150852364104214,0.43409490333919154,0.25939226150512695
0.9154068832422001,0.4342937456078707,0.2593938410282135
0.9157285300739788,0.43449244819107835,0.2594061493873596
0.9160501769057575,0.43469101123595505,0.2594452202320099
0.9163718237375362,0.4348894348894349,0.2595226764678955
0.9166934705693149,0.43473684210526314,0.2595507800579071
0.9170151174010936,0.4345843563661873,0.2595891058444977
0.9173367642328724,0.43478260869565216,0.25969162583351135
0.917658411064651,0.4349807220469681,0.25972893834114075
0.9179800578964297,0.4351786965662228,0.2597671449184418
0.9183017047282084,0.4350262697022767,0.2597689926624298
0.9186233515599871,0.43522408963585435,0.25983715057373047
0.9189449983917658,0.43542177108855445,0.25984886288642883
0.9192666452235445,0.4352694191742477,0.2598522901535034
0.9195882920553232,0.4354669464847849,0.2598617970943451
0.9199099388871019,0.4353146853146853,0.25989052653312683
0.9202315857188806,0.435162530583712,0.25998345017433167
0.9205532325506594,0.43535988819007687,0.260131299495697
0.9208748793824381,0.4352078239608802,0.26020076870918274
0.9211965262142168,0.4354050279329609,0.26020359992980957
0.9215181730459955,0.4356020942408377,0.2602110803127289
0.9218398198777742,0.4357990230286113,0.26024696230888367
0.9221614667095529,0.43564701778862924,0.2603256404399872
0.9224831135413316,0.43584379358437936,0.2603329122066498
0.9228047603731103,0.4360404322063437,0.26033735275268555
0.923126407204889,0.4362369337979094,0.26038920879364014
0.9234480540366677,0.43608498780912575,0.26041287183761597
0.9237697008684465,0.4362813370473538,0.26044344902038574
0.9240913477002252,0.43612948137835017,0.26050102710723877
0.9244129945320039,0.4363256784968685,0.2605230510234833
0.9247346413637826,0.43617391304347825,0.26055699586868286
0.9250562881955613,0.43602225312934634,0.26065072417259216
0.92537793502734,0.4362182829336114,0.26066577434539795
0.9256995818591187,0.4364141765114663,0.2608169615268707
0.9260212286908974,0.4366099340048628,0.2608301341533661
0.9263428755226761,0.43645833333333334,0.26095080375671387
0.9266645223544548,0.43665393960430404,0.26099568605422974
0.9269861691862336,0.4365024288688411,0.26104670763015747
0.9273078160180123,0.43669788414845645,0.26104748249053955
0.927629462849791,0.43654646324549234,0.26108518242836
0.9279511096815697,0.4363951473136915,0.2610859274864197
0.9282727565133484,0.4365904365904366,0.26119092106819153
0.928594403345127,0.43643921025285765,0.2612103223800659
0.9289160501769057,0.4362880886426593,0.26121705770492554
0.9292376970086844,0.43613707165109034,0.2612802982330322
0.9295593438404631,0.43633217993079587,0.2612885534763336
0.9298809906722418,0.4361812521618817,0.2613011598587036
0.9302026375040205,0.436030428769018,0.2613504230976105
0.9305242843357993,0.4362253715865883,0.2614552676677704
0.930845931167578,0.4364201796821009,0.26173198223114014
0.9311675779993567,0.43626943005181346,0.2618563771247864
0.9314892248311354,0.43646408839779005,0.26186516880989075
0.9318108716629141,0.4363134276838108,0.2618960440158844
0.9321325184946928,0.4361628709454796,0.2620146572589874
0.9324541653264715,0.4363573646084857,0.2620195150375366
0.9327758121582502,0.43655172413793103,0.2620299458503723
0.9330974589900289,0.4364012409513961,0.26203322410583496
0.9334191058218076,0.43625086147484493,0.26211661100387573
0.9337407526535864,0.43644505683775403,0.2622829079627991
0.9340623994853651,0.43629476584022037,0.2623532712459564
0.9343840463171438,0.4364888123924269,0.26256585121154785
0.9347056931489225,0.4363386097728837,0.2625809609889984
0.9350273399807012,0.43653250773993807,0.2626282870769501
0.9353489868124799,0.43672627235213207,0.2626338303089142
0.9356706336442586,0.4365761430044689,0.2626716196537018
0.9359922804760373,0.436426116838488,0.2627718150615692
0.936313927307816,0.436276193747853,0.2628473937511444
0.9366355741395948,0.4364697802197802,0.26285800337791443
0.9369572209713735,0.43666323377960864,0.26287949085235596
0.9372788678031522,0.4365133836650652,0.262900710105896
0.9376005146349309,0.43636363636363634,0.2630091607570648
0.9379221614667096,0.43655692729766804,0.26314404606819153
0.9382438082984883,0.4364072677408296,0.2631811797618866
0.938565455130267,0.43660041124057575,0.2632509768009186
0.9388871019620457,0.4364508393285372,0.2633514106273651
0.9392087487938244,0.4366438356164384,0.2633679211139679
0.9395303956256031,0.43683669976035605,0.26340121030807495
0.9398520424573817,0.43702943189596166,0.26340848207473755
0.9401736892891605,0.43687991789257613,0.26353755593299866
0.9404953361209392,0.43673050615595077,0.2635714113712311
0.9408169829527179,0.4369230769230769,0.26360493898391724
0.9411386297844966,0.43711551606288446,0.2637922763824463
0.9414602766162753,0.4373078237102836,0.2639419138431549
0.941781923448054,0.4371584699453552,0.26395872235298157
0.9421035702798327,0.43700921816319566,0.26403293013572693
0.9424252171116114,0.43686006825938567,0.2640511691570282
0.9427468639433901,0.43705220061412486,0.26406601071357727
0.9430685107751688,0.43724420190995905,0.26418814063072205
0.9433901576069476,0.43709512444595977,0.2642078399658203
0.9437118044387263,0.4372869802317655,0.2642561197280884
0.944033451270505,0.4374787052810903,0.2643868327140808
0.9443550981022837,0.4376702997275204,0.26446136832237244
0.9446767449340624,0.4375212802179094,0.2645062506198883
0.9449983917658411,0.43771272974812797,0.2645176649093628
0.9453200385976198,0.43790404899625723,0.26452261209487915
0.9456416854293985,0.4377551020408163,0.2645396888256073
0.9459633322611772,0.4379462767766066,0.2646053433418274
0.946284979092956,0.438137321549966,0.26461875438690186
0.9466066259247347,0.4379884471627591,0.26474663615226746
0.9469282727565134,0.438179347826087,0.26475638151168823
0.9472499195882921,0.43837011884550087,0.2647707462310791
0.9475715664200708,0.4382213170400543,0.26479512453079224
0.9478932132518495,0.43807261621988464,0.26483482122421265
0.9482148600836282,0.4379240162822252,0.26484328508377075
0.9485365069154069,0.43777551712444895,0.2648959457874298
0.9488581537471856,0.43796610169491523,0.26490962505340576
0.9491798005789643,0.4378176889190105,0.26503631472587585
0.949501447410743,0.43766937669376693,0.26504307985305786
0.9498230942425218,0.43785980358956994,0.2650638520717621
0.9501447410743005,0.43771157752200407,0.26527175307273865
0.9504663879060792,0.43790186125211505,0.265400767326355
0.9507880347378578,0.43775372124492556,0.2654989957809448
0.9511096815696365,0.4376056814338857,0.26560863852500916
0.9514313284014152,0.4374577417173766,0.26564252376556396
0.9517529752331939,0.43764785400473133,0.26577287912368774
0.9520746220649726,0.43783783783783786,0.2660426199436188
0.9523962688967513,0.4380276933468423,0.2661840319633484
0.95271791572853,0.43787981093855505,0.2665065824985504
0.9530395625603088,0.43773202834964564,0.266553670167923
0.9533612093920875,0.4375843454790823,0.266579806804657
0.9536828562238662,0.43777403035413154,0.26659002900123596
0.9540045030556449,0.43796358732299395,0.2669995427131653
0.9543261498874236,0.4378159757330637,0.2670402228832245
0.9546477967192023,0.4380053908355795,0.2670508325099945
0.954969443550981,0.4381946783428764,0.2671830654144287
0.9552910903827597,0.4383838383838384,0.26724040508270264
0.9556127372145384,0.43823628407943455,0.26726964116096497
0.9559343840463171,0.43842530282637954,0.26735731959342957
0.9562560308780959,0.4386141944164144,0.26736220717430115
0.9565776777098746,0.4388029589778077,0.2673835754394531
0.9568993245416533,0.43865546218487395,0.267642617225647
0.957220971373432,0.4388440860215054,0.2678881883621216
0.9575426182052107,0.43903258313738663,0.2680121064186096
0.9578642650369894,0.4392209536601746,0.2680172324180603
0.9581859118687681,0.4390735146022155,0.2680210471153259
0.9585075587005468,0.43926174496644294,0.26805636286735535
0.9588292055323255,0.43911439114391143,0.2680593729019165
0.9591508523641042,0.43930248155600266,0.2681109607219696
0.959472499195883,0.4394904458598726,0.2681381404399872
0.9597941460276617,0.439343163538874,0.2681672275066376
0.9601157928594404,0.4391959798994975,0.26818299293518066
0.9604374396912191,0.4390488948425988,0.26819533109664917
0.9607590865229978,0.4392366923334449,0.26831522583961487
0.9610807333547765,0.43942436412315933,0.26832300424575806
0.9614023801865552,0.43961191033790564,0.2683233618736267
0.9617240270183338,0.4397993311036789,0.26837411522865295
0.9620456738501125,0.4399866265463056,0.26849550008773804
0.9623673206818912,0.43983957219251335,0.2685166895389557
0.96268896751367,0.43969261610424326,0.2685210108757019
0.9630106143454487,0.4395457581830327,0.2685503363609314
0.9633322611772274,0.4393989983305509,0.2686285376548767
0.9636539080090061,0.4395861148197597,0.26880282163619995
0.9639755548407848,0.4394394394394394,0.26892393827438354
0.9642972016725635,0.43929286190793865,0.26892799139022827
0.9646188485043422,0.4391463821273758,0.2694384455680847
0.9649404953361209,0.43933333333333335,0.26960599422454834
0.9652621421678996,0.4395201599466844,0.26974111795425415
0.9655837889996783,0.4397068620919387,0.2698257267475128
0.965905435831457,0.43956043956043955,0.26982587575912476
0.9662270826632358,0.43974700399467376,0.26994627714157104
0.9665487294950145,0.4399334442595674,0.27042028307914734
0.9668703763267932,0.44011976047904194,0.2704770267009735
0.9671920231585719,0.43997339541070835,0.27048465609550476
0.9675136699903506,0.4401595744680851,0.27066048979759216
0.9678353168221293,0.4400132934529744,0.2706634998321533
0.968156963653908,0.44019933554817275,0.27120670676231384
0.9684786104856867,0.44038525406841583,0.2712288796901703
0.9688002573174654,0.4402390438247012,0.27131330966949463
0.9691219041492442,0.4400929306339197,0.2713524401187897
0.9694435509810229,0.43994691439946915,0.27135300636291504
0.9697651978128016,0.44013266998341627,0.2715142071247101
0.9700868446445803,0.4399867374005305,0.2716587483882904
0.970408491476359,0.4401723566456745,0.27167749404907227
0.9707301383081377,0.4403578528827038,0.2718111574649811
0.9710517851399164,0.4405432262338523,0.27204203605651855
0.9713734319716951,0.44039735099337746,0.27206772565841675
0.9716950788034738,0.4405825885468388,0.27226540446281433
0.9720167256352525,0.44076770350761085,0.2722826600074768
0.9723383724670313,0.4406218987760503,0.2723088562488556
0.9726600192988099,0.44047619047619047,0.2723941504955292
0.9729816661305886,0.4403305785123967,0.2726040780544281
0.9733033129623673,0.4401850627891606,0.27262675762176514
0.973624959794146,0.44037000330360093,0.27264195680618286
0.9739466066259247,0.44055482166446497,0.27266862988471985
0.9742682534577034,0.4404093760316936,0.2727816700935364
0.9745899002894821,0.4402640264026403,0.27280786633491516
0.9749115471212608,0.4404486967997361,0.27296894788742065
0.9752331939530395,0.4403034300791557,0.273139625787735
0.9755548407848182,0.4404879657105176,0.2732591927051544
0.975876487616597,0.4406723796967699,0.2734687924385071
0.9761981344483757,0.4408566721581549,0.2738567590713501
0.9765197812801544,0.4407114624505929,0.2741485834121704
0.9768414281119331,0.44089562067830096,0.27428799867630005
0.9771630749437118,0.4410796576695194,0.27444663643836975
0.9774847217754905,0.4412635735439289,0.2745523154735565
0.9778063686072692,0.44144736842105264,0.27480825781822205
0.9781280154390479,0.44130220322262415,0.27495238184928894
0.9784496622708266,0.44115713346482577,0.27515971660614014
0.9787713091026053,0.44101215905356556,0.2751941978931427
0.9790929559343841,0.4411957950065703,0.27525073289871216
0.9794146027661628,0.44105090311986866,0.2753762900829315
0.9797362495979415,0.4412344057780696,0.27585849165916443
0.9800578964297202,0.4410895963242534,0.2762017846107483
0.9803795432614989,0.44127296587926507,0.27623072266578674
0.9807011900932776,0.44145621515250905,0.27634087204933167
0.9810228369250563,0.44163934426229506,0.27657368779182434
0.981344483756835,0.4414945919370698,0.27663278579711914
0.9816661305886137,0.4416775884665793,0.27676624059677124
0.9819877774203924,0.4418604651162791,0.27690231800079346
0.9823094242521712,0.44204322200392926,0.2769854962825775
0.9826310710839499,0.44222585924713587,0.27731141448020935
0.9829527179157286,0.4424083769633508,0.27822694182395935
0.9832743647475073,0.44259077526987245,0.2782573103904724
0.9835960115792859,0.44244604316546765,0.2783408463001251
0.9839176584110646,0.44230140568813336,0.27854084968566895
0.9842393052428433,0.44248366013071894,0.279101699590683
0.984560952074622,0.4423391048676903,0.27937206625938416
0.9848825989064007,0.4425212279555846,0.2797260880470276
0.9852042457381794,0.44237675481554034,0.27975186705589294
0.9855258925699582,0.44223237597911225,0.2798626720905304
0.9858475394017369,0.44241435562805875,0.2799355685710907
0.9861691862335156,0.4425962165688193,0.2800053060054779
0.9864908330652943,0.4424519074013694,0.2800612449645996
0.986812479897073,0.4426336375488918,0.2800881564617157
0.9871341267288517,0.4424894102313457,0.2806340157985687
0.9874557735606304,0.442671009771987,0.2815855145454407
0.9877774203924091,0.44285249104526214,0.2822779417037964
0.9880990672241878,0.4427083333333333,0.2824089825153351
0.9884207140559665,0.4428896843475431,0.2829188406467438
0.9887423608877453,0.44307091737150295,0.28332850337028503
0.989064007719524,0.4432520325203252,0.28409141302108765
0.9893856545513027,0.4434330299089727,0.2841346859931946
0.9897073013830814,0.4436139096522587,0.28440529108047485
0.9900289482148601,0.44346978557504874,0.28489217162132263
0.9903505950466388,0.4436505358882754,0.28502461314201355
0.9906722418784175,0.44383116883116885,0.2866336703300476
0.9909938887101962,0.44368711457319054,0.2874326705932617
0.9913155355419749,0.4435431537962362,0.2879332900047302
0.9916371823737536,0.44339928640934156,0.2879409193992615
0.9919588292055324,0.44357976653696496,0.2890333831310272
0.9922804760373111,0.4434359805510535,0.2892250120639801
0.9926021228690898,0.4436163318211277,0.2901732921600342
0.9929237697008685,0.44379656624554586,0.2902335822582245
0.9932454165326472,0.44365284974093266,0.29352861642837524
0.9935670633644259,0.4435092262868242,0.29365453124046326
0.9938887101962046,0.4436893203883495,0.29396378993988037
0.9942103570279833,0.44386929796182467,0.2943807542324066
0.9945320038597619,0.44404915912031045,0.2949206233024597
0.9948536506915406,0.4439055932751374,0.2952113747596741
0.9951752975233193,0.4440853264382676,0.2959396541118622
0.9954969443550981,0.44426494345718903,0.29616546630859375
0.9958185911868768,0.4444444444444444,0.2966544032096863
0.9961402380186555,0.4443009363900549,0.29733386635780334
0.9964618848504342,0.4444803098773402,0.29912105202674866
0.9967835316822129,0.4446595676024524,0.2992916405200958
0.9971051785139916,0.44483870967741934,0.30438241362571716
0.9974268253457703,0.44469525959367945,0.304920494556427
0.997748472177549,0.44455190199871053,0.3056246042251587
0.9980701190093277,0.4444086368030938,0.3056495785713196
0.9983917658411064,0.44458762886597936,0.31094682216644287
0.9987134126728852,0.44476650563607084,0.31183648109436035
0.9990350595046639,0.4449452672247263,0.3145986497402191
0.9993567063364426,0.4451239137431606,0.31501972675323486
0.9996783531682213,0.4453024453024453,0.3328877091407776
1.0,0.44548086201350917,0.39710190892219543
